codigo_provincia,provincia,anio,pernoctaciones_residentes_espana,viajeros_residentes_espana,pernoctaciones_residentes_extranjero,viajeros_residentes_extranjero,pernoctaciones_total,viajeros_total,estancia_media_total,estancia_media_residentes_espana,estancia_media_residentes_extranjero
01,Araba/Álava,2015,487701,279463,181491,107225,669193,386688,1.7305760716650116,1.7451362076553962,1.6926183259501049
01,Araba/Álava,2016,501649,283843,209032,117529,710680,401372,1.770626750246654,1.7673467374569745,1.7785567817304666
01,Araba/Álava,2017,554935,296429,223915,124020,778850,420450,1.852420026162445,1.8720671729149307,1.8054749233994516
01,Araba/Álava,2018,564408,295267,227253,125299,791660,420566,1.8823680468701702,1.911517372412088,1.8136856638919705
01,Araba/Álava,2019,552658,292597,229502,119525,782157,412124,1.8978681173627354,1.8888026876557176,1.9201171303074671
01,Araba/Álava,2020,264319,135072,66247,35077,330565,170149,1.9427971953993264,1.9568748519308221,1.8886164723322976
01,Araba/Álava,2021,468141,239888,119925,67294,588067,307185,1.9143740742549278,1.9514981991596079,1.7821053882961333
01,Araba/Álava,2022,583521,294842,229478,126006,812999,420849,1.9318068951096474,1.979097279220735,1.8211672460041586
01,Araba/Álava,2023,651080,318214,280811,143661,931891,461878,2.0176128761274623,2.046044485786295,1.9546780267435142
01,Araba/Álava,2024,694660,337122,313415,152454,1008077,489577,2.059077530194433,2.060559678691987,2.0558004381649546
01,Araba/Álava,2025,745920,354052,354879,157871,1100800,511928,2.1503023862730695,2.1068091692745696,2.2479049350419014
02,Albacete,2015,568340,286261,49813,23337,618150,309598,1.9966214252030052,1.985390954408739,2.134507434546
02,Albacete,2016,582029,299563,55410,28643,637440,328209,1.9421770883796605,1.9429268634644465,1.934504067311385
02,Albacete,2017,616200,314157,65606,30111,681806,344267,1.9804570289920322,1.961439662334438,2.1788050878416527
02,Albacete,2018,632854,325909,59618,32402,692471,358314,1.932581478814671,1.941811978190231,1.8399481513486822
02,Albacete,2019,672118,347685,73183,36564,745298,384249,1.9396224843786192,1.9331233731682413,2.0015042117930206
02,Albacete,2020,276698,163957,34419,14021,311118,177979,1.7480601644014182,1.687625413980495,2.45481777333999
02,Albacete,2021,453512,264371,45860,21620,499373,285989,1.7461265992747972,1.7154377749450582,2.1211840888066607
02,Albacete,2022,643212,339510,85848,38589,729062,378099,1.9282304370019492,1.8945303525669348,2.2246754256394308
02,Albacete,2023,686186,342257,83090,40814,769274,383071,2.0081760300309863,2.0048852178333827,2.0358210417993825
02,Albacete,2024,744515,347136,88048,46913,832562,394048,2.112844120513237,2.1447357807890857,1.8768358450749258
02,Albacete,2025,775103,372729,90369,51675,865473,424405,2.0392620256594527,2.0795349972768418,1.7487953555878084
03,Alicante/Alacant,2015,8416856,2244723,8138343,1536200,16555200,3780922,4.378614528413969,3.74961899530588,5.297710584559302
03,Alicante/Alacant,2016,8736468,2303761,9060152,1761377,17796620,4065138,4.377863678920617,3.792263173132977,5.143789205831574
03,Alicante/Alacant,2017,8130018,2344255,9919845,2041052,18049863,4385308,4.115985239805277,3.4680604285796552,4.860162798400041
03,Alicante/Alacant,2018,8130481,2386988,9849942,2052473,17980425,4439462,4.050136029996428,3.406167521579497,4.799060450490701
03,Alicante/Alacant,2019,8623618,2578721,9198413,2003803,17822031,4582523,3.8891307255850105,3.344145411620722,4.590477706640822
03,Alicante/Alacant,2020,2950699,1158176,1820155,462927,4770852,1621103,2.9429666097712484,2.5477120921172602,3.9318402253487053
03,Alicante/Alacant,2021,5585174,1972812,2721084,736406,8306259,2709218,3.065924927414479,2.8310726009371394,3.695086677729405
03,Alicante/Alacant,2022,7839888,2417966,8240105,1868986,16079995,4286953,3.75091469395629,3.242348320861418,4.408863950826812
03,Alicante/Alacant,2023,7636985,2438391,9657950,2189594,17294937,4627982,3.7370363583955166,3.131977193157291,4.41084054852178
03,Alicante/Alacant,2024,7713673,2403927,10837541,2440889,18551215,4844818,3.829083982102114,3.208780050309348,4.439997476329321
03,Alicante/Alacant,2025,7456812,2429001,11476067,2634352,18932879,5063353,3.7391979188494266,3.0699089872750154,4.356314949558753
04,Almería,2015,3583300,1016722,1226613,238201,4809912,1254923,3.832834365136347,3.524365559120389,5.149487197786743
04,Almería,2016,3816768,1061681,1698367,313928,5515132,1375607,4.009235195808105,3.5950233638917903,5.41005262353151
04,Almería,2017,3625650,1051823,1927167,355400,5552819,1407222,3.945943852498042,3.447015324821762,5.4225295441755765
04,Almería,2018,3789743,1137121,1780686,355766,5570430,1492886,3.731316389865,3.3327526270291377,5.005216912240068
04,Almería,2019,3760491,1151028,1645014,341883,5405503,1492910,3.6207829005097425,3.267071695910091,4.811628539588105
04,Almería,2020,1350200,476655,245205,75527,1595407,552182,2.889277448377528,2.832656743346865,3.246587313146292
04,Almería,2021,2632004,843715,467717,132666,3099721,976380,3.174707593355046,3.119541551353241,3.5255227413203083
04,Almería,2022,3491483,1100004,1185759,277106,4677243,1377110,3.3964193129089177,3.1740639124948635,4.279080929319466
04,Almería,2023,3598772,1117611,1302160,301633,4900931,1419244,3.453198322487183,3.2200577839695566,4.317034276753538
04,Almería,2024,3788860,1143600,1349042,334793,5137903,1478392,3.4753319823159217,3.3130989856593214,4.029480903125215
04,Almería,2025,3952722,1245967,1362179,326016,5314903,1571984,3.3810159645390794,3.172413073540471,4.178258122300746
05,Ávila,2015,481694,308737,96874,53367,578568,362103,1.597799521130728,1.5602082030984301,1.8152416287218693
05,Ávila,2016,451313,292631,73288,43672,524601,336303,1.5599057992346188,1.54225970590949,1.678146180619161
05,Ávila,2017,522007,332649,87812,57787,609820,390437,1.5618909068556515,1.569242655171066,1.5195805284925676
05,Ávila,2018,542092,351486,73364,47159,615452,398646,1.5438559523988702,1.5422861792503826,1.5556733603341886
05,Ávila,2019,550398,352255,85744,52150,636142,404407,1.5730242058124613,1.5624987580020155,1.6441802492809203
05,Ávila,2021,357479,218007,35658,16818,393134,234825,1.674157351218993,1.6397592737847868,2.120228326792722
05,Ávila,2022,480811,304308,83827,40091,564637,344402,1.6394707347808666,1.5800143275891532,2.090918161183308
05,Ávila,2023,546983,341497,92110,52311,639095,393808,1.6228593629382846,1.601721244988975,1.7608151249259238
05,Ávila,2024,545781,341591,105610,63438,651392,405027,1.6082680907692573,1.5977616506289685,1.66477505596015
05,Ávila,2025,526032,328855,100742,64609,626773,393465,1.5929574422121409,1.5995864438734397,1.559256450339736
06,Badajoz,2015,882706,513772,156885,117114,1039593,630886,1.6478301943615803,1.7180889577477947,1.3395921922229623
06,Badajoz,2016,910203,536662,146972,107396,1057176,644056,1.6414349062814413,1.6960451830015912,1.3685053447055757
06,Badajoz,2017,968565,554816,175276,130904,1143840,685721,1.6680836666807637,1.7457409303264506,1.3389659597873251
06,Badajoz,2018,1042590,598420,204069,145594,1246659,744015,1.6755831535654524,1.7422378931185456,1.401630561698971
06,Badajoz,2019,1050785,596371,232380,167641,1283165,764012,1.679508960592242,1.7619652867091122,1.386176412691406
06,Badajoz,2020,469941,279790,66967,40909,536910,320698,1.6741919188769496,1.6796204296079202,1.6369747488327753
06,Badajoz,2021,758009,449527,87798,56157,845805,505687,1.6725860067591218,1.6862368667510517,1.5634382178535178
06,Badajoz,2022,1085667,612486,164439,108656,1250108,721142,1.7335115691500427,1.7725580666333598,1.513390884994846
06,Badajoz,2023,1093491,588683,204024,130433,1297517,719114,1.8043272693898325,1.857520940811948,1.564205377473492
06,Badajoz,2024,1111188,621601,233596,157012,1344784,778614,1.727151065868325,1.787622606784738,1.4877588974091152
06,Badajoz,2025,1044936,588481,243435,169622,1288372,758102,1.6994705197981275,1.7756495111991721,1.435161712513707
07,"Balears, Illes",2015,4772066,1183091,49841165,7650393,54613230,8833485,6.182523658556051,4.033557858186733,6.51485028285475
07,"Balears, Illes",2016,4636400,1200657,54075963,8678050,58712364,9878710,5.943322964233184,3.8615524666911534,6.231349554335363
07,"Balears, Illes",2017,5165590,1344722,54210352,8820337,59375939,10165058,5.841180542206449,3.8413813412735123,6.146063580110375
07,"Balears, Illes",2018,4921626,1343598,54252065,8979212,59173693,10322811,5.7323235889914095,3.6630197425122693,6.041962813663382
07,"Balears, Illes",2019,4737956,1396579,53380981,9185485,58118938,10582064,5.492211916314247,3.3925442098155565,5.811449368215179
07,"Balears, Illes",2020,1855953,616581,4107717,806647,5963669,1423226,4.190247367600086,3.010071669415697,5.092335309001335
07,"Balears, Illes",2021,3938684,1175473,21879613,3906904,25818297,5082378,5.0799639460111,3.350722645267054,5.600243312863587
07,"Balears, Illes",2022,5430689,1610612,50068336,9217010,55499026,10827618,5.125691172333564,3.3718170484263124,5.4321668306750235
07,"Balears, Illes",2023,5498531,1577408,53543844,9959819,59042373,11537228,5.117552760507117,3.485801390635777,5.375985647931955
07,"Balears, Illes",2024,5451109,1609420,57589493,10794925,63040602,12404346,5.0821383086218335,3.3870021498428007,5.334867356651389
07,"Balears, Illes",2025,5129008,1472716,58260002,10945485,63389010,12418200,5.104524810358989,3.4826864106861066,5.32274284785005
08,Barcelona,2015,6114105,3059653,23042843,7692177,29156950,10751829,2.7118130319966958,1.9983001340348072,2.9956204855920503
08,Barcelona,2016,6643367,3387609,24473974,8321802,31117341,11709408,2.657464920515196,1.9610784479554755,2.940946444051421
08,Barcelona,2017,6761916,3371128,25435181,8695237,32197097,12066363,2.668334857819212,2.005831875858763,2.925185477980646
08,Barcelona,2018,6119306,3217753,25969787,9061773,32089093,12279527,2.613218978222858,1.9017326687287681,2.8658615703571475
08,Barcelona,2019,6056645,3161272,27396307,9650212,33452948,12811488,2.6111680391848315,1.9158886043339516,2.838933175768574
08,Barcelona,2020,2375377,1283717,4349227,1723524,6724605,3007241,2.2361377089498315,1.8503899223894362,2.5234502101508305
08,Barcelona,2021,4672052,2282954,8233961,2868532,12906011,5151486,2.5052986652783296,2.0464941474948684,2.8704441853882057
08,Barcelona,2022,6799751,3320019,23450444,7951862,30250195,11271883,2.683686035421056,2.048106049995497,2.949050675175198
08,Barcelona,2023,6905846,3540995,26846780,9323172,33752627,12864170,2.6237702859959096,1.9502557896862323,2.879575749541036
08,Barcelona,2024,6544050,3368996,28085901,9807269,34629950,13176265,2.628206855281068,1.9424332946670164,2.863784097285391
08,Barcelona,2025,6474430,3493643,28166882,10379519,34641313,13873159,2.4970025211993896,1.8532030891536428,2.7136981973827496
09,Burgos,2015,828342,536713,355836,277428,1184180,814141,1.4545146356712166,1.5433611632287647,1.282624680998313
09,Burgos,2016,897669,559229,408485,306122,1306155,865351,1.5093932982107838,1.605190360299627,1.334386290433226
09,Burgos,2017,933854,583233,412554,320889,1346410,904121,1.4891922651945924,1.6011679723198105,1.2856595271262026
09,Burgos,2018,924687,568276,399753,304622,1324440,872895,1.5172958946952382,1.6271793987428644,1.3122919552757188
09,Burgos,2019,929765,579492,410588,311014,1340354,890508,1.5051566072399125,1.6044483789249895,1.3201592211283093
09,Burgos,2020,360665,218023,101001,74934,461666,292958,1.575877770875006,1.6542520743224338,1.347866122187525
09,Burgos,2021,657319,406854,170660,126424,827978,533281,1.552611099964184,1.6156139548830784,1.3499019173574638
09,Burgos,2022,952476,586432,379978,286573,1332449,873005,1.5262787727447151,1.6241883116883118,1.325937893660603
09,Burgos,2023,1004504,608535,422373,318724,1426875,927258,1.5388112046485445,1.650692236272359,1.3251998594395151
09,Burgos,2024,1011964,614174,451501,349645,1463464,963818,1.5184028519907284,1.6476829041932741,1.2913126170830413
09,Burgos,2025,988601,618689,498291,375022,1486892,993709,1.4963052563678099,1.5978965198993356,1.3286980497144167
10,Cáceres,2015,976475,554711,142231,92344,1118706,647052,1.7289275050536896,1.7603310552702218,1.540230009529585
10,Cáceres,2016,1082667,581647,158323,96194,1240993,677841,1.8308025038320197,1.8613815596057401,1.645871883901283
10,Cáceres,2017,1066251,585382,158613,101557,1224861,686940,1.7830683902524238,1.821461883009727,1.5618125781580787
10,Cáceres,2018,1061267,588528,176455,110703,1237723,699231,1.7701203178920843,1.8032565995160807,1.59394957679557
10,Cáceres,2019,1052342,588655,185327,118380,1237670,707035,1.7505074006237316,1.7877058718604275,1.5655262713296165
10,Cáceres,2020,469488,270910,45222,27976,514710,298885,1.7221004734262342,1.7330035805248976,1.6164569631112382
10,Cáceres,2021,767757,434948,72931,42383,840691,477330,1.7612364611484717,1.7651696294729484,1.720760682349055
10,Cáceres,2022,1044435,567514,156376,93818,1200811,661333,1.8157433547093522,1.840368695750237,1.6668016798482168
10,Cáceres,2023,1085743,581435,174701,105973,1260443,687408,1.833617007657752,1.8673506066886238,1.6485425532918763
10,Cáceres,2024,1133256,609205,179672,111645,1312929,720850,1.82136228064091,1.8602211078372632,1.6093152402705002
10,Cáceres,2025,1027132,553413,185477,109497,1212610,662910,1.8292226697440075,1.8559954319829857,1.6939002895056485
11,Cádiz,2015,4018457,1542039,2843757,754508,6862214,2296548,2.9880559866373355,2.605937333621264,3.76902166709962
11,Cádiz,2016,4080842,1578231,3292245,885022,7373087,2463255,2.9932292840164743,2.5857064016611004,3.719958373916129
11,Cádiz,2017,4109135,1607555,3541599,958689,7650734,2566242,2.9812987239706934,2.556139603310618,3.6942105312567475
11,Cádiz,2018,4299525,1672042,3470559,976067,7770084,2648107,2.934203187408968,2.5714216508915446,3.555656527676891
11,Cádiz,2019,4610598,1796854,3404368,995131,8014966,2791986,2.8707042227289103,2.56592800528034,3.4210249705817626
11,Cádiz,2020,2464787,1005218,608463,228537,3073251,1233757,2.49096945346612,2.4519925031187264,2.6624266530146103
11,Cádiz,2021,4209651,1546304,1206036,360818,5415687,1907123,2.839715634492374,2.722395466868093,3.342505085666458
11,Cádiz,2022,4941047,1904836,2752709,786943,7693754,2691778,2.858242395918237,2.593948770392832,3.497977617184472
11,Cádiz,2023,5113255,2000438,3021286,888577,8134543,2889014,2.815681405489901,2.556067721169064,3.4001397740432173
11,Cádiz,2024,5216651,1930677,3235022,922469,8451672,2853147,2.9622280240029695,2.701980186224832,3.50691676359856
11,Cádiz,2025,5441604,1999203,3291070,935338,8732675,2934543,2.9758211074092284,2.721886671838728,3.5185890020505957
12,Castellón/Castelló,2015,3000048,916491,558430,175030,3558476,1091521,3.2601076845979144,3.273406940166352,3.1904816317202767
12,Castellón/Castelló,2016,3216933,1006217,549020,181213,3765951,1187429,3.171516781213866,3.1970568972696745,3.029694337602711
12,Castellón/Castelló,2017,3297738,1018180,625994,197846,3923734,1216027,3.2266832891046007,3.2388556050992947,3.164046783862196
12,Castellón/Castelló,2018,3242443,1018769,575134,194459,3817579,1213230,3.14662430042119,3.182706776511653,2.9576106017206714
12,Castellón/Castelló,2019,3350397,1057987,591521,210239,3941918,1268226,3.10821415110556,3.1667657542105907,2.813564562236312
12,Castellón/Castelló,2020,1143694,434473,145781,61926,1289475,496403,2.5976374034806398,2.632370711183434,2.354116203210283
12,Castellón/Castelló,2021,2165439,756464,273473,101911,2438912,858374,2.841316256084178,2.8625803739503795,2.683449284179333
12,Castellón/Castelló,2022,2748562,924250,568367,203698,3316930,1127949,2.940673736135233,2.973829591560725,2.79024339954246
12,Castellón/Castelló,2023,2739994,935296,623575,225304,3363566,1160600,2.8981268309495087,2.929547437388805,2.7677049675105634
12,Castellón/Castelló,2024,3011970,970499,650528,243469,3662499,1213968,3.016965027084734,3.1035271545874856,2.6719130566930493
12,Castellón/Castelló,2025,3194128,1042923,697249,253575,3891374,1296499,3.001447745042611,3.0626690561048133,2.7496756383712904
13,Ciudad Real,2015,552894,323714,76035,44338,628928,368053,1.7087973742912026,1.7079706160376134,1.7148946727412153
13,Ciudad Real,2016,596845,353437,75735,44363,672579,397797,1.6907593571595563,1.688688507428481,1.7071658814778081
13,Ciudad Real,2017,637571,371809,78956,49366,716531,421174,1.7012707337110078,1.7147809762539368,1.5994003970343962
13,Ciudad Real,2018,637698,379752,97999,57645,735701,437397,1.6819982761655887,1.6792485622195539,1.7000433688958279
13,Ciudad Real,2019,624551,371593,98193,60385,722744,431976,1.6731114691556939,1.680739411129919,1.6261157572244762
13,Ciudad Real,2020,261339,161078,31062,16334,292402,177411,1.6481616134287052,1.6224375768261339,1.9016774825517326
13,Ciudad Real,2021,447188,273465,47001,24772,494188,298241,1.6570089290204901,1.6352659389684236,1.8973437752300986
13,Ciudad Real,2022,636850,378768,83106,45658,719957,424427,1.696303486818699,1.681372238415072,1.8201848525997635
13,Ciudad Real,2023,637977,378647,84223,53176,722202,431824,1.6724452554744527,1.6848859227723976,1.5838536181736123
13,Ciudad Real,2024,649576,371318,89808,56971,739386,428287,1.7263797406879031,1.7493792382809343,1.5763809657545067
13,Ciudad Real,2025,668186,391430,104078,60328,772261,451756,1.7094648438537619,1.7070382954806733,1.7252022278212438
14,Córdoba,2015,1098008,650848,750035,484417,1848041,1135263,1.6278527530625062,1.6870421357982202,1.5483251000687424
14,Córdoba,2016,1181126,696015,752775,490894,1933906,1186908,1.629364702234714,1.6969835420213646,1.5334776957958338
14,Córdoba,2017,1218678,715889,779889,518156,1998567,1234045,1.6195252199068915,1.7023281542250266,1.505123939508565
14,Córdoba,2018,1219292,702256,737387,478463,1956680,1180719,1.6571936252402137,1.7362500284796427,1.5411578324760744
14,Córdoba,2019,1252788,725475,802916,490244,2055705,1215718,1.6909390171075858,1.7268520624418484,1.6377885297933275
14,Córdoba,2020,514768,293691,166022,94387,680790,388077,1.75426526179083,1.7527537445818906,1.7589498553826268
14,Córdoba,2021,826939,470032,254505,148639,1081443,618672,1.748007021491194,1.7593248970282875,1.7122356851162885
14,Córdoba,2022,1175556,667792,609025,,1784583,1032819,1.7278758427178431,1.7603625080863503,
14,Córdoba,2023,1234131,692396,707718,433951,1941850,1126345,1.7240277179727348,1.7824063108394619,1.6308707665151134
14,Córdoba,2024,1162415,655898,837373,499367,1999785,1155267,1.7310154276024503,1.7722496485734063,1.6768689160477164
14,Córdoba,2025,1182954,678393,805001,490217,1987955,1168611,1.7011263799502143,1.7437591484581947,1.6421319538082115
15,"Coruña, A",2015,2280719,1219363,1131831,725506,3412550,1944870,1.7546416984168607,1.8704184069879108,1.560057394425408
15,"Coruña, A",2016,2418323,1337243,1120533,723329,3538855,2060573,1.7174130690832112,1.8084394534127306,1.5491332436553766
15,"Coruña, A",2017,2487772,1316714,1196652,746141,3684426,2062856,1.7860800753906234,1.8893791666223645,1.6037880239793818
15,"Coruña, A",2018,2392331,1250479,1091976,625403,3484306,1875882,1.8574228016474383,1.9131316879371825,1.746035756144438
15,"Coruña, A",2019,2532791,1284969,1153450,652504,3686239,1937474,1.9026004994131533,1.9710911313813797,1.7677286269509458
15,"Coruña, A",2020,1178723,579941,210081,95373,1388804,675314,2.0565307397743866,2.0324877875508025,2.202730332484036
15,"Coruña, A",2021,2246515,1117404,439819,238994,2686334,1356396,1.9804938970625097,2.0104769626741983,1.8402930617505042
15,"Coruña, A",2022,2747970,1462506,1210239,707304,3958208,2169808,1.8242203918503388,1.8789461376568712,1.7110591768178889
15,"Coruña, A",2023,2710586,1471033,1409877,842680,4120466,2313714,1.7808882169533486,1.8426411915980132,1.6730870555845636
15,"Coruña, A",2024,2638608,1452813,1458740,892568,4097350,2345384,1.7469847155092726,1.8162062151150906,1.6343180575597602
15,"Coruña, A",2025,2709663,1491610,1426981,869339,4136642,2360950,1.7521091086215295,1.8166028653602484,1.6414551745636627
16,Cuenca,2015,409513,243853,47471,30403,456985,274254,1.6662838098988528,1.6793437029685918,1.561391967897905
16,Cuenca,2016,458364,269975,56353,31948,514715,301924,1.7047833229554457,1.6978016483007685,1.7638975835733066
16,Cuenca,2017,455298,262659,64643,35081,519941,297738,1.7463037972982958,1.7334186150103366,1.842678372908412
16,Cuenca,2018,476564,279507,67676,36326,544238,315835,1.723171909383064,1.7050163323279919,1.8630182238616968
16,Cuenca,2019,476140,278792,72935,40218,549076,319012,1.7211766328539366,1.7078682315130993,1.8134914714804315
16,Cuenca,2020,240386,130318,20014,11783,260399,142102,1.832479486565988,1.8446108749366934,1.6985487566833575
16,Cuenca,2021,389897,207732,36992,21834,426888,229567,1.8595355604246255,1.8769231509829973,1.694238343867363
16,Cuenca,2022,485108,266747,68776,35721,553882,302465,1.8312267535086704,1.81860714459769,1.925366031186137
16,Cuenca,2023,479474,266398,67485,36373,546958,302775,1.806483362232681,1.7998408396459433,1.855359744865697
16,Cuenca,2024,477550,270759,69743,37275,547293,308033,1.7767349602153015,1.7637456187975284,1.8710395707578806
16,Cuenca,2025,469085,267883,66709,36958,535794,304839,1.7576294371783139,1.7510816289200883,1.8049948590291682
17,Girona,2015,3901687,1652444,7724982,1862223,11626667,3514666,3.308043210933841,2.3611614069826268,4.148258291300237
17,Girona,2016,4189015,1720945,8217802,2015476,12406819,3736423,3.320507073208788,2.4341364773423906,4.077350462124084
17,Girona,2017,3900692,1630965,8178636,2103912,12079327,3734875,3.2341984671508417,2.3916466631718034,3.8873469993041536
17,Girona,2018,3935213,1730514,8203913,2194907,12139126,3925418,3.0924416202299985,2.2740139634813703,3.7377041487406983
17,Girona,2019,3925778,1717387,8479173,2306352,12404950,4023739,3.0829410158064428,2.285901779855094,3.6764435784303524
17,Girona,2020,2247176,1045479,1224178,481970,3471355,1527446,2.2726531739910936,2.1494224178582257,2.539946469697284
17,Girona,2021,3563278,1624152,2964813,951332,6528091,2575485,2.5347035606885693,2.193931356178486,3.1164861478432346
17,Girona,2022,4054306,1865297,7194143,2077779,11248452,3943077,2.8527091913244402,2.1735444811201647,3.4624197279883955
17,Girona,2023,3975508,1835120,8423408,2413693,12398914,4248816,2.918204506855557,2.1663477047822486,3.489842328746862
17,Girona,2024,3729469,1702984,9029823,2586147,12759295,4289133,2.974795838692808,2.1899612679860763,3.49161242574378
17,Girona,2025,4054716,1876213,8908096,2590515,12962810,4466726,2.9020830917320652,2.1611171013099257,3.438735541002465
18,Granada,2015,3105001,1444282,2492860,1215172,5597865,2659451,2.1048949576435136,2.1498578532447263,2.0514462150214126
18,Granada,2016,3218684,1536608,2574583,1303656,5793265,2840265,2.0396917189065107,2.0946682563152086,1.974894450683309
18,Granada,2017,3231579,1500198,2687913,1356125,5919493,2856323,2.0724172301241843,2.1541016585810673,1.9820540141948566
18,Granada,2018,3450182,1626150,2834003,1416432,6284188,3042578,2.065415578499549,2.1216874212096055,2.0008041332023
18,Granada,2019,3530575,1708416,3067081,1561962,6597656,3270379,2.0173979835364646,2.066578046564771,1.963607949489168
18,Granada,2020,1417206,744376,628589,301781,2045794,1046159,1.9555287484980772,1.903884595956882,2.0829309996321834
18,Granada,2021,2189238,1090478,788600,334311,2977840,1424788,2.0900232174891986,2.0075948345587897,2.358881400851303
18,Granada,2022,3254980,1646684,1958789,926328,5213766,2573012,2.0263278989759863,1.976687694785399,2.11457388743512
18,Granada,2023,3192310,1618166,2355372,1134690,5547685,2752860,2.0152441460880683,1.9727951273231548,2.07578457552283
18,Granada,2024,3133222,1542401,2818130,1311662,5951351,2854062,2.0852213441754244,2.031392614501676,2.148518444538303
18,Granada,2025,3252968,1558934,2854915,1311817,6107882,2870748,2.127627364018019,2.0866617829876057,2.176305841439774
19,Guadalajara,2015,357181,221902,50331,29096,407511,250997,1.6235692060064464,1.6096339825688817,1.729825405554028
19,Guadalajara,2016,410953,259464,55979,33188,466931,292652,1.5955161762092862,1.5838536367280238,1.6867241171507774
19,Guadalajara,2017,403750,257231,69551,40551,473301,297780,1.5894317952851098,1.5696008645925257,1.7151488249364997
19,Guadalajara,2018,426208,267948,78973,44116,505180,312064,1.6188345980311731,1.5906369892665742,1.7901214978692537
19,Guadalajara,2019,425530,262526,67429,38692,492960,301218,1.6365555843276298,1.6209061197748034,1.742711671663393
19,Guadalajara,2020,212636,117461,29907,11835,242540,129295,1.8758652693452957,1.8102689403291305,2.5269961977186313
19,Guadalajara,2021,310729,181312,35240,16335,345969,197646,1.750447770255912,1.7137806653723968,2.1573308846036117
19,Guadalajara,2022,386331,230888,88923,31564,475253,262451,1.8108256398337212,1.6732398392294099,2.8172284881510583
19,Guadalajara,2023,402141,225156,73563,34266,475702,259422,1.8336995320366045,1.7860550018653734,2.1468219226054983
19,Guadalajara,2024,420939,242288,67297,34962,488233,277249,1.7609910225104508,1.7373497655682493,1.924861277958927
19,Guadalajara,2025,466585,262385,83874,41113,550456,303498,1.8137055268897984,1.7782457076433484,2.040084644759565
20,Gipuzkoa,2015,1162803,593707,859910,426456,2022713,1020162,1.9827370554872656,1.9585468926591736,2.0164096647719814
20,Gipuzkoa,2016,1189540,611859,953972,462973,2143514,1074835,1.9942726092842158,1.9441407252324474,2.060534847604504
20,Gipuzkoa,2017,1243393,621944,996003,488137,2239395,1110082,2.0173239454382648,1.9992041084084742,2.040416932131758
20,Gipuzkoa,2018,1283258,631307,1053980,519208,2337238,1150513,2.0314746552190197,2.032700413586417,2.029976425632887
20,Gipuzkoa,2019,1268430,639533,1126696,557555,2395125,1197090,2.0007894143297498,1.9833691146508468,2.0207800127341695
20,Gipuzkoa,2020,646024,334687,319812,182955,965837,517643,1.8658361071240217,1.9302333224774193,1.7480364023940314
20,Gipuzkoa,2021,1130836,577268,549449,306255,1680283,883521,1.901803126354665,1.9589445456876182,1.7940898924099198
20,Gipuzkoa,2022,1347245,678634,1261097,610529,2608342,1289163,2.023283324141323,1.9852306250497322,2.0655808323601335
20,Gipuzkoa,2023,1430364,712698,1426589,728143,2856954,1440841,1.982837800978734,2.006970694459645,1.9592154288374675
20,Gipuzkoa,2024,1459165,742696,1573067,800897,3032230,1543597,1.9643922604151214,1.964686762820858,1.9641314675919626
20,Gipuzkoa,2025,1539240,763031,1743928,867606,3283166,1630638,2.013424193475192,2.0172705958211394,2.0100460347208293
21,Huelva,2015,2521792,726865,955738,186298,3477529,913163,3.8082237234754364,3.4694090374416158,5.130157060193883
21,Huelva,2016,2607423,768453,1281964,233606,3889389,1002059,3.8813972031586963,3.3930806438389856,5.487718637363766
21,Huelva,2017,2587792,771719,1486961,272239,4074753,1043957,3.903180878139617,3.353282736332784,5.461969078640459
21,Huelva,2018,2754204,758099,1289542,224888,4043745,982987,4.113731921174949,3.633040011924564,5.7341521112731675
21,Huelva,2019,2879914,826436,1291736,252511,4171649,1078946,3.8664112939850557,3.4847392901567695,5.115563282391658
21,Huelva,2020,1336495,408032,164797,39123,1501293,447154,3.3574406133010104,3.2754661399105953,4.212279221941058
21,Huelva,2021,2213700,675939,383502,91176,2597204,767119,3.3856598519916727,3.2749996671297263,4.206172677020269
21,Huelva,2022,2666647,852688,1056864,231222,3723510,1083911,3.4352543705156604,3.127342005516672,4.570776137218777
21,Huelva,2023,2495963,845188,1284554,276435,3780519,1121624,3.370576057573661,2.9531453357122914,4.646857308227974
21,Huelva,2024,2580082,839390,1440278,298762,4020362,1138150,3.5323656811492334,3.0737583244975517,4.820820586286074
21,Huelva,2025,2536148,834403,1418896,298795,3955040,1133198,3.490157942389591,3.0394761284415326,4.748727388343179
22,Huesca,2015,1468613,635589,295677,139068,1764289,774660,2.2775010972555703,2.310633129270645,2.1261325394770902
22,Huesca,2016,1625879,702036,329301,152734,1955179,854769,2.287377057427211,2.315948184993362,2.156042531459924
22,Huesca,2017,1777897,745153,332173,154563,2110068,899714,2.3452652731868127,2.38594892592528,2.1491107186066523
22,Huesca,2018,1695338,720060,336184,146567,2031522,866625,2.3441765469493725,2.3544399077854625,2.2937223249435412
22,Huesca,2019,1735171,738832,330357,153036,2065528,891869,2.3159544731345076,2.3485325486714164,2.158688151807418
22,Huesca,2020,1011821,420474,120696,52314,1132515,472789,2.39539202477215,2.406381845250836,2.307145314829682
22,Huesca,2021,1266323,535604,184743,78415,1451066,614018,2.3632303938972474,2.3642896617650355,2.355965057705796
22,Huesca,2022,1731079,717110,336352,148664,2067432,865776,2.3879525419970062,2.413965779308614,2.2624979820265834
22,Huesca,2023,1726177,730339,327984,150052,2054160,880393,2.3332307276409514,2.363528443640556,2.185802255218191
22,Huesca,2024,1758287,774263,356894,167905,2115182,942169,2.2450133680900137,2.2709169881551876,2.1255710074149072
22,Huesca,2025,1834919,824298,343943,167669,2178866,991967,2.1965105694040226,2.2260383987344383,2.051321353380768
23,Jaén,2015,744826,416655,110555,75512,855380,492168,1.7379837778969782,1.7876324537087038,1.464071935586397
23,Jaén,2016,785796,443996,121618,80075,907415,524069,1.731480015036188,1.7698267551959928,1.5188011239463004
23,Jaén,2017,826277,459997,131150,83519,957427,543518,1.761536876423596,1.7962660626047562,1.5703013685508687
23,Jaén,2018,848152,468665,120094,73218,968247,541885,1.7868127001116474,1.809719095729359,1.64022508126417
23,Jaén,2019,824977,459233,115078,72468,940053,531700,1.7680139176227196,1.7964236019624025,1.5879836617541536
23,Jaén,2020,402211,226001,27367,16281,429574,242280,1.7730477133894667,1.779686815545064,1.68091640562619
23,Jaén,2021,653612,365565,46960,27536,700572,393100,1.7821724751971508,1.7879501593423879,1.705403834979663
23,Jaén,2022,883893,476244,104184,60032,988079,536278,1.8424753579300288,1.8559666893441178,1.7354744136460554
23,Jaén,2023,882806,475598,117267,67062,1000073,542660,1.8429090037961153,1.8562020866361928,1.748635590945692
23,Jaén,2024,931160,512322,124559,75638,1055719,587959,1.7955656771985802,1.8175288197656942,1.646778074512811
23,Jaén,2025,949780,521377,117151,71677,1066932,593055,1.799043933530617,1.8216760616597971,1.6344294543577438
24,León,2015,1021284,610692,224702,164671,1245984,775365,1.6069644618985897,1.6723389204377985,1.3645511352940105
24,León,2016,1064259,631809,254686,186000,1318944,817808,1.6127795277131063,1.684463184285124,1.3692795698924731
24,León,2017,1074554,614770,244415,162279,1318968,777048,1.6974086542916267,1.7478959610911398,1.506140658988532
24,León,2018,927544,561592,244746,176460,1172288,738052,1.588354208104578,1.6516332141483496,1.386977218633118
24,León,2019,1013595,610385,246837,181728,1260432,792111,1.5912315319443866,1.6605830746168402,1.358277205493925
24,León,2021,800618,462696,96065,64929,896681,527623,1.6994729191108044,1.7303326590244998,1.479539188960249
24,León,2022,1075072,648530,245377,173887,1320448,822416,1.6055718760335402,1.6577058887021419,1.41112906657772
24,León,2023,1100021,676333,274673,193392,1374696,869727,1.5806063281926397,1.6264488055440145,1.4202914288078101
24,León,2024,1123046,699719,303058,208746,1426104,908467,1.569791748076705,1.6049957197103408,1.4518026692727046
24,León,2025,1169132,704685,293265,204485,1462400,909171,1.6084982913005363,1.6590845555106182,1.4341638751008632
25,Lleida,2015,1382385,624513,271615,129623,1654001,754134,2.193245497484532,2.213540790984335,2.09542288019873
25,Lleida,2016,1434970,660280,303025,136361,1737995,796643,2.181648492486597,2.173274974253347,2.222226296375063
25,Lleida,2017,1531856,714577,313586,147538,1845439,862114,2.1405974151910305,2.1437241892756136,2.125459203730564
25,Lleida,2018,1564932,748140,352323,169414,1917256,917554,2.089529335603136,2.0917635736626834,2.0796569350821064
25,Lleida,2019,1601802,779779,382690,172561,1984490,952339,2.083806291667148,2.0541743237507037,2.217708520465227
25,Lleida,2020,988259,431390,163335,63012,1151595,494401,2.3292732013082498,2.2908713692946057,2.5921253094648637
25,Lleida,2021,1214676,570316,150814,74035,1365489,644351,2.1191695209598493,2.129829778578893,2.0370635510231647
25,Lleida,2022,1646123,730960,363668,159668,2009792,890627,2.256603493943031,2.252001477509029,2.2776511260866297
25,Lleida,2023,1637105,743852,403948,189665,2041051,933515,2.1864147871217923,2.2008477492834597,2.129797274141249
25,Lleida,2024,1690429,758609,424899,200933,2115329,959544,2.2045148528884555,2.228327109222274,2.1146302498842897
25,Lleida,2025,1746371,788722,442848,205228,2189222,993954,2.2025385480615802,2.214178126133162,2.157834213655057
26,"Rioja, La",2015,826388,476319,170078,110131,996465,586452,1.6991416177283052,1.734946537929413,1.5443244862935959
26,"Rioja, La",2016,833346,467035,190983,114710,1024332,581746,1.760789072894356,1.7843330799618873,1.6649202336326387
26,"Rioja, La",2017,854564,475099,187148,111229,1041714,586328,1.776674489364315,1.798707216811654,1.6825468178262863
26,"Rioja, La",2018,812211,451927,195596,114637,1007804,566564,1.7787999237508914,1.797217249688556,1.7062205047236059
26,"Rioja, La",2019,800326,448059,199424,124737,999753,572796,1.745391029266964,1.7862067272390467,1.5987557821656766
26,"Rioja, La",2020,309260,178378,40133,22502,349393,200884,1.7392773939188786,1.7337339806478378,1.7835303528575237
26,"Rioja, La",2021,532632,309246,88223,53059,620856,362306,1.7136232908094262,1.722356958537863,1.6627339376920032
26,"Rioja, La",2022,733888,415570,182963,112604,916852,528176,1.7358834933809941,1.7659792574054913,1.6248357074349047
26,"Rioja, La",2023,781558,438888,207237,121625,988794,560513,1.7640875412345476,1.7807686699112302,1.7039013360739979
26,"Rioja, La",2024,794119,459166,232536,139268,1026652,598434,1.715564289462163,1.7294812769238141,1.6697015825602435
26,"Rioja, La",2025,892235,517982,262587,155123,1154823,673107,1.7156603630626335,1.72252124591202,1.6927663853845014
27,Lugo,2015,793859,507096,233211,203595,1027073,710693,1.4451711217079668,1.565500418066796,1.1454652619170411
27,Lugo,2016,834742,478197,236019,205384,1070761,683582,1.5663973012747556,1.745602753676832,1.149159622950181
27,Lugo,2017,852391,472952,237425,203623,1089815,676573,1.6107870104186837,1.8022780324430385,1.166002858223285
27,Lugo,2018,869091,450398,179865,137621,1048956,588019,1.783881133092638,1.9296067034045443,1.306958967018115
27,Lugo,2019,908739,478802,225921,169678,1134657,648479,1.7497204998157225,1.8979431999030916,1.331469017786631
27,Lugo,2020,374572,209904,30802,16074,405375,225977,1.7938772529947737,1.7844919582285235,1.9162622869229813
27,Lugo,2021,743220,434338,80721,59258,823941,493593,1.6692720520752928,1.7111558279496613,1.3621958216612102
27,Lugo,2022,884987,522721,209900,165457,1094889,688181,1.590989870397468,1.6930389251627542,1.2686075536242045
27,Lugo,2023,911210,504805,256236,202243,1167445,707047,1.6511561466210873,1.8050732461049317,1.2669709211196432
27,Lugo,2024,972713,539234,291443,226359,1264157,765592,1.6512150074713425,1.8038792064298617,1.287525567792754
27,Lugo,2025,1067311,606256,313478,250707,1380790,856963,1.6112597626735343,1.7604955662294477,1.2503759368505865
28,Madrid,2015,10651265,6216163,11043863,4946225,21695127,11162386,1.9435922570676198,1.713479038435768,2.2327862157503957
28,Madrid,2016,10515326,6244268,11721167,5245045,22236492,11489311,1.9354069186568281,1.6839965869498235,2.2347123809233285
28,Madrid,2017,10841520,6338497,13163098,5728096,24004619,12066592,1.9893453760597855,1.710424411339155,2.2979883717032674
28,Madrid,2018,11189881,6560441,13343918,5875818,24533802,12436260,1.9727636765394096,1.7056598786575476,2.2709889925113407
28,Madrid,2019,11182197,6503832,14473431,6180481,25655626,12684312,2.0226265326806847,1.7193243921429704,2.341796860147293
28,Madrid,2020,4245948,2379828,3185878,1206856,7431827,3586687,2.072058978104306,1.7841407026053984,2.6398161835380525
28,Madrid,2021,7796139,4348368,4826799,1917138,12622936,6265506,2.014671440742376,1.7928885043768146,2.5177107751241694
28,Madrid,2022,10982122,6332887,11223254,4727512,22205378,11060399,2.0076471020620503,1.7341414744965449,2.374029722187908
28,Madrid,2023,11706680,6711292,13563111,5978674,25269790,12689967,1.9913203872003764,1.7443258317474488,2.2685817958965484
28,Madrid,2024,11743531,6655038,15037416,6636293,26780945,13291332,2.01491806840729,1.7646076551328482,2.26593611825156
28,Madrid,2025,11438632,6376575,16120088,6986612,27558718,13363186,2.062286493655031,1.7938520287144744,2.307282556981839
29,Málaga,2015,5835743,2090319,12892401,2908381,18728142,4998698,3.7466040156856844,2.7917954149581954,4.432844596357905
29,Málaga,2016,5590424,2016733,14436533,3249766,20026956,5266498,3.8027083652172657,2.7720198955439317,4.44233000160627
29,Málaga,2017,5053770,1942479,14888372,3467745,19942144,5410226,3.686009419939204,2.6017115242944713,4.293387201192706
29,Málaga,2018,5243671,1985481,14587281,3477930,19830952,5463414,3.6297728855986384,2.641007896827016,4.194242264795439
29,Málaga,2019,5818805,2227277,14554864,3594081,20373670,5821358,3.499813960934888,2.6125196821050998,4.049676120265515
29,Málaga,2020,2622073,1094094,2762554,761677,5384627,1855772,2.901556333428891,2.3965701301716305,3.6269363522858113
29,Málaga,2021,5482224,2054160,5266419,1339732,10748639,3393894,3.167052064678508,2.6688398177357167,3.930949622760373
29,Málaga,2022,6247942,2479339,13182646,3193762,19430591,5673103,3.4250375852509642,2.5200031137331362,4.127623160398302
29,Málaga,2023,5814897,2425242,15623198,3838665,21438094,6263908,3.4224790657844912,2.3976563988253545,4.069956091505771
29,Málaga,2024,5442280,2260474,16606983,4040032,22049260,6300504,3.4996025714768217,2.4075835422128278,4.110606797173884
29,Málaga,2025,5219183,2137418,17003467,4168305,22222651,6305723,3.524203489433329,2.4418167153079087,4.079228127500267
30,Murcia,2015,2076669,872766,677317,227603,2753986,1100370,2.502781791579196,2.379410976137934,2.9758702653304216
30,Murcia,2016,2239094,956616,797204,262665,3036301,1219282,2.490236877112924,2.3406403405337146,3.0350598671311366
30,Murcia,2017,2333112,1008696,810143,284342,3143255,1293038,2.430906902968049,2.3129981679316662,2.8491851362092127
30,Murcia,2018,2395110,1018769,875774,296863,3270883,1315630,2.4861724040953765,2.3509843742791547,2.950094824885553
30,Murcia,2019,2395696,1052776,875909,304166,3271602,1356942,2.4110109348815203,2.275598987818871,2.8797071336046765
30,Murcia,2020,902297,461764,215598,86228,1117896,547990,2.0399934305370535,1.9540219679316708,2.5003247205084196
30,Murcia,2021,1527154,746743,361539,150581,1888691,897321,2.1048108759295725,2.0450864621429328,2.4009602805134778
30,Murcia,2022,2187763,1013030,767778,294850,2955540,1307879,2.259796204388938,2.1596231108654234,2.6039613362726812
30,Murcia,2023,2362067,1093002,835286,310239,3197354,1403241,2.278549443752,2.1610820474253476,2.6923952178804083
30,Murcia,2024,2542468,1157323,898459,337935,3440926,1495254,2.301231763967861,2.196852564063792,2.6586740053560596
30,Murcia,2025,2605179,1179314,951430,362719,3556609,1542035,2.306438569811969,2.2090630654770487,2.6230497988801247
31,Navarra,2015,1287897,660138,411725,263117,1699620,923257,1.8408958718969908,1.95095116475646,1.5647981696355613
31,Navarra,2016,1398229,721712,440331,275704,1838559,997418,1.8433184482333385,1.9373780677056776,1.597115021907553
31,Navarra,2017,1451086,742972,450597,278159,1901684,1021133,1.8623274343302978,1.953083023317164,1.619926013539019
31,Navarra,2018,1476875,751295,464829,283541,1941702,1034833,1.8763433326923282,1.96577243293247,1.6393713783897215
31,Navarra,2019,1546250,787033,454054,282357,2000305,1069394,1.8705032943891586,1.9646571363589582,1.6080848004476602
31,Navarra,2020,618233,336423,118941,64349,737173,400771,1.8393870814006004,1.8376656768413575,1.848373712101198
31,Navarra,2021,1101695,583077,223678,126352,1325376,709429,1.8682292378800416,1.8894502784366387,1.7702766873496265
31,Navarra,2022,1381339,724770,440497,276290,1821840,1001058,1.8199145304268085,1.9058998026960277,1.5943284230337689
31,Navarra,2023,1433255,748990,490572,301224,1923825,1050214,1.831840939084796,1.9135836259496122,1.6285953310493189
31,Navarra,2024,1464913,749646,529761,315571,1994675,1065219,1.8725492128848622,1.9541396872657228,1.6787379068418835
31,Navarra,2025,1591721,792188,573843,327093,2165564,1119283,1.9347778890593352,2.009271789019778,1.7543726096247856
32,Ourense,2015,486508,261203,58287,28076,544799,289277,1.8833125343528867,1.862566662710612,2.0760435959538395
32,Ourense,2016,538672,279303,71565,33237,610238,312542,1.9524991841096557,1.9286294812443834,2.1531726690134487
32,Ourense,2017,545991,282251,74514,34769,620507,317019,1.9573180156394412,1.9344165299680072,2.1431159941327045
32,Ourense,2018,554279,297864,83978,43973,638258,341840,1.867124970746548,1.8608458893991888,1.9097628089964296
32,Ourense,2019,588071,317832,90377,42073,678444,359905,1.8850641141412317,1.850257368672758,2.1480997314192
32,Ourense,2020,294449,157968,33386,13739,327836,171707,1.9092756847420316,1.8639787805125088,2.4300167406652595
32,Ourense,2021,457796,243046,33588,21132,491385,264173,1.8600878969463193,1.8835775943648527,1.5894378194207837
32,Ourense,2022,587186,304381,74879,36356,662067,340738,1.9430383461780019,1.9291151550195313,2.059605017053581
32,Ourense,2023,604194,308319,82649,40832,686842,349152,1.9671718907524516,1.9596392048495228,2.024123236677116
32,Ourense,2024,593455,305421,101957,50786,695413,356206,1.9522776146387202,1.943072021897643,2.0075808293624227
32,Ourense,2025,561311,286754,97413,53637,658725,340391,1.9352009894503674,1.957465283832135,1.81615302869288
33,Asturias,2015,2867345,1413205,450907,252117,3318251,1665321,1.992559392453467,2.0289660735703596,1.7884831248983606
33,Asturias,2016,2922497,1428278,527012,272877,3449509,1701154,2.0277464591683056,2.046168182944777,1.9313170402782205
33,Asturias,2017,3043734,1477007,533651,282663,3577385,1759668,2.0329886092149203,2.0607444649889946,1.8879407633825438
33,Asturias,2018,3024197,1460007,560724,302922,3584921,1762928,2.033503920750025,2.0713578770512746,1.8510507655436053
33,Asturias,2019,3132129,1461717,613253,319918,3745385,1781634,2.102219086523944,2.142773874833501,1.9169068323757963
33,Asturias,2020,1724031,790282,129450,55771,1853480,846055,2.1907322809982803,2.181538994941046,2.321098778935289
33,Asturias,2021,2522439,1143504,279602,132682,2802042,1276186,2.1956376264901825,2.2058855937539352,2.107309205468715
33,Asturias,2022,3065813,1436162,608493,294319,3674307,1730480,2.123287758309833,2.134726444509742,2.067460816325144
33,Asturias,2023,3262839,1565059,745156,382380,4007994,1947438,2.0580855462407532,2.0848025537695385,1.9487316282232334
33,Asturias,2024,3302084,1608350,754555,396141,4056639,2004490,2.0237761226047524,2.053087947275158,1.9047637078716921
33,Asturias,2025,3095003,1559109,754031,409792,3849033,1968902,1.9549134492219522,1.9851100853115464,1.8400334803998126
34,Palencia,2015,254309,134700,66062,44409,320371,179111,1.7886729458268895,1.8879658500371195,1.4875813461235334
34,Palencia,2016,279686,143862,74626,50525,354314,194386,1.822734147520912,1.9441270106073876,1.4770113805047007
34,Palencia,2017,263469,138676,76177,52903,339646,191576,1.7729047479851339,1.8998889497822262,1.4399372436345765
34,Palencia,2018,277355,150079,75152,49697,352508,199774,1.7645339233333668,1.8480600217218932,1.5122039559731977
34,Palencia,2019,281039,149602,76856,49479,357895,199080,1.7977446252762708,1.8785778264996458,1.5533054427130701
34,Palencia,2021,223589,110394,31600,19190,255184,129584,1.9692554636374862,2.0253727557657117,1.6466909848879625
34,Palencia,2022,287717,155121,65563,47258,353283,202377,1.7456677389229014,1.8547907762327474,1.3873418257226289
34,Palencia,2023,322019,171221,72154,49818,394176,221040,1.7832790445168296,1.8807214068367781,1.4483520012846762
34,Palencia,2024,335046,166740,78067,55631,413113,222372,1.8577563722051338,2.0093918675782656,1.403300318167928
34,Palencia,2025,348569,170585,81901,52124,430469,222711,1.932859176241856,2.0433742708913445,1.5712723505486916
35,"Palmas, Las",2015,4205671,955467,35144614,4157461,39350284,5112928,7.696232765257011,4.401691528854476,8.453383928315864
35,"Palmas, Las",2016,4172931,936523,38873789,4633660,43046717,5570184,7.728060150257155,4.455769906345066,8.389434917538187
35,"Palmas, Las",2017,4209023,971440,40088829,4957002,44297855,5928444,7.472087954276029,4.332766820390348,8.087313460837821
35,"Palmas, Las",2018,4240861,1005437,38435564,4793505,42676427,5798942,7.35934710159198,4.217928124785541,8.018258873204472
35,"Palmas, Las",2019,4620026,1124387,35842931,4500298,40462958,5624687,7.193815051397527,4.1089286873647595,7.9645683463628405
35,"Palmas, Las",2020,2160000,570031,10214524,1315301,12374525,1885331,6.56358220386765,3.7892676012357223,7.765921260608788
35,"Palmas, Las",2021,3921943,1027503,14940188,1942275,18862130,2969780,6.351355992699796,3.816965011294371,7.692107451313537
35,"Palmas, Las",2022,4869651,1234872,34425842,4513920,39295492,5748791,6.835435833377836,3.9434459603910366,7.626595509003261
35,"Palmas, Las",2023,4911417,1269693,38066905,5012909,42978324,6282601,6.8408488777180025,3.868192547332308,7.5937753906963
35,"Palmas, Las",2024,5243636,1280048,39915982,5251087,45159617,6531134,6.91451392667797,4.096437008612177,7.601470324144315
35,"Palmas, Las",2025,5140512,1292081,40013534,5341215,45154046,6633296,6.807180924837366,3.9784750336859687,7.491466641953188
36,Pontevedra,2015,2307209,940801,393075,200551,2700283,1141352,2.3658634671862844,2.4523879120026444,1.9599752681362845
36,Pontevedra,2016,2515714,1008239,506122,261464,3021836,1269704,2.379953122932589,2.4951564063679346,1.9357234647982131
36,Pontevedra,2017,2816989,1124563,596190,314641,3413181,1439205,2.371573889751634,2.5049632612846056,1.89482616696489
36,Pontevedra,2018,2686772,1069070,635662,331865,3322435,1400940,2.3715755135837364,2.513186227281656,1.9154234402543202
36,Pontevedra,2019,2770049,1118524,724262,389581,3494310,1508104,2.3170219029987322,2.476521737575591,1.859079369887135
36,Pontevedra,2020,1247214,518118,157065,68970,1404280,587087,2.3919453164522464,2.4072006762938174,2.277294475859069
36,Pontevedra,2021,2179870,883751,315387,153160,2495256,1036909,2.4064368232892184,2.466611070312792,2.059199529903369
36,Pontevedra,2022,2745919,1121784,653349,372969,3399267,1494754,2.274131395533981,2.4478143742467355,1.7517514860484384
36,Pontevedra,2023,2726655,1149305,792126,461131,3518781,1610436,2.18498655022615,2.3724381256498495,1.7177895218495396
36,Pontevedra,2024,2839938,1218407,920925,571303,3760864,1789710,2.101381788110923,2.3308615265670665,1.6119729810625885
36,Pontevedra,2025,2694460,1175706,977666,631283,3672128,1806989,2.032180605415971,2.2917804281002225,1.5486968602037439
37,Salamanca,2015,1254457,676212,402505,271818,1656960,948032,1.7477891041652602,1.8551238369032197,1.4807886159121177
37,Salamanca,2016,1252938,691248,410308,274652,1663243,965897,1.7219672490959181,1.812573779598639,1.4939195782299055
37,Salamanca,2017,1244003,686721,456876,308829,1700878,995549,1.7084824554090257,1.8115115163217668,1.4793817938082239
37,Salamanca,2018,1287931,701181,481201,309420,1769130,1010602,1.7505704520671836,1.8368024803866618,1.555170965031349
37,Salamanca,2019,1341233,729696,492387,322650,1833621,1052348,1.7424093550802586,1.8380709226856116,1.5260715946071595
37,Salamanca,2020,461710,262861,117394,71922,579102,334781,1.7297935067999677,1.7564796603528101,1.6322404827451962
37,Salamanca,2021,853146,484389,162311,106553,1015456,590941,1.7183712079547704,1.7612827706657253,1.5232888797124435
37,Salamanca,2022,1184042,659522,406518,262958,1590559,922479,1.7242224484243003,1.795303265091991,1.5459426980734565
37,Salamanca,2023,1294387,687085,476250,316702,1770635,1003784,1.7639601746989393,1.8838819068965267,1.503779578278634
37,Salamanca,2024,1252461,663933,510536,342170,1762997,1006103,1.7523026966423916,1.886426793064963,1.4920536575386503
37,Salamanca,2025,1246715,679307,551728,383575,1798445,1062881,1.6920473693668434,1.8352747726727385,1.4383836277129636
38,Santa Cruz de Tenerife,2015,3597544,886506,20891788,2635804,24489329,3522310,6.952633073182088,4.058115793914537,7.92615384148442
38,Santa Cruz de Tenerife,2016,3752031,876092,22904071,2905420,26656103,3781512,7.049059476738405,4.2826906306643595,7.883222047070647
38,Santa Cruz de Tenerife,2017,3838654,898707,22880706,2948035,26719358,3846744,6.945967290778903,4.2713075563003295,7.761341368063812
38,Santa Cruz de Tenerife,2018,4058359,993086,22273654,2951549,26332017,3944637,6.675396747533423,4.086613848146082,7.546428671860098
38,Santa Cruz de Tenerife,2019,4431062,1143950,22389005,3005943,26820070,4149894,6.4628325446384896,3.873475239302417,7.448246689973828
38,Santa Cruz de Tenerife,2020,1585682,478289,6121898,835252,7707581,1313542,5.867784204844611,3.315321907884145,7.329402383951191
38,Santa Cruz de Tenerife,2021,2932724,885395,8365709,1215115,11298432,2100508,5.378904531665674,3.312334042997758,6.8847055628479605
38,Santa Cruz de Tenerife,2022,4406848,1167201,20762048,2977200,25168895,4144401,6.07298738707958,3.7755690750779,6.973682654843477
38,Santa Cruz de Tenerife,2023,4208903,1137939,22566948,3270734,26775851,4408670,6.0734532183175425,3.6987070484446,6.899658608740423
38,Santa Cruz de Tenerife,2024,4017634,1108785,23717253,3472290,27734890,4581074,6.054233133976879,3.623456305776142,6.830435533898378
38,Santa Cruz de Tenerife,2025,4086530,1123988,23586802,3540543,27673334,4664531,5.932715207595361,3.6357416627223778,6.661916547828963
39,Cantabria,2015,2060270,871188,423426,203095,2483694,1074281,2.311959347693946,2.3648971289779013,2.0848666880031512
39,Cantabria,2016,2210368,934631,505086,233531,2715454,1168162,2.324552587740399,2.364963284975568,2.162822066449422
39,Cantabria,2017,2295318,969548,515396,247288,2810714,1216838,2.3098506128178116,2.3674103809197686,2.0841933292355472
39,Cantabria,2018,2350404,1013927,560072,270641,2910479,1284571,2.265720618011772,2.318119549040513,2.069427765933469
39,Cantabria,2019,2338037,1037767,599309,283953,2937345,1321721,2.2223638725570676,2.25294984326925,2.11059224589985
39,Cantabria,2020,1234572,569644,136597,66866,1371166,636513,2.154183810856966,2.167269382280863,2.0428468878054615
39,Cantabria,2021,1776342,779318,315170,128492,2091511,907809,2.303910844682086,2.279354512535319,2.4528375307412134
39,Cantabria,2022,2257286,1011946,680684,279996,2937970,1291944,2.2740691547002037,2.2306387890262918,2.4310490149859283
39,Cantabria,2023,2322282,1048675,613458,313445,2935740,1362121,2.155271080909846,2.214491620378096,1.9571471869067938
39,Cantabria,2024,2312958,1035846,665341,345976,2978298,1381824,2.155338161734056,2.2329168621590467,1.923084260179897
39,Cantabria,2025,2324713,1046902,639422,328594,2964134,1375498,2.154953333265479,2.2205641024661333,1.9459332793660262
40,Segovia,2015,549392,356066,138661,76605,688052,432670,1.5902466082695819,1.5429499025461573,1.810077671170289
40,Segovia,2016,598858,362286,153807,82557,752667,444843,1.6919834638288116,1.6529979077303567,1.8630400813983066
40,Segovia,2017,646350,374521,167972,91816,814319,466334,1.7462140868990894,1.7258044275220883,1.8294414916790103
40,Segovia,2018,649332,373823,171324,89373,820658,463197,1.7717256372558545,1.737003876165993,1.916954785002182
40,Segovia,2019,688573,398113,182489,102693,871061,500806,1.7393182190309222,1.7295918495502534,1.777034461939957
40,Segovia,2021,463026,263240,94150,35002,557175,298241,1.8682039022133108,1.7589500075976297,2.6898462944974573
40,Segovia,2022,647072,368090,182944,74460,830019,442550,1.8755372274319286,1.7579179005134613,2.4569433252753154
40,Segovia,2023,680786,403017,215675,94105,896463,497123,1.8033022008637702,1.6892240277705406,2.2918548429945274
40,Segovia,2024,721780,427747,256748,119724,978526,547472,1.787353508489932,1.6873993271723706,2.144499014399786
40,Segovia,2025,759190,445129,260166,128019,1019357,573150,1.7785169676349997,1.7055505258026324,2.032245213601106
41,Sevilla,2015,2576338,1444656,3027441,1490405,5603780,2935060,1.9092556881290332,1.783357422112946,2.0312874688423617
41,Sevilla,2016,2702916,1542997,3412913,1666954,6115827,3209955,1.905268765449983,1.751731208809868,2.047394829131458
41,Sevilla,2017,2685412,1494603,3779839,1873551,6465248,3368156,1.9195215423513639,1.7967393347932528,2.0174732366506167
41,Sevilla,2018,2763956,1556747,4091826,1929085,6855782,3485832,1.9667562865909773,1.7754689747274284,2.1211227084343096
41,Sevilla,2019,2882139,1637312,4406503,2029226,7288638,3666538,1.9878801201569436,1.7602869825665481,2.1715190915156812
41,Sevilla,2020,1224321,728631,889956,393299,2114277,1121929,1.8845016039339388,1.680303198738456,2.262797515376342
41,Sevilla,2021,2186131,1238084,1274585,563474,3460715,1801559,1.9209556833831143,1.7657372197686103,2.262012089288947
41,Sevilla,2022,3214107,1823016,3421841,1499401,6635950,3322420,1.9973242395603206,1.7630711963032688,2.2821386673745048
41,Sevilla,2023,3227257,1861734,4237743,1907193,7464999,3768929,1.9806685135220112,1.733468368735813,2.2219791075156
41,Sevilla,2024,3017604,1735784,4919733,2188227,7937339,3924011,2.0227616589250133,1.7384674590847708,2.2482736023273637
41,Sevilla,2025,2880281,1646361,4949292,2175628,7829576,3821992,2.0485589713426924,1.7494832542801975,2.2748797128920937
42,Soria,2015,340505,196329,28258,16289,368766,212617,1.7344144635659424,1.7343591624263355,1.734790349315489
42,Soria,2016,382899,212669,31835,17577,414734,230248,1.8012490879399603,1.8004457631342603,1.811173692894123
42,Soria,2017,399859,222797,32662,19020,432521,241818,1.788622021520317,1.7947234478022596,1.7172450052576236
42,Soria,2018,407012,222173,28938,17876,435949,240047,1.8160985140410002,1.8319597790910687,1.6188185276348177
42,Soria,2019,412007,216475,30160,16727,442167,233203,1.8960605138012805,1.9032544173692112,1.8030728761881987
42,Soria,2020,203125,97261,10289,5480,213412,102742,2.077164158766619,2.0884527200008227,1.8775547445255474
42,Soria,2021,304387,151177,19523,10606,323912,161785,2.0021139166177333,2.0134478128286712,1.8407505185743918
42,Soria,2022,387426,202187,29005,17021,416433,219209,1.899707584998791,1.9161766087829584,1.7040714411609188
42,Soria,2023,436422,231086,32248,18847,468671,249932,1.8751940527823567,1.888569623430238,1.7110415450734866
42,Soria,2024,431155,233613,43959,20887,475113,254500,1.8668487229862476,1.8455950653431101,2.1046105232919996
42,Soria,2025,438708,237227,39402,22027,478111,259256,1.8441656123676984,1.849317320541085,1.78880464884006
43,Tarragona,2015,4304370,1598460,5240068,1067265,9544439,2665723,3.5804316502502322,2.6928230922262677,4.909809653647407
43,Tarragona,2016,4361843,1670331,5926624,1181570,10288468,2851904,3.6075786562240526,2.6113644541111913,5.015889029003783
43,Tarragona,2017,4356335,1737118,6742250,1371493,11098585,3108614,3.570267971513993,2.507794519428156,4.915993009078428
43,Tarragona,2018,4093013,1633195,6506777,1289641,10599792,2922832,3.626548498168899,2.506138581124728,5.0454172905483
43,Tarragona,2019,4012852,1657566,6380549,1307266,10393400,2964829,3.5055647391468447,2.420930448621654,4.880834504989803
43,Tarragona,2020,1538751,712865,425703,153973,1964456,866837,2.2662345977386753,2.158544745498797,2.764789930702136
43,Tarragona,2021,3472129,1463048,1316997,403685,4789126,1866734,2.5655106726507366,2.373216053061827,3.2624372964068518
43,Tarragona,2022,4688859,1852701,4912460,1137570,9601318,2990269,3.2108542743144515,2.530823376249055,4.318380407359547
43,Tarragona,2023,4761098,1888451,5736514,1272142,10497612,3160597,3.3214016212759803,2.521165759662284,4.50933464974822
43,Tarragona,2024,4588740,1803071,6333840,1367864,10922578,3170935,3.4445922101840623,2.5449580188467342,4.6304603381622735
43,Tarragona,2025,4427878,1833063,6358090,1421752,10785970,3254813,3.3138524394489024,2.4155623674690943,4.472010589751236
44,Teruel,2015,560780,321194,84267,44214,645047,365406,1.7652884736430163,1.7459230247140358,1.9058895372506446
44,Teruel,2016,616997,348686,92911,45762,709905,394446,1.7997520573158303,1.7694917490234767,2.030308989991696
44,Teruel,2017,704908,392353,102826,49845,807731,442198,1.8266274383873287,1.7966168220964285,2.062915036613502
44,Teruel,2018,699768,392214,104438,56153,804204,448370,1.793616878916966,1.7841484495708975,1.8598828201520845
44,Teruel,2019,731961,397483,105879,57282,837841,454765,1.8423603399558013,1.84149007630515,1.8483816905834294
44,Teruel,2020,339923,185111,48106,20302,388029,205412,1.8890279048935796,1.8363198297237873,2.3695202443109054
44,Teruel,2021,532704,280335,64502,28861,597205,309194,1.931489614934313,1.9002407833484938,2.234919094972454
44,Teruel,2022,729989,382089,96643,48624,826633,430712,1.9192244469622393,1.910520847237162,1.9875575847318196
44,Teruel,2023,721512,375205,119291,52733,840801,427936,1.9647821169520676,1.92298077051212,2.262169798797717
44,Teruel,2024,726115,377905,139801,58626,865917,436532,1.9836277752833698,1.9214220505153412,2.384624569303722
44,Teruel,2025,796196,401727,148779,59463,944974,461189,2.0489950974546227,1.9819330042541328,2.5020432874224308
45,Toledo,2015,842153,551709,315313,208621,1157467,760328,1.5223258909312822,1.5264441943125815,1.5114154375638118
45,Toledo,2016,926776,580570,334693,222780,1261469,803349,1.5702627376146607,1.596320857088723,1.502347607505162
45,Toledo,2017,919112,579242,362672,247430,1281782,826671,1.5505346141330711,1.5867495796230247,1.4657559713858466
45,Toledo,2018,930036,571178,385599,252860,1315635,824038,1.5965707892111771,1.6282769994642652,1.524950565530333
45,Toledo,2019,912672,577929,410887,265908,1323557,843836,1.5685002773050687,1.5792112871996387,1.545222407750049
45,Toledo,2020,384506,237512,87470,50865,471977,288380,1.6366495596088495,1.61889083498939,1.719650054064681
45,Toledo,2021,729117,449927,127185,72071,856297,521998,1.640421993954,1.620522884823538,1.764718125182112
45,Toledo,2022,1004459,630523,324032,171231,1328491,801753,1.6569828862505036,1.5930568750069387,1.892367620349119
45,Toledo,2023,1048601,652505,369269,208809,1417872,861314,1.6461731726176516,1.6070390265208696,1.768453467044045
45,Toledo,2024,1116588,690919,355178,222367,1471764,913286,1.6115039538545428,1.6160910323786146,1.5972603848592641
45,Toledo,2025,1176058,725762,390913,215402,1566969,941162,1.6649301608012224,1.6204458210818422,1.8148067334565139
46,Valencia/València,2015,3773102,1739081,2589370,1145860,6362471,2884943,2.205406138006886,2.1695953207469922,2.259761227375072
46,Valencia/València,2016,3806656,1756600,3084940,1265853,6891598,3022454,2.280133295659752,2.1670590914266197,2.43704442774951
46,Valencia/València,2017,4049530,1809097,3163199,1296747,7212730,3105843,2.3223099171464883,2.2384261319321186,2.4393339641425813
46,Valencia/València,2018,4144579,1854492,3597130,1471506,7741708,3326000,2.327633193024654,2.2348864271185858,2.4445228221971234
46,Valencia/València,2019,4230452,1901813,3795134,1572156,8025587,3473970,2.310206190611894,2.2244311086316055,2.413967825075883
46,Valencia/València,2020,1772928,899121,892937,384928,2665868,1284047,2.0761451878319095,1.9718458360999243,2.319750706625655
46,Valencia/València,2021,3163625,1495551,1670509,650920,4834138,2146474,2.2521297718956763,2.1153574836297793,2.566381429361519
46,Valencia/València,2022,4343443,2024278,3582340,1368550,7925785,3392828,2.3360409074671633,2.145675149361896,2.617617186072851
46,Valencia/València,2023,4479558,2077874,3934452,1559489,8414008,3637363,2.3132164702835545,2.1558371681824786,2.522911030472161
46,Valencia/València,2024,4516481,2010267,4320488,1655074,8836969,3665340,2.410954781821059,2.2467070294642455,2.6104500463423386
46,Valencia/València,2025,4317220,1997029,4421100,1695609,8738317,3692639,2.3664151843708523,2.1618213856684103,2.607381772566671
47,Valladolid,2015,869804,508331,184017,110516,1053818,618847,1.7028732465375125,1.7110976902844799,1.6650711209236673
47,Valladolid,2016,933280,567254,215022,125427,1148302,692681,1.6577645409647441,1.6452594428598124,1.7143198832787199
47,Valladolid,2017,1003007,598687,233445,137507,1236453,736193,1.6795228968490599,1.6753445456473917,1.69769539005287
47,Valladolid,2018,1013799,600117,245866,138503,1259663,738619,1.7054299984159627,1.6893355795619853,1.7751673248954896
47,Valladolid,2019,1071394,620401,234836,135109,1306231,755512,1.7289348150658097,1.726937899842199,1.7381225529017312
47,Valladolid,2020,444593,257076,68209,36635,512804,293710,1.7459534915392734,1.729422427608956,1.8618534188617442
47,Valladolid,2021,736466,431086,113023,65927,849488,497013,1.70918668123369,1.7083969323986397,1.7143658895444962
47,Valladolid,2022,953974,566803,212830,130435,1166805,697238,1.6734673095843886,1.6830786005014087,1.6316939471767546
47,Valladolid,2023,970450,550233,226457,137384,1196907,687615,1.7406644706703607,1.7637073748757344,1.648350608513364
47,Valladolid,2024,988117,549774,239760,135075,1227878,684845,1.7929283268476808,1.7973148966666304,1.7750138811771239
47,Valladolid,2025,985630,557762,255885,143936,1241516,701697,1.7693049849151414,1.7671157231937638,1.7777692863494887
48,Bizkaia,2015,1559464,796878,896851,479209,2456318,1276086,1.9248843729968044,1.9569670639671317,1.8715236984280346
48,Bizkaia,2016,1593658,849709,972847,513277,2566504,1362987,1.8829996177513064,1.8755338592388688,1.895364491298071
48,Bizkaia,2017,1676659,894445,1089932,565673,2766589,1460117,1.8947721312744115,1.8745244257612261,1.9267880913531317
48,Bizkaia,2018,1711600,922107,1183196,605824,2894794,1527930,1.894585484937137,1.8561837183754164,1.9530358652017747
48,Bizkaia,2019,1739833,936627,1252552,654550,2992386,1591179,1.8806092840591788,1.8575516187340317,1.9136078221679016
48,Bizkaia,2020,805159,428514,292703,152436,1097862,580946,1.889783215651713,1.8789561134525359,1.9201697761683592
48,Bizkaia,2021,1314082,698250,490321,254619,1804405,952870,1.8936528592567716,1.8819649122807018,1.9257046803262914
48,Bizkaia,2022,1675982,919465,1187270,607949,2863250,1527415,1.8745723984640716,1.8227795511520286,1.9529105237445905
48,Bizkaia,2023,1696668,929280,1506548,740904,3203215,1670183,1.917882651182535,1.8257877066115702,2.0333916404824377
48,Bizkaia,2024,1708079,931522,1571767,782061,3279844,1713585,1.9140246909257492,1.8336432204499733,2.009775452298478
48,Bizkaia,2025,1725845,934672,1692846,831937,3418691,1766607,1.9351734709530757,1.846471275484876,2.0348247523550462
49,Zamora,2015,307763,191349,37102,25445,344864,216795,1.5907377937683065,1.6083857245138464,1.458125368441737
49,Zamora,2016,337316,208437,34898,24808,372214,233244,1.5958138258647596,1.6183115281835758,1.4067236375362786
49,Zamora,2017,348356,216526,39340,27288,387696,243814,1.5901301812037045,1.608841432437675,1.4416593374377016
49,Zamora,2018,402394,238490,45272,30207,447665,268698,1.666052594362444,1.6872573273512517,1.4987254609858642
49,Zamora,2019,413370,245916,51105,31825,464479,277741,1.6723458185863809,1.6809398331137462,1.6058130400628436
49,Zamora,2021,267302,163484,23716,14139,291015,177621,1.6384042427415677,1.635034621125003,1.6773463469835208
49,Zamora,2022,337926,203979,41693,26958,379617,230936,1.6438190667544255,1.6566705396143722,1.5465909933971362
49,Zamora,2023,347204,199734,44448,29261,391653,228995,1.7103124522369484,1.738331981535442,1.5190184887734528
49,Zamora,2024,342404,199115,43319,29978,385724,229093,1.683700505908081,1.7196293599176355,1.4450263526586162
49,Zamora,2025,319201,189143,39693,27031,358895,216175,1.660205851740488,1.6876173054249959,1.468425141504199
50,Zaragoza,2015,1691979,962818,482942,301811,2174919,1264630,1.7198065837438619,1.7573196595826002,1.60014711193429
50,Zaragoza,2016,1923216,1085774,591673,353566,2514888,1439342,1.747248395447364,1.771285737179192,1.673444279144488
50,Zaragoza,2017,2024423,1135688,641649,401207,2666070,1536897,1.7347096129408803,1.7825520741612133,1.599296622441782
50,Zaragoza,2018,2102863,1170818,725964,426418,2828827,1597235,1.771077518336375,1.7960630943494207,1.7024703459985273
50,Zaragoza,2019,2104520,1169369,764211,454901,2868731,1624271,1.7661652519807347,1.7997056532198135,1.679950142998147
50,Zaragoza,2020,840434,462175,223295,108022,1063728,570195,1.865551258779891,1.8184324119651647,2.0671252152339337
50,Zaragoza,2021,1394971,796529,308763,164069,1703732,960599,1.7736141719906018,1.751312256050941,1.8819094405402605
50,Zaragoza,2022,1897524,1069546,657184,332472,2554708,1402019,1.8221636083391166,1.7741396816967199,1.976659688635434
50,Zaragoza,2023,2018665,1130087,704135,395428,2722799,1525514,1.784840388223248,1.7862916748887474,1.7806907957959477
50,Zaragoza,2024,2093965,1204032,772564,448995,2866530,1653026,1.734110655246802,1.7391273653856376,1.7206516776356084
50,Zaragoza,2025,2101888,1194797,702827,403072,2804715,1597870,1.7552835962875577,1.7592009353890243,1.7436760677993013
51,Ceuta,2015,114718,47979,46036,27864,160755,75843,2.1195759661405797,2.391004397757352,1.6521676715475164
51,Ceuta,2016,133905,50390,51332,24938,185235,75330,2.4589804858622064,2.657372494542568,2.058384794289839
51,Ceuta,2017,123563,48708,58554,28803,182114,77511,2.349524583607488,2.5368112014453477,2.0329132382043538
51,Ceuta,2018,120952,48172,59306,28075,180257,76246,2.3641502505049443,2.510836170389438,2.112413178984862
51,Ceuta,2019,109989,46267,58001,30072,167989,76339,2.2005658968548185,2.3772667343895217,1.9287376961957967
51,Ceuta,2021,89845,36509,7504,2724,97348,39233,2.481278515535391,2.4609000520419624,2.7547723935389135
51,Ceuta,2022,107477,47862,29704,13908,137179,61770,2.220802978792294,2.2455601521039656,2.1357492090882944
51,Ceuta,2023,101837,46619,42589,21724,144427,68343,2.1132669037063048,2.184452690962912,1.9604584791014545
51,Ceuta,2024,84951,39910,49633,27105,134586,67016,2.0082666825832636,2.1285642696066147,1.8311381663899648
51,Ceuta,2025,93652,48485,49937,26854,143590,75341,1.9058679868862904,1.9315664638548005,1.8595739927012735
52,Melilla,2015,122608,39872,25222,16777,147831,56652,2.6094577420038125,3.075040128410915,1.5033677057876855
52,Melilla,2016,127327,40947,31941,17532,159269,58479,2.7235246840746252,3.1095562556475445,1.8218685831622177
52,Melilla,2017,124484,41818,30229,19762,154713,61583,2.5122679960378678,2.9768042469749867,1.5296528691427993
52,Melilla,2018,111510,44596,34797,21671,146307,66267,2.2078410068359817,2.500448470714862,1.6056942457662313
52,Melilla,2019,106010,44806,34172,22504,140184,67309,2.0826932505311326,2.365977770834263,1.518485602559545
52,Melilla,2021,76462,28950,11857,4143,88318,33093,2.668781917626084,2.641174438687392,2.861935795317403
52,Melilla,2022,94140,39001,19948,11326,114089,50330,2.2668189946354063,2.4137842619420016,1.761257284125022
52,Melilla,2023,106511,41037,19944,11467,126453,52503,2.408490943374664,2.595486999537003,1.7392517659370368
52,Melilla,2024,108123,43888,21081,13205,129205,57096,2.2629431133529496,2.4636119212541012,1.5964407421431277
52,Melilla,2025,111950,47846,26152,16625,138104,64470,2.142143632697379,2.3397985202524767,1.5730526315789473
