comunidad_autonoma,provincia,anio,poblacion,edad_media,pct_menor_18,pct_65_mas,tamano_medio_hogar,pct_hogares_unipersonales,pct_poblacion_espanola
Castilla - La Mancha,Albacete,2015,390.627,42.0,17.9,18.6,2.6,27.7,93.9
Castilla - La Mancha,Albacete,2016,388.322,42.3,17.7,18.7,2.6,28.2,94.1
Castilla - La Mancha,Albacete,2017,387.139,42.6,17.7,19.0,2.6,28.3,93.9
Castilla - La Mancha,Albacete,2018,385.271,42.9,17.4,19.2,2.6,28.8,93.7
Castilla - La Mancha,Albacete,2019,384.847,43.2,17.2,19.4,2.5,29.0,93.2
Castilla - La Mancha,Albacete,2020,383.541,43.4,17.0,19.4,2.5,29.4,93.1
Castilla - La Mancha,Albacete,2021,382.761,43.6,16.8,19.7,2.5,29.8,92.9
Castilla - La Mancha,Albacete,2022,384.466,43.9,16.6,19.9,2.5,30.1,92.4
Castilla - La Mancha,Albacete,2023,385.575,44.1,16.4,20.4,2.5,30.5,91.8
Comunitat Valenciana,Alicante/Alacant,2015,,42.1,17.9,18.8,2.5,28.7,81.3
Comunitat Valenciana,Alicante/Alacant,2016,,42.3,18.0,19.0,2.5,28.7,82.2
Comunitat Valenciana,Alicante/Alacant,2017,,42.5,18.0,19.3,2.5,28.7,81.7
Comunitat Valenciana,Alicante/Alacant,2018,,42.8,17.7,19.5,2.5,28.9,80.9
Comunitat Valenciana,Alicante/Alacant,2019,,43.0,17.6,19.6,2.5,28.9,80.1
Comunitat Valenciana,Alicante/Alacant,2020,,43.3,17.4,19.9,2.5,29.2,80.2
Comunitat Valenciana,Alicante/Alacant,2021,,43.6,17.1,20.3,2.5,29.6,79.6
Comunitat Valenciana,Alicante/Alacant,2022,,43.7,17.0,20.5,2.5,29.5,77.9
Comunitat Valenciana,Alicante/Alacant,2023,,43.8,16.9,20.6,2.5,29.5,76.9
Andalucía,Almería,2015,699.417,38.9,20.2,14.0,2.7,28.0,80.4
Andalucía,Almería,2016,701.01,39.1,20.3,14.3,2.7,28.1,80.5
Andalucía,Almería,2017,704.093,39.3,20.3,14.5,2.7,28.1,80.3
Andalucía,Almería,2018,703.384,39.7,20.1,14.8,2.7,28.3,79.7
Andalucía,Almería,2019,713.44,39.9,19.9,15.0,2.7,28.2,78.8
Andalucía,Almería,2020,719.554,40.2,19.8,15.3,2.6,28.3,78.6
Andalucía,Almería,2021,727.74,40.4,19.7,15.5,2.6,28.6,78.1
Andalucía,Almería,2022,741.568,40.5,19.6,15.7,2.6,28.8,78.2
Andalucía,Almería,2023,748.573,40.8,19.4,16.1,2.6,28.9,78.0
País Vasco,Araba/Álava,2015,322.033,43.0,17.5,19.5,2.4,30.6,92.1
País Vasco,Araba/Álava,2016,323.815,43.2,17.7,19.8,2.4,30.8,91.8
País Vasco,Araba/Álava,2017,326.127,43.4,17.8,20.2,2.4,30.9,91.4
País Vasco,Araba/Álava,2018,327.92,43.6,17.7,20.4,2.4,31.0,90.9
País Vasco,Araba/Álava,2019,330.065,43.8,17.6,20.7,2.4,31.1,90.3
País Vasco,Araba/Álava,2020,330.646,44.1,17.4,21.1,2.4,31.3,90.3
País Vasco,Araba/Álava,2021,330.117,44.4,17.2,21.5,2.4,31.9,90.1
País Vasco,Araba/Álava,2022,332.282,44.6,17.0,21.8,2.4,32.1,89.8
País Vasco,Araba/Álava,2023,334.363,44.8,16.8,22.2,2.4,32.4,89.3
"Asturias, Principado de",Asturias,2015,,46.9,13.1,24.3,2.3,31.3,96.1
"Asturias, Principado de",Asturias,2016,,47.2,13.2,24.7,2.3,31.7,96.2
"Asturias, Principado de",Asturias,2017,,47.5,13.2,25.1,2.3,32.1,96.1
"Asturias, Principado de",Asturias,2018,,47.7,13.2,25.5,2.3,32.6,95.9
"Asturias, Principado de",Asturias,2019,,48.0,13.1,26.0,2.3,32.7,95.6
"Asturias, Principado de",Asturias,2020,,48.3,13.0,26.4,2.3,33.1,95.5
"Asturias, Principado de",Asturias,2021,996.757,48.6,12.8,27.0,2.2,33.7,95.5
"Asturias, Principado de",Asturias,2022,998.499,48.7,12.8,27.4,2.2,34.0,94.8
"Asturias, Principado de",Asturias,2023,,48.9,12.6,27.8,2.2,34.4,94.1
Extremadura,Badajoz,2015,682.115,41.9,17.8,18.5,2.6,26.8,97.1
Extremadura,Badajoz,2016,677.825,42.2,17.7,18.8,2.5,27.1,97.2
Extremadura,Badajoz,2017,674.788,42.5,17.6,19.0,2.5,27.2,97.2
Extremadura,Badajoz,2018,670.715,42.8,17.5,19.3,2.5,27.7,97.1
Extremadura,Badajoz,2019,669.125,43.1,17.3,19.5,2.5,28.0,96.9
Extremadura,Badajoz,2020,667.879,43.4,17.1,19.7,2.5,28.3,96.8
Extremadura,Badajoz,2021,664.288,43.7,16.8,20.0,2.5,28.8,96.8
Extremadura,Badajoz,2022,662.828,44.0,16.6,20.4,2.4,29.3,96.5
Extremadura,Badajoz,2023,662.774,44.3,16.4,20.9,2.4,29.9,96.2
"Balears, Illes","Balears, Illes",2015,,40.3,18.3,15.1,2.7,27.5,82.9
"Balears, Illes","Balears, Illes",2016,,40.4,18.4,15.3,2.7,27.4,83.3
"Balears, Illes","Balears, Illes",2017,,40.5,18.4,15.4,2.7,27.3,82.9
"Balears, Illes","Balears, Illes",2018,,40.7,18.1,15.5,2.7,27.3,82.2
"Balears, Illes","Balears, Illes",2019,,40.9,17.8,15.7,2.7,27.2,81.2
"Balears, Illes","Balears, Illes",2020,,41.2,17.6,16.0,2.7,27.3,81.2
"Balears, Illes","Balears, Illes",2021,,41.5,17.5,16.3,2.7,27.7,81.1
"Balears, Illes","Balears, Illes",2022,,41.8,17.1,16.5,2.7,27.5,79.9
"Balears, Illes","Balears, Illes",2023,,42.0,16.7,16.7,2.7,27.5,79.3
Cataluña,Barcelona,2015,,41.8,18.4,18.3,2.6,25.5,87.6
Cataluña,Barcelona,2016,,41.9,18.4,18.4,2.6,26.0,87.2
Cataluña,Barcelona,2017,,42.1,18.4,18.6,2.6,26.1,86.7
Cataluña,Barcelona,2018,,42.2,18.2,18.8,2.6,26.2,85.8
Cataluña,Barcelona,2019,,42.4,18.0,18.9,2.6,26.1,84.6
Cataluña,Barcelona,2020,,42.6,17.7,19.0,2.6,26.4,84.8
Cataluña,Barcelona,2021,,42.9,17.5,19.3,2.6,26.9,84.5
Cataluña,Barcelona,2022,,43.0,17.2,19.4,2.6,27.1,84.3
Cataluña,Barcelona,2023,,43.1,16.8,19.6,2.6,27.0,83.6
País Vasco,Bizkaia,2015,,44.7,15.9,21.7,2.5,26.6,94.2
País Vasco,Bizkaia,2016,,44.9,16.0,22.0,2.5,27.1,94.1
País Vasco,Bizkaia,2017,,45.1,16.0,22.3,2.4,27.8,93.7
País Vasco,Bizkaia,2018,,45.3,15.8,22.6,2.4,28.3,93.2
País Vasco,Bizkaia,2019,,45.5,15.7,22.8,2.4,28.6,92.5
País Vasco,Bizkaia,2020,,45.8,15.5,23.1,2.4,29.0,92.2
País Vasco,Bizkaia,2021,,46.0,15.3,23.5,2.4,29.7,92.2
País Vasco,Bizkaia,2022,,46.1,15.1,23.8,2.4,30.2,91.6
País Vasco,Bizkaia,2023,,46.3,14.9,24.2,2.4,30.6,91.0
Castilla y León,Burgos,2015,357.779,45.1,15.7,22.4,2.4,33.9,92.9
Castilla y León,Burgos,2016,354.925,45.4,15.8,22.8,2.4,34.3,93.2
Castilla y León,Burgos,2017,353.826,45.6,15.8,23.1,2.4,34.4,93.0
Castilla y León,Burgos,2018,351.889,45.8,15.6,23.4,2.3,34.8,92.6
Castilla y León,Burgos,2019,352.113,46.0,15.6,23.7,2.3,34.9,92.0
Castilla y León,Burgos,2020,351.322,46.2,15.4,23.9,2.3,35.2,91.9
Castilla y León,Burgos,2021,350.193,46.5,15.2,24.4,2.3,35.7,91.7
Castilla y León,Burgos,2022,351.719,46.6,15.2,24.7,2.3,36.0,91.0
Castilla y León,Burgos,2023,354.235,46.8,15.0,25.1,2.3,36.5,90.3
Cantabria,Cantabria,2015,577.635,44.1,16.1,20.4,2.5,29.3,94.8
Cantabria,Cantabria,2016,575.721,44.4,16.2,20.8,2.5,29.4,94.9
Cantabria,Cantabria,2017,575.538,44.6,16.2,21.2,2.5,29.6,94.7
Cantabria,Cantabria,2018,574.754,44.9,16.1,21.6,2.5,30.0,94.4
Cantabria,Cantabria,2019,576.277,45.2,15.9,21.9,2.5,30.2,93.8
Cantabria,Cantabria,2020,578.247,45.5,15.7,22.3,2.4,30.4,93.8
Cantabria,Cantabria,2021,579.078,45.8,15.4,22.8,2.4,30.7,93.6
Cantabria,Cantabria,2022,581.828,46.0,15.2,23.3,2.4,31.1,93.1
Cantabria,Cantabria,2023,583.796,46.2,14.9,23.8,2.4,31.4,92.6
Comunitat Valenciana,Castellón/Castelló,2015,575.292,41.9,18.3,18.2,2.5,29.3,85.6
Comunitat Valenciana,Castellón/Castelló,2016,572.685,42.2,18.3,18.5,2.5,29.6,86.2
Comunitat Valenciana,Castellón/Castelló,2017,573.656,42.4,18.2,18.8,2.5,29.7,85.9
Comunitat Valenciana,Castellón/Castelló,2018,575.156,42.7,18.1,19.0,2.5,30.0,85.5
Comunitat Valenciana,Castellón/Castelló,2019,580.299,42.9,17.9,19.2,2.5,30.1,84.8
Comunitat Valenciana,Castellón/Castelló,2020,583.456,43.2,17.6,19.5,2.5,30.4,84.8
Comunitat Valenciana,Castellón/Castelló,2021,585.878,43.4,17.5,19.6,2.4,30.7,84.6
Comunitat Valenciana,Castellón/Castelló,2022,598.472,43.4,17.4,19.7,2.4,30.9,83.4
Comunitat Valenciana,Castellón/Castelló,2023,608.761,43.6,17.2,19.9,2.4,31.0,82.5
Ceuta,Ceuta,2015,80.517,36.5,24.2,11.4,3.2,23.3,93.6
Ceuta,Ceuta,2016,80.95,36.6,24.4,11.5,3.2,23.2,93.4
Ceuta,Ceuta,2017,81.428,36.8,24.3,11.7,3.1,24.5,93.1
Ceuta,Ceuta,2018,80.968,37.1,24.0,12.0,3.1,24.4,93.2
Ceuta,Ceuta,2019,80.496,37.5,23.6,12.3,3.1,24.8,93.2
Ceuta,Ceuta,2020,80.152,37.8,23.2,12.6,3.1,24.9,93.6
Ceuta,Ceuta,2021,79.411,38.1,22.7,12.8,3.0,25.5,94.1
Ceuta,Ceuta,2022,79.542,38.3,22.1,13.1,3.0,25.8,94.3
Ceuta,Ceuta,2023,79.953,38.7,21.4,13.4,3.0,26.0,94.2
Castilla - La Mancha,Ciudad Real,2015,505.84,42.4,17.5,19.3,2.6,27.5,93.9
Castilla - La Mancha,Ciudad Real,2016,500.814,42.7,17.5,19.5,2.6,27.7,94.3
Castilla - La Mancha,Ciudad Real,2017,497.059,43.0,17.4,19.8,2.6,28.0,94.2
Castilla - La Mancha,Ciudad Real,2018,492.317,43.3,17.2,20.1,2.5,28.4,94.2
Castilla - La Mancha,Ciudad Real,2019,491.055,43.6,17.0,20.3,2.5,28.6,93.7
Castilla - La Mancha,Ciudad Real,2020,489.374,43.8,16.8,20.3,2.5,29.0,93.7
Castilla - La Mancha,Ciudad Real,2021,487.503,44.0,16.7,20.5,2.5,29.3,93.6
Castilla - La Mancha,Ciudad Real,2022,488.159,44.3,16.5,20.9,2.5,29.8,93.2
Castilla - La Mancha,Ciudad Real,2023,489.018,44.5,16.3,21.4,2.5,30.2,92.7
Galicia,"Coruña, A",2015,,45.6,14.5,23.5,2.5,28.2,97.2
Galicia,"Coruña, A",2016,,45.9,14.6,23.8,2.5,28.4,97.2
Galicia,"Coruña, A",2017,,46.1,14.6,24.2,2.5,28.5,96.9
Galicia,"Coruña, A",2018,,46.4,14.6,24.5,2.5,28.7,96.6
Galicia,"Coruña, A",2019,,46.6,14.5,24.8,2.5,29.0,96.2
Galicia,"Coruña, A",2020,,46.9,14.4,25.1,2.5,29.3,96.1
Galicia,"Coruña, A",2021,,47.2,14.2,25.4,2.4,29.8,95.8
Galicia,"Coruña, A",2022,,47.3,14.1,25.7,2.4,30.4,95.3
Galicia,"Coruña, A",2023,,47.5,13.9,26.0,2.4,30.8,94.7
Castilla - La Mancha,Cuenca,2015,201.828,44.7,15.7,22.9,2.5,32.0,90.0
Castilla - La Mancha,Cuenca,2016,198.294,45.0,15.7,23.1,2.5,32.2,90.2
Castilla - La Mancha,Cuenca,2017,196.665,45.2,15.7,23.2,2.5,32.2,90.0
Castilla - La Mancha,Cuenca,2018,194.914,45.4,15.4,23.2,2.4,32.6,89.5
Castilla - La Mancha,Cuenca,2019,194.737,45.6,15.3,23.1,2.4,32.7,88.7
Castilla - La Mancha,Cuenca,2020,194.127,45.6,15.1,22.9,2.4,33.0,88.6
Castilla - La Mancha,Cuenca,2021,193.959,45.8,14.9,23.0,2.4,33.4,88.4
Castilla - La Mancha,Cuenca,2022,196.629,45.8,14.8,23.0,2.4,33.5,87.1
Castilla - La Mancha,Cuenca,2023,197.07,46.0,14.6,23.3,2.4,33.8,86.3
Extremadura,Cáceres,2015,402.775,44.6,15.5,21.9,2.3,33.6,96.6
Extremadura,Cáceres,2016,398.994,44.9,15.4,22.1,2.3,33.9,96.8
Extremadura,Cáceres,2017,395.672,45.2,15.4,22.4,2.3,34.0,96.8
Extremadura,Cáceres,2018,392.043,45.5,15.2,22.7,2.3,34.6,96.7
Extremadura,Cáceres,2019,389.774,45.8,15.0,23.0,2.3,35.0,96.5
Extremadura,Cáceres,2020,387.514,46.1,14.8,23.2,2.3,35.4,96.5
Extremadura,Cáceres,2021,385.8,46.3,14.7,23.6,2.3,35.9,96.4
Extremadura,Cáceres,2022,385.028,46.6,14.5,24.0,2.2,36.3,96.1
Extremadura,Cáceres,2023,385.214,46.8,14.3,24.5,2.2,36.7,95.8
Andalucía,Cádiz,2015,,40.0,19.7,15.3,2.7,23.7,96.7
Andalucía,Cádiz,2016,,40.3,19.7,15.6,2.7,23.9,96.7
Andalucía,Cádiz,2017,,40.7,19.6,16.0,2.7,23.9,96.6
Andalucía,Cádiz,2018,,41.1,19.3,16.4,2.7,24.2,96.4
Andalucía,Cádiz,2019,,41.4,19.0,16.8,2.7,24.5,96.0
Andalucía,Cádiz,2020,,41.8,18.7,17.2,2.7,24.8,95.9
Andalucía,Cádiz,2021,,42.2,18.4,17.6,2.6,25.4,95.8
Andalucía,Cádiz,2022,,42.5,18.0,18.1,2.6,25.7,95.4
Andalucía,Cádiz,2023,,42.9,17.5,18.6,2.6,26.2,95.1
Andalucía,Córdoba,2015,785.592,41.7,18.3,18.2,2.6,25.0,97.4
Andalucía,Córdoba,2016,781.61,42.0,18.2,18.4,2.6,25.3,97.5
Andalucía,Córdoba,2017,777.841,42.3,18.1,18.7,2.6,25.5,97.4
Andalucía,Córdoba,2018,772.346,42.7,17.8,19.0,2.6,26.0,97.3
Andalucía,Córdoba,2019,770.808,43.0,17.6,19.3,2.6,26.2,97.1
Andalucía,Córdoba,2020,766.887,43.3,17.4,19.6,2.5,26.6,97.2
Andalucía,Córdoba,2021,763.679,43.6,17.1,20.0,2.5,27.2,97.2
Andalucía,Córdoba,2022,763.643,43.8,16.9,20.4,2.5,27.7,96.8
Andalucía,Córdoba,2023,762.441,44.1,16.6,20.9,2.5,28.2,96.5
País Vasco,Gipuzkoa,2015,712.539,43.7,17.5,21.1,2.4,31.2,93.4
País Vasco,Gipuzkoa,2016,714.383,43.9,17.6,21.4,2.4,31.3,93.2
País Vasco,Gipuzkoa,2017,715.701,44.1,17.5,21.8,2.4,31.1,92.9
País Vasco,Gipuzkoa,2018,716.837,44.4,17.3,22.0,2.4,31.2,92.4
País Vasco,Gipuzkoa,2019,719.841,44.6,17.1,22.3,2.4,31.1,91.7
País Vasco,Gipuzkoa,2020,719.814,44.8,16.9,22.6,2.4,31.2,91.6
País Vasco,Gipuzkoa,2021,717.113,45.1,16.7,23.0,2.4,31.5,91.5
País Vasco,Gipuzkoa,2022,720.153,45.2,16.4,23.2,2.4,31.8,91.1
País Vasco,Gipuzkoa,2023,722.805,45.4,16.1,23.6,2.4,32.2,90.6
Cataluña,Girona,2015,748.526,41.0,19.5,17.1,2.6,27.4,81.2
Cataluña,Girona,2016,750.93,41.2,19.5,17.4,2.6,27.3,81.4
Cataluña,Girona,2017,756.679,41.4,19.5,17.6,2.6,27.3,81.0
Cataluña,Girona,2018,761.514,41.6,19.3,17.8,2.6,27.5,80.3
Cataluña,Girona,2019,770.258,41.8,19.1,18.0,2.6,27.5,79.5
Cataluña,Girona,2020,777.591,42.0,18.8,18.2,2.6,27.7,79.7
Cataluña,Girona,2021,782.416,42.3,18.6,18.6,2.6,28.0,79.5
Cataluña,Girona,2022,797.234,42.4,18.4,18.7,2.6,28.1,79.3
Cataluña,Girona,2023,808.284,42.5,18.1,19.0,2.6,28.2,79.0
Andalucía,Granada,2015,913.423,41.0,18.6,17.1,2.6,29.3,93.7
Andalucía,Granada,2016,909.295,41.3,18.6,17.3,2.5,29.6,93.9
Andalucía,Granada,2017,908.413,41.5,18.5,17.5,2.5,29.6,93.7
Andalucía,Granada,2018,907.256,41.8,18.3,17.8,2.5,30.0,93.3
Andalucía,Granada,2019,911.38,42.1,18.1,18.0,2.5,30.1,92.9
Andalucía,Granada,2020,914.862,42.3,17.9,18.1,2.5,30.3,92.7
Andalucía,Granada,2021,915.317,42.6,17.7,18.5,2.5,30.8,92.5
Andalucía,Granada,2022,925.574,42.8,17.4,18.9,2.5,31.2,91.9
Andalucía,Granada,2023,931.77,43.1,17.2,19.3,2.4,31.5,91.5
Castilla - La Mancha,Guadalajara,2015,250.893,40.2,20.0,15.4,2.6,29.8,87.8
Castilla - La Mancha,Guadalajara,2016,251.338,40.4,20.2,15.4,2.5,29.9,88.0
Castilla - La Mancha,Guadalajara,2017,252.192,40.6,20.1,15.6,2.6,29.7,87.8
Castilla - La Mancha,Guadalajara,2018,254.211,40.9,19.8,15.8,2.5,29.9,87.3
Castilla - La Mancha,Guadalajara,2019,258.449,41.1,19.7,15.8,2.6,29.7,86.5
Castilla - La Mancha,Guadalajara,2020,262.646,41.3,19.4,15.9,2.5,29.8,86.4
Castilla - La Mancha,Guadalajara,2021,264.914,41.6,19.1,16.1,2.5,30.3,86.1
Castilla - La Mancha,Guadalajara,2022,271.317,41.7,18.8,16.3,2.5,30.2,85.4
Castilla - La Mancha,Guadalajara,2023,276.207,41.9,18.4,16.5,2.5,30.4,84.4
Andalucía,Huelva,2015,518.271,40.3,19.1,15.9,2.7,25.6,92.1
Andalucía,Huelva,2016,516.452,40.6,19.1,16.2,2.6,25.7,92.2
Andalucía,Huelva,2017,517.671,40.8,19.0,16.4,2.6,25.6,91.9
Andalucía,Huelva,2018,516.57,41.2,18.8,16.6,2.6,26.0,91.4
Andalucía,Huelva,2019,518.545,41.4,18.6,16.8,2.6,26.1,91.0
Andalucía,Huelva,2020,519.774,41.8,18.3,17.2,2.6,26.6,90.8
Andalucía,Huelva,2021,522.837,42.0,18.1,17.4,2.6,27.0,90.3
Andalucía,Huelva,2022,526.734,42.3,17.8,17.7,2.6,27.3,90.2
Andalucía,Huelva,2023,528.798,42.6,17.5,18.1,2.5,27.6,89.8
Aragón,Huesca,2015,219.138,44.4,16.3,21.9,2.5,30.7,89.5
Aragón,Huesca,2016,217.583,44.7,16.4,22.1,2.5,30.9,89.7
Aragón,Huesca,2017,217.163,44.8,16.4,22.3,2.5,31.1,89.4
Aragón,Huesca,2018,217.413,44.9,16.4,22.3,2.5,31.4,88.6
Aragón,Huesca,2019,219.118,44.9,16.3,22.3,2.5,31.4,87.5
Aragón,Huesca,2020,220.834,45.0,16.2,22.4,2.5,31.6,87.2
Aragón,Huesca,2021,221.903,45.2,16.1,22.6,2.4,32.1,86.8
Aragón,Huesca,2022,223.403,45.2,16.1,22.7,2.4,32.4,86.2
Aragón,Huesca,2023,224.824,45.3,15.9,22.9,2.4,32.7,85.6
Andalucía,Jaén,2015,645.844,41.8,18.0,18.4,2.6,26.7,97.5
Andalucía,Jaén,2016,640.927,42.1,17.8,18.5,2.6,27.0,97.6
Andalucía,Jaén,2017,635.619,42.5,17.5,18.8,2.6,26.9,97.6
Andalucía,Jaén,2018,629.72,42.8,17.3,19.1,2.5,27.2,97.6
Andalucía,Jaén,2019,626.797,43.1,17.1,19.3,2.5,27.5,97.4
Andalucía,Jaén,2020,623.762,43.4,16.9,19.5,2.5,27.9,97.3
Andalucía,Jaén,2021,620.509,43.7,16.6,19.9,2.5,28.2,97.2
Andalucía,Jaén,2022,617.084,44.0,16.4,20.3,2.5,28.8,96.9
Andalucía,Jaén,2023,615.583,44.3,16.2,20.9,2.4,29.2,96.5
Castilla y León,León,2015,470.99,47.5,13.1,25.9,2.3,33.3,96.0
Castilla y León,León,2016,465.335,47.8,13.1,26.2,2.3,33.7,96.1
Castilla y León,León,2017,460.903,48.1,13.1,26.5,2.3,34.1,96.0
Castilla y León,León,2018,455.995,48.4,13.0,26.8,2.3,34.6,95.9
Castilla y León,León,2019,452.797,48.7,12.9,27.2,2.3,35.1,95.5
Castilla y León,León,2020,448.48,48.8,12.8,27.4,2.2,35.5,95.5
Castilla y León,León,2021,444.669,49.1,12.7,28.0,2.2,36.1,95.4
Castilla y León,León,2022,444.621,49.3,12.5,28.3,2.2,36.7,94.9
Castilla y León,León,2023,443.775,49.5,12.4,28.8,2.2,37.1,94.5
Cataluña,Lleida,2015,430.398,42.3,18.1,18.8,2.6,29.5,83.1
Cataluña,Lleida,2016,428.436,42.5,18.2,19.0,2.5,29.9,83.5
Cataluña,Lleida,2017,428.626,42.6,18.2,19.2,2.5,29.7,83.2
Cataluña,Lleida,2018,428.366,42.8,18.0,19.4,2.6,28.9,82.6
Cataluña,Lleida,2019,431.152,43.0,17.9,19.5,2.6,28.9,81.8
Cataluña,Lleida,2020,432.574,43.1,17.8,19.6,2.6,29.1,81.5
Cataluña,Lleida,2021,433.795,43.3,17.7,19.8,2.5,29.3,81.1
Cataluña,Lleida,2022,440.028,43.3,17.6,19.8,2.5,29.5,80.8
Cataluña,Lleida,2023,444.65,43.5,17.3,20.0,2.5,29.7,80.3
Galicia,Lugo,2015,333.753,48.7,12.0,28.4,2.4,32.0,96.2
Galicia,Lugo,2016,330.888,48.9,12.1,28.5,2.4,32.3,96.2
Galicia,Lugo,2017,328.633,49.0,12.2,28.6,2.4,32.4,96.0
Galicia,Lugo,2018,326.289,49.2,12.2,28.8,2.4,33.0,95.6
Galicia,Lugo,2019,324.326,49.4,12.2,29.1,2.4,33.2,95.1
Galicia,Lugo,2020,322.597,49.6,12.2,29.3,2.3,33.6,94.9
Galicia,Lugo,2021,320.632,49.8,12.2,29.6,2.3,34.2,94.8
Galicia,Lugo,2022,320.843,49.8,12.2,29.7,2.3,34.8,94.1
Galicia,Lugo,2023,321.251,49.9,12.2,29.9,2.3,35.1,93.3
"Madrid, Comunidad de",Madrid,2015,,41.1,18.5,16.8,2.7,25.5,87.7
"Madrid, Comunidad de",Madrid,2016,,41.3,18.6,17.1,2.7,25.6,87.8
"Madrid, Comunidad de",Madrid,2017,,41.5,18.5,17.3,2.7,25.6,87.4
"Madrid, Comunidad de",Madrid,2018,,41.7,18.3,17.5,2.7,25.7,86.8
"Madrid, Comunidad de",Madrid,2019,,41.9,18.0,17.7,2.7,25.6,85.9
"Madrid, Comunidad de",Madrid,2020,,42.2,17.8,17.9,2.7,26.1,85.9
"Madrid, Comunidad de",Madrid,2021,,42.5,17.6,18.2,2.6,26.4,85.9
"Madrid, Comunidad de",Madrid,2022,,42.6,17.3,18.3,2.6,26.6,85.2
"Madrid, Comunidad de",Madrid,2023,,42.7,16.9,18.5,2.6,26.4,84.5
Melilla,Melilla,2015,82.079,34.8,26.9,9.9,3.2,18.6,84.5
Melilla,Melilla,2016,82.369,34.9,27.1,10.0,3.2,18.6,84.5
Melilla,Melilla,2017,82.829,35.0,27.2,10.2,3.2,19.0,84.4
Melilla,Melilla,2018,82.895,35.3,26.9,10.5,3.2,19.2,84.7
Melilla,Melilla,2019,83.5,35.6,26.6,10.8,3.2,19.2,84.7
Melilla,Melilla,2020,83.025,35.9,26.2,11.1,3.3,19.5,85.4
Melilla,Melilla,2021,82.079,36.2,25.5,11.4,3.3,20.3,86.3
Melilla,Melilla,2022,82.878,36.5,25.1,11.9,3.2,20.3,86.7
Melilla,Melilla,2023,83.36,36.9,24.5,12.4,3.2,20.7,87.2
"Murcia, Región de",Murcia,2015,,39.2,21.0,15.1,2.9,23.3,86.3
"Murcia, Región de",Murcia,2016,,39.5,21.0,15.2,2.9,23.4,86.5
"Murcia, Región de",Murcia,2017,,39.7,20.9,15.4,2.9,23.5,86.3
"Murcia, Región de",Murcia,2018,,40.0,20.6,15.6,2.8,23.7,85.9
"Murcia, Región de",Murcia,2019,,40.2,20.4,15.8,2.8,23.8,85.3
"Murcia, Región de",Murcia,2020,,40.5,20.1,16.0,2.8,24.0,85.4
"Murcia, Región de",Murcia,2021,,40.7,19.9,16.1,2.8,24.3,85.2
"Murcia, Región de",Murcia,2022,,40.9,19.7,16.3,2.8,24.5,85.1
"Murcia, Región de",Murcia,2023,,41.1,19.4,16.6,2.8,24.8,84.9
Andalucía,Málaga,2015,,40.6,19.2,16.5,2.6,28.3,85.3
Andalucía,Málaga,2016,,40.9,19.2,16.7,2.6,28.4,85.7
Andalucía,Málaga,2017,,41.1,19.2,16.9,2.6,28.2,85.5
Andalucía,Málaga,2018,,41.4,18.9,17.2,2.6,28.4,84.8
Andalucía,Málaga,2019,,41.7,18.6,17.5,2.6,28.3,84.0
Andalucía,Málaga,2020,,42.1,18.3,17.8,2.6,28.4,83.9
Andalucía,Málaga,2021,,42.4,18.1,18.1,2.5,28.8,83.3
Andalucía,Málaga,2022,,42.6,17.8,18.4,2.5,28.9,82.4
Andalucía,Málaga,2023,,42.8,17.4,18.7,2.5,29.1,81.9
"Navarra, Comunidad Foral de",Navarra,2015,634.91,42.1,18.8,18.8,2.6,27.7,91.4
"Navarra, Comunidad Foral de",Navarra,2016,637.392,42.3,18.8,19.1,2.6,27.8,91.5
"Navarra, Comunidad Foral de",Navarra,2017,642.202,42.4,18.8,19.2,2.6,27.8,90.9
"Navarra, Comunidad Foral de",Navarra,2018,644.725,42.6,18.7,19.4,2.6,27.9,90.2
"Navarra, Comunidad Foral de",Navarra,2019,651.06,42.7,18.6,19.5,2.6,28.0,89.3
"Navarra, Comunidad Foral de",Navarra,2020,653.417,42.9,18.4,19.7,2.6,28.2,89.2
"Navarra, Comunidad Foral de",Navarra,2021,656.116,43.1,18.2,20.0,2.6,28.6,88.9
"Navarra, Comunidad Foral de",Navarra,2022,664.091,43.2,18.0,20.2,2.6,28.7,88.2
"Navarra, Comunidad Foral de",Navarra,2023,669.875,43.5,17.7,20.5,2.6,28.9,87.6
Galicia,Ourense,2015,311.552,49.2,11.9,30.1,2.3,33.8,95.9
Galicia,Ourense,2016,308.308,49.4,12.0,30.3,2.3,34.1,95.9
Galicia,Ourense,2017,305.774,49.6,12.0,30.6,2.3,34.3,95.7
Galicia,Ourense,2018,303.295,49.8,12.0,30.7,2.3,34.9,95.4
Galicia,Ourense,2019,301.936,50.0,12.0,30.9,2.3,35.0,94.9
Galicia,Ourense,2020,300.764,50.1,12.0,31.0,2.2,35.4,94.7
Galicia,Ourense,2021,299.183,50.4,11.9,31.2,2.2,36.0,94.6
Galicia,Ourense,2022,299.586,50.4,11.9,31.3,2.2,36.3,93.7
Galicia,Ourense,2023,299.182,50.5,11.9,31.4,2.2,36.8,93.0
Castilla y León,Palencia,2015,162.613,46.5,13.8,23.7,2.4,32.3,96.2
Castilla y León,Palencia,2016,161.456,46.7,13.8,24.0,2.3,32.6,96.3
Castilla y León,Palencia,2017,160.1,47.0,13.8,24.4,2.3,33.1,96.1
Castilla y León,Palencia,2018,158.741,47.2,13.8,24.8,2.3,33.7,95.9
Castilla y León,Palencia,2019,157.993,47.5,13.7,25.2,2.3,33.8,95.5
Castilla y León,Palencia,2020,157.145,47.7,13.6,25.6,2.3,34.2,95.4
Castilla y León,Palencia,2021,156.021,47.9,13.5,26.3,2.3,34.8,95.3
Castilla y León,Palencia,2022,155.771,48.1,13.5,26.8,2.2,35.4,94.7
Castilla y León,Palencia,2023,156.078,48.3,13.4,27.4,2.2,35.7,94.0
Canarias,"Palmas, Las",2015,,40.3,17.5,13.9,2.7,27.3,88.5
Canarias,"Palmas, Las",2016,,40.7,17.3,14.3,2.7,27.3,88.6
Canarias,"Palmas, Las",2017,,40.9,17.1,14.6,2.7,27.2,88.2
Canarias,"Palmas, Las",2018,,41.3,16.7,14.9,2.7,27.3,87.6
Canarias,"Palmas, Las",2019,,41.7,16.3,15.3,2.7,27.4,87.0
Canarias,"Palmas, Las",2020,,42.2,15.9,15.8,2.7,27.7,87.3
Canarias,"Palmas, Las",2021,,42.6,15.5,16.3,2.6,28.3,87.4
Canarias,"Palmas, Las",2022,,43.0,15.0,16.7,2.6,28.5,86.9
Canarias,"Palmas, Las",2023,,43.3,14.6,17.0,2.6,28.6,86.3
Galicia,Pontevedra,2015,942.433,44.1,15.7,21.3,2.6,27.2,96.8
Galicia,Pontevedra,2016,939.544,44.4,15.7,21.6,2.6,27.3,96.8
Galicia,Pontevedra,2017,938.637,44.7,15.7,22.0,2.6,27.3,96.7
Galicia,Pontevedra,2018,936.764,45.0,15.5,22.3,2.6,27.8,96.4
Galicia,Pontevedra,2019,938.985,45.3,15.4,22.7,2.5,28.1,96.0
Galicia,Pontevedra,2020,938.691,45.6,15.2,23.1,2.5,28.3,96.0
Galicia,Pontevedra,2021,936.996,46.0,14.9,23.5,2.5,28.8,95.9
Galicia,Pontevedra,2022,939.68,46.2,14.7,23.8,2.5,29.2,95.4
Galicia,Pontevedra,2023,940.785,46.5,14.4,24.2,2.5,29.7,95.0
"Rioja, La","Rioja, La",2015,313.734,43.0,17.6,19.9,2.4,30.7,88.7
"Rioja, La","Rioja, La",2016,313.023,43.3,17.6,20.2,2.4,30.8,88.9
"Rioja, La","Rioja, La",2017,313.562,43.6,17.6,20.4,2.4,31.0,88.7
"Rioja, La","Rioja, La",2018,313.804,43.8,17.4,20.6,2.4,31.2,88.3
"Rioja, La","Rioja, La",2019,316.719,43.9,17.3,20.8,2.4,31.1,87.4
"Rioja, La","Rioja, La",2020,316.766,44.1,17.2,21.0,2.4,31.5,87.2
"Rioja, La","Rioja, La",2021,316.756,44.3,17.1,21.3,2.4,31.8,87.0
"Rioja, La","Rioja, La",2022,319.055,44.5,16.9,21.5,2.4,32.2,86.4
"Rioja, La","Rioja, La",2023,320.929,44.6,16.6,21.8,2.4,32.5,85.7
Castilla y León,Salamanca,2015,335.104,46.7,14.2,25.4,2.3,33.7,96.4
Castilla y León,Salamanca,2016,332.353,47.0,14.2,25.7,2.3,34.2,96.5
Castilla y León,Salamanca,2017,330.221,47.3,14.2,26.0,2.3,34.4,96.3
Castilla y León,Salamanca,2018,327.846,47.5,14.0,26.2,2.3,35.0,96.0
Castilla y León,Salamanca,2019,326.881,47.7,13.9,26.4,2.3,35.1,95.5
Castilla y León,Salamanca,2020,324.681,47.9,13.8,26.5,2.3,35.5,95.3
Castilla y León,Salamanca,2021,323.095,48.2,13.7,27.0,2.2,36.1,95.1
Castilla y León,Salamanca,2022,323.847,48.2,13.5,27.3,2.2,36.6,94.6
Castilla y León,Salamanca,2023,324.397,48.4,13.3,27.7,2.2,37.1,93.9
Canarias,Santa Cruz de Tenerife,2015,,41.5,16.7,16.1,2.6,29.4,87.8
Canarias,Santa Cruz de Tenerife,2016,,41.7,16.6,16.3,2.6,29.3,88.0
Canarias,Santa Cruz de Tenerife,2017,,41.9,16.5,16.5,2.7,29.1,87.4
Canarias,Santa Cruz de Tenerife,2018,,42.2,16.2,16.7,2.6,29.0,86.6
Canarias,Santa Cruz de Tenerife,2019,,42.6,15.8,17.0,2.6,28.8,86.0
Canarias,Santa Cruz de Tenerife,2020,,43.0,15.4,17.5,2.6,29.1,86.2
Canarias,Santa Cruz de Tenerife,2021,,43.4,15.1,18.0,2.6,29.5,86.1
Canarias,Santa Cruz de Tenerife,2022,,43.8,14.7,18.4,2.6,29.6,85.2
Canarias,Santa Cruz de Tenerife,2023,,44.0,14.4,18.7,2.6,29.6,84.8
Castilla y León,Segovia,2015,154.756,44.6,16.1,22.0,2.5,32.6,89.2
Castilla y León,Segovia,2016,153.297,44.9,16.1,22.2,2.5,32.9,89.6
Castilla y León,Segovia,2017,152.626,45.1,16.2,22.3,2.5,32.9,89.5
Castilla y León,Segovia,2018,151.664,45.3,16.0,22.4,2.4,33.1,89.0
Castilla y León,Segovia,2019,152.137,45.4,15.9,22.5,2.4,33.1,88.3
Castilla y León,Segovia,2020,152.104,45.5,15.7,22.4,2.4,33.5,88.3
Castilla y León,Segovia,2021,152.332,45.8,15.5,22.8,2.4,33.8,88.2
Castilla y León,Segovia,2022,153.769,45.9,15.4,23.0,2.4,34.2,87.4
Castilla y León,Segovia,2023,154.708,46.1,15.1,23.4,2.4,34.3,86.6
Andalucía,Sevilla,2015,,39.8,20.2,15.5,2.8,22.5,96.7
Andalucía,Sevilla,2016,,40.1,20.2,15.8,2.7,22.6,96.8
Andalucía,Sevilla,2017,,40.4,20.1,16.1,2.7,22.9,96.6
Andalucía,Sevilla,2018,,40.7,19.9,16.4,2.7,23.2,96.5
Andalucía,Sevilla,2019,,41.0,19.6,16.6,2.7,23.3,96.1
Andalucía,Sevilla,2020,,41.4,19.4,16.9,2.7,23.7,96.0
Andalucía,Sevilla,2021,,41.6,19.1,17.2,2.7,24.1,95.9
Andalucía,Sevilla,2022,,41.9,18.7,17.5,2.6,24.5,95.6
Andalucía,Sevilla,2023,,42.2,18.3,17.9,2.6,24.9,95.2
Castilla y León,Soria,2015,89.051,46.3,15.1,25.0,2.4,34.7,92.0
Castilla y León,Soria,2016,87.979,46.6,15.0,25.1,2.4,35.0,92.4
Castilla y León,Soria,2017,87.792,46.7,15.0,25.2,2.4,35.2,92.1
Castilla y León,Soria,2018,87.264,46.9,14.9,25.3,2.3,35.6,91.6
Castilla y León,Soria,2019,87.618,46.9,14.9,25.1,2.3,35.8,90.7
Castilla y León,Soria,2020,87.474,46.9,14.8,24.9,2.3,36.3,90.1
Castilla y León,Soria,2021,86.898,47.1,14.6,25.2,2.3,36.9,90.0
Castilla y León,Soria,2022,87.851,47.0,14.7,25.1,2.3,37.1,89.0
Castilla y León,Soria,2023,88.419,47.0,14.6,25.4,2.3,37.4,88.1
Cataluña,Tarragona,2015,788.561,41.4,19.2,17.8,2.6,27.9,84.9
Cataluña,Tarragona,2016,786.212,41.7,19.2,18.2,2.6,28.1,85.1
Cataluña,Tarragona,2017,789.902,41.8,19.2,18.4,2.6,28.1,84.8
Cataluña,Tarragona,2018,794.829,42.1,19.0,18.7,2.5,28.2,84.1
Cataluña,Tarragona,2019,806.469,42.3,18.8,18.8,2.5,28.3,83.3
Cataluña,Tarragona,2020,814.438,42.5,18.6,19.1,2.5,28.6,83.3
Cataluña,Tarragona,2021,821.454,42.8,18.4,19.4,2.5,28.9,83.2
Cataluña,Tarragona,2022,839.364,42.9,18.1,19.5,2.5,29.0,82.4
Cataluña,Tarragona,2023,852.096,43.1,17.8,19.8,2.5,29.3,81.9
Aragón,Teruel,2015,135.177,45.2,15.7,23.3,2.5,31.2,89.9
Aragón,Teruel,2016,133.83,45.4,15.8,23.4,2.5,31.4,90.1
Aragón,Teruel,2017,132.903,45.6,15.8,23.5,2.5,31.7,90.0
Aragón,Teruel,2018,132.123,45.6,15.7,23.6,2.4,32.0,89.7
Aragón,Teruel,2019,132.028,45.7,15.7,23.4,2.4,32.2,89.0
Aragón,Teruel,2020,132.612,45.7,15.7,23.4,2.4,32.6,88.7
Aragón,Teruel,2021,132.47,45.8,15.7,23.5,2.4,33.0,88.4
Aragón,Teruel,2022,132.924,45.8,15.8,23.7,2.4,33.4,87.9
Aragón,Teruel,2023,133.061,46.0,15.6,24.0,2.4,33.9,87.4
Castilla - La Mancha,Toledo,2015,686.175,40.8,19.6,17.3,2.7,26.3,91.0
Castilla - La Mancha,Toledo,2016,683.493,41.1,19.6,17.5,2.6,26.6,91.3
Castilla - La Mancha,Toledo,2017,684.419,41.3,19.7,17.7,2.6,26.7,91.2
Castilla - La Mancha,Toledo,2018,688.395,41.6,19.5,17.7,2.6,26.9,90.6
Castilla - La Mancha,Toledo,2019,697.042,41.7,19.4,17.8,2.6,26.9,89.8
Castilla - La Mancha,Toledo,2020,702.998,41.9,19.3,17.8,2.6,27.1,89.7
Castilla - La Mancha,Toledo,2021,708.352,42.1,19.1,18.0,2.6,27.4,89.6
Castilla - La Mancha,Toledo,2022,722.769,42.2,18.8,18.1,2.6,27.5,88.4
Castilla - La Mancha,Toledo,2023,734.683,42.4,18.6,18.4,2.6,27.6,87.6
Comunitat Valenciana,Valencia/València,2015,,41.9,18.1,18.0,2.5,27.6,90.3
Comunitat Valenciana,Valencia/València,2016,,42.1,18.1,18.3,2.5,27.7,90.7
Comunitat Valenciana,Valencia/València,2017,,42.3,18.1,18.5,2.5,27.7,90.3
Comunitat Valenciana,Valencia/València,2018,,42.6,17.9,18.7,2.5,27.9,89.7
Comunitat Valenciana,Valencia/València,2019,,42.8,17.7,18.9,2.5,28.0,88.9
Comunitat Valenciana,Valencia/València,2020,,43.1,17.5,19.2,2.5,28.4,88.8
Comunitat Valenciana,Valencia/València,2021,,43.3,17.2,19.4,2.5,28.7,88.3
Comunitat Valenciana,Valencia/València,2022,,43.3,17.0,19.5,2.5,28.7,87.0
Comunitat Valenciana,Valencia/València,2023,,43.4,16.8,19.6,2.5,28.7,85.7
Castilla y León,Valladolid,2015,520.598,44.4,16.0,21.4,2.5,28.4,95.4
Castilla y León,Valladolid,2016,518.35,44.7,16.1,21.9,2.5,28.8,95.6
Castilla y León,Valladolid,2017,517.022,45.0,16.1,22.3,2.4,29.1,95.5
Castilla y León,Valladolid,2018,515.504,45.3,15.9,22.7,2.4,29.5,95.2
Castilla y León,Valladolid,2019,516.444,45.6,15.8,23.1,2.4,29.7,94.8
Castilla y León,Valladolid,2020,515.714,45.8,15.7,23.4,2.4,30.2,94.4
Castilla y León,Valladolid,2021,513.994,46.1,15.4,23.9,2.4,30.8,94.3
Castilla y León,Valladolid,2022,516.878,46.3,15.3,24.3,2.4,31.2,93.9
Castilla y León,Valladolid,2023,520.13,46.5,15.1,24.6,2.3,31.6,93.2
Castilla y León,Zamora,2015,179.563,49.4,11.8,29.6,2.3,34.4,96.5
Castilla y León,Zamora,2016,176.575,49.7,11.7,29.8,2.3,34.9,96.7
Castilla y León,Zamora,2017,173.963,49.9,11.7,30.2,2.3,35.2,96.7
Castilla y León,Zamora,2018,171.613,50.2,11.7,30.5,2.2,36.0,96.7
Castilla y León,Zamora,2019,169.364,50.5,11.6,30.8,2.2,36.4,96.4
Castilla y León,Zamora,2020,167.681,50.6,11.5,30.9,2.2,36.9,96.3
Castilla y León,Zamora,2021,166.279,50.9,11.3,31.4,2.2,37.5,96.2
Castilla y León,Zamora,2022,165.383,51.0,11.3,31.7,2.1,38.1,95.6
Castilla y León,Zamora,2023,164.651,51.2,11.2,32.0,2.1,38.6,95.0
Aragón,Zaragoza,2015,951.589,43.3,17.1,20.2,2.5,28.5,89.9
Aragón,Zaragoza,2016,947.019,43.5,17.2,20.6,2.5,28.9,89.8
Aragón,Zaragoza,2017,947.537,43.7,17.3,20.8,2.5,29.0,89.5
Aragón,Zaragoza,2018,949.992,43.8,17.2,20.9,2.5,29.3,88.6
Aragón,Zaragoza,2019,960.265,44.0,17.0,21.0,2.5,29.2,87.7
Aragón,Zaragoza,2020,961.618,44.1,16.9,21.1,2.5,29.5,87.8
Aragón,Zaragoza,2021,956.32,44.4,16.8,21.4,2.4,30.0,87.7
Aragón,Zaragoza,2022,967.592,44.4,16.6,21.5,2.4,30.2,86.7
Aragón,Zaragoza,2023,975.521,44.6,16.3,21.8,2.4,30.5,86.1
Castilla y León,Ávila,2015,162.103,46.3,14.8,24.9,2.3,36.7,93.4
Castilla y León,Ávila,2016,159.436,46.6,14.7,25.2,2.3,37.0,93.6
Castilla y León,Ávila,2017,157.826,46.8,14.8,25.3,2.3,36.6,94.2
Castilla y León,Ávila,2018,156.505,47.0,14.6,25.6,2.3,37.2,94.0
Castilla y León,Ávila,2019,156.179,47.2,14.7,25.7,2.2,37.8,93.4
Castilla y León,Ávila,2020,156.907,47.3,14.5,25.7,2.2,37.8,93.4
Castilla y León,Ávila,2021,156.877,47.6,14.3,26.1,2.2,38.6,93.4
Castilla y León,Ávila,2022,158.031,47.7,14.3,26.2,2.2,38.4,92.0
Castilla y León,Ávila,2023,158.607,47.8,14.2,26.6,2.2,39.0,91.2
