codigo_ccaa,comunidad_autonoma,codigo_provincia,provincia,sexo,anio,poblacion
08,Castilla - La Mancha,02,Albacete,Hombres,2021,193487
08,Castilla - La Mancha,02,Albacete,Mujeres,2021,193239
08,Castilla - La Mancha,02,Albacete,Total,2021,386726
08,Castilla - La Mancha,02,Albacete,Hombres,2022,193236
08,Castilla - La Mancha,02,Albacete,Mujeres,2022,192731
08,Castilla - La Mancha,02,Albacete,Total,2022,385967
08,Castilla - La Mancha,02,Albacete,Hombres,2023,194012
08,Castilla - La Mancha,02,Albacete,Mujeres,2023,193517
08,Castilla - La Mancha,02,Albacete,Total,2023,387529
08,Castilla - La Mancha,02,Albacete,Hombres,2024,194761
08,Castilla - La Mancha,02,Albacete,Mujeres,2024,194309
08,Castilla - La Mancha,02,Albacete,Total,2024,389070
08,Castilla - La Mancha,02,Albacete,Hombres,2025,196118
08,Castilla - La Mancha,02,Albacete,Mujeres,2025,194633
08,Castilla - La Mancha,02,Albacete,Total,2025,390751
10,Comunitat Valenciana,03,Alicante/Alacant,Hombres,2021,935234
10,Comunitat Valenciana,03,Alicante/Alacant,Mujeres,2021,951802
10,Comunitat Valenciana,03,Alicante/Alacant,Total,2021,1887036
10,Comunitat Valenciana,03,Alicante/Alacant,Hombres,2022,945114
10,Comunitat Valenciana,03,Alicante/Alacant,Mujeres,2022,962380
10,Comunitat Valenciana,03,Alicante/Alacant,Total,2022,1907494
10,Comunitat Valenciana,03,Alicante/Alacant,Hombres,2023,966477
10,Comunitat Valenciana,03,Alicante/Alacant,Mujeres,2023,988791
10,Comunitat Valenciana,03,Alicante/Alacant,Total,2023,1955268
10,Comunitat Valenciana,03,Alicante/Alacant,Hombres,2024,984792
10,Comunitat Valenciana,03,Alicante/Alacant,Mujeres,2024,1008497
10,Comunitat Valenciana,03,Alicante/Alacant,Total,2024,1993289
10,Comunitat Valenciana,03,Alicante/Alacant,Hombres,2025,1005674
10,Comunitat Valenciana,03,Alicante/Alacant,Mujeres,2025,1027892
10,Comunitat Valenciana,03,Alicante/Alacant,Total,2025,2033566
01,Andalucía,04,Almería,Hombres,2021,372823
01,Andalucía,04,Almería,Mujeres,2021,357607
01,Andalucía,04,Almería,Total,2021,730430
01,Andalucía,04,Almería,Hombres,2022,378325
01,Andalucía,04,Almería,Mujeres,2022,361216
01,Andalucía,04,Almería,Total,2022,739541
01,Andalucía,04,Almería,Hombres,2023,385696
01,Andalucía,04,Almería,Mujeres,2023,367668
01,Andalucía,04,Almería,Total,2023,753364
01,Andalucía,04,Almería,Hombres,2024,389103
01,Andalucía,04,Almería,Mujeres,2024,371861
01,Andalucía,04,Almería,Total,2024,760964
01,Andalucía,04,Almería,Hombres,2025,393351
01,Andalucía,04,Almería,Mujeres,2025,377203
01,Andalucía,04,Almería,Total,2025,770554
16,País Vasco,01,Araba/Álava,Hombres,2021,164299
16,País Vasco,01,Araba/Álava,Mujeres,2021,169186
16,País Vasco,01,Araba/Álava,Total,2021,333485
16,País Vasco,01,Araba/Álava,Hombres,2022,164410
16,País Vasco,01,Araba/Álava,Mujeres,2022,169498
16,País Vasco,01,Araba/Álava,Total,2022,333908
16,País Vasco,01,Araba/Álava,Hombres,2023,165600
16,País Vasco,01,Araba/Álava,Mujeres,2023,170708
16,País Vasco,01,Araba/Álava,Total,2023,336308
16,País Vasco,01,Araba/Álava,Hombres,2024,166667
16,País Vasco,01,Araba/Álava,Mujeres,2024,171927
16,País Vasco,01,Araba/Álava,Total,2024,338594
16,País Vasco,01,Araba/Álava,Hombres,2025,168413
16,País Vasco,01,Araba/Álava,Mujeres,2025,173548
16,País Vasco,01,Araba/Álava,Total,2025,341961
03,"Asturias, Principado de",33,Asturias,Hombres,2021,483186
03,"Asturias, Principado de",33,Asturias,Mujeres,2021,528931
03,"Asturias, Principado de",33,Asturias,Total,2021,1012117
03,"Asturias, Principado de",33,Asturias,Hombres,2022,479658
03,"Asturias, Principado de",33,Asturias,Mujeres,2022,525302
03,"Asturias, Principado de",33,Asturias,Total,2022,1004960
03,"Asturias, Principado de",33,Asturias,Hombres,2023,479739
03,"Asturias, Principado de",33,Asturias,Mujeres,2023,526321
03,"Asturias, Principado de",33,Asturias,Total,2023,1006060
03,"Asturias, Principado de",33,Asturias,Hombres,2024,481478
03,"Asturias, Principado de",33,Asturias,Mujeres,2024,528121
03,"Asturias, Principado de",33,Asturias,Total,2024,1009599
03,"Asturias, Principado de",33,Asturias,Hombres,2025,484511
03,"Asturias, Principado de",33,Asturias,Mujeres,2025,530617
03,"Asturias, Principado de",33,Asturias,Total,2025,1015128
11,Extremadura,06,Badajoz,Hombres,2021,331856
11,Extremadura,06,Badajoz,Mujeres,2021,339236
11,Extremadura,06,Badajoz,Total,2021,671092
11,Extremadura,06,Badajoz,Hombres,2022,330178
11,Extremadura,06,Badajoz,Mujeres,2022,337673
11,Extremadura,06,Badajoz,Total,2022,667851
11,Extremadura,06,Badajoz,Hombres,2023,329118
11,Extremadura,06,Badajoz,Mujeres,2023,336931
11,Extremadura,06,Badajoz,Total,2023,666049
11,Extremadura,06,Badajoz,Hombres,2024,328932
11,Extremadura,06,Badajoz,Mujeres,2024,337097
11,Extremadura,06,Badajoz,Total,2024,666029
11,Extremadura,06,Badajoz,Hombres,2025,328176
11,Extremadura,06,Badajoz,Mujeres,2025,336979
11,Extremadura,06,Badajoz,Total,2025,665155
04,"Balears, Illes",07,"Balears, Illes",Hombres,2021,590990
04,"Balears, Illes",07,"Balears, Illes",Mujeres,2021,592425
04,"Balears, Illes",07,"Balears, Illes",Total,2021,1183415
04,"Balears, Illes",07,"Balears, Illes",Hombres,2022,592100
04,"Balears, Illes",07,"Balears, Illes",Mujeres,2022,594943
04,"Balears, Illes",07,"Balears, Illes",Total,2022,1187043
04,"Balears, Illes",07,"Balears, Illes",Hombres,2023,602649
04,"Balears, Illes",07,"Balears, Illes",Mujeres,2023,607257
04,"Balears, Illes",07,"Balears, Illes",Total,2023,1209906
04,"Balears, Illes",07,"Balears, Illes",Hombres,2024,613910
04,"Balears, Illes",07,"Balears, Illes",Mujeres,2024,617858
04,"Balears, Illes",07,"Balears, Illes",Total,2024,1231768
04,"Balears, Illes",07,"Balears, Illes",Hombres,2025,622673
04,"Balears, Illes",07,"Balears, Illes",Mujeres,2025,627171
04,"Balears, Illes",07,"Balears, Illes",Total,2025,1249844
09,Cataluña,08,Barcelona,Hombres,2021,2785890
09,Cataluña,08,Barcelona,Mujeres,2021,2916372
09,Cataluña,08,Barcelona,Total,2021,5702262
09,Cataluña,08,Barcelona,Hombres,2022,2783698
09,Cataluña,08,Barcelona,Mujeres,2022,2915904
09,Cataluña,08,Barcelona,Total,2022,5699602
09,Cataluña,08,Barcelona,Hombres,2023,2830260
09,Cataluña,08,Barcelona,Mujeres,2023,2967096
09,Cataluña,08,Barcelona,Total,2023,5797356
09,Cataluña,08,Barcelona,Hombres,2024,2870721
09,Cataluña,08,Barcelona,Mujeres,2024,3006951
09,Cataluña,08,Barcelona,Total,2024,5877672
09,Cataluña,08,Barcelona,Hombres,2025,2916664
09,Cataluña,08,Barcelona,Mujeres,2025,3043277
09,Cataluña,08,Barcelona,Total,2025,5959941
16,País Vasco,48,Bizkaia,Hombres,2021,557190
16,País Vasco,48,Bizkaia,Mujeres,2021,596445
16,País Vasco,48,Bizkaia,Total,2021,1153635
16,País Vasco,48,Bizkaia,Hombres,2022,554748
16,País Vasco,48,Bizkaia,Mujeres,2022,593929
16,País Vasco,48,Bizkaia,Total,2022,1148677
16,País Vasco,48,Bizkaia,Hombres,2023,557146
16,País Vasco,48,Bizkaia,Mujeres,2023,596136
16,País Vasco,48,Bizkaia,Total,2023,1153282
16,País Vasco,48,Bizkaia,Hombres,2024,560523
16,País Vasco,48,Bizkaia,Mujeres,2024,598845
16,País Vasco,48,Bizkaia,Total,2024,1159368
16,País Vasco,48,Bizkaia,Hombres,2025,564945
16,País Vasco,48,Bizkaia,Mujeres,2025,602288
16,País Vasco,48,Bizkaia,Total,2025,1167233
07,Castilla y León,09,Burgos,Hombres,2021,178040
07,Castilla y León,09,Burgos,Mujeres,2021,178002
07,Castilla y León,09,Burgos,Total,2021,356042
07,Castilla y León,09,Burgos,Hombres,2022,177509
07,Castilla y León,09,Burgos,Mujeres,2022,177337
07,Castilla y León,09,Burgos,Total,2022,354846
07,Castilla y León,09,Burgos,Hombres,2023,178592
07,Castilla y León,09,Burgos,Mujeres,2023,178778
07,Castilla y León,09,Burgos,Total,2023,357370
07,Castilla y León,09,Burgos,Hombres,2024,179824
07,Castilla y León,09,Burgos,Mujeres,2024,179916
07,Castilla y León,09,Burgos,Total,2024,359740
07,Castilla y León,09,Burgos,Hombres,2025,181482
07,Castilla y León,09,Burgos,Mujeres,2025,181181
07,Castilla y León,09,Burgos,Total,2025,362663
06,Cantabria,39,Cantabria,Hombres,2021,283854
06,Cantabria,39,Cantabria,Mujeres,2021,300854
06,Cantabria,39,Cantabria,Total,2021,584708
06,Cantabria,39,Cantabria,Hombres,2022,284061
06,Cantabria,39,Cantabria,Mujeres,2022,301389
06,Cantabria,39,Cantabria,Total,2022,585450
06,Cantabria,39,Cantabria,Hombres,2023,285133
06,Cantabria,39,Cantabria,Mujeres,2023,303254
06,Cantabria,39,Cantabria,Total,2023,588387
06,Cantabria,39,Cantabria,Hombres,2024,286322
06,Cantabria,39,Cantabria,Mujeres,2024,304529
06,Cantabria,39,Cantabria,Total,2024,590851
06,Cantabria,39,Cantabria,Hombres,2025,287460
06,Cantabria,39,Cantabria,Mujeres,2025,306163
06,Cantabria,39,Cantabria,Total,2025,593623
10,Comunitat Valenciana,12,Castellón/Castelló,Hombres,2021,291857
10,Comunitat Valenciana,12,Castellón/Castelló,Mujeres,2021,295775
10,Comunitat Valenciana,12,Castellón/Castelló,Total,2021,587632
10,Comunitat Valenciana,12,Castellón/Castelló,Hombres,2022,293616
10,Comunitat Valenciana,12,Castellón/Castelló,Mujeres,2022,297684
10,Comunitat Valenciana,12,Castellón/Castelló,Total,2022,591300
10,Comunitat Valenciana,12,Castellón/Castelló,Hombres,2023,299780
10,Comunitat Valenciana,12,Castellón/Castelló,Mujeres,2023,304306
10,Comunitat Valenciana,12,Castellón/Castelló,Total,2023,604086
10,Comunitat Valenciana,12,Castellón/Castelló,Hombres,2024,305611
10,Comunitat Valenciana,12,Castellón/Castelló,Mujeres,2024,309577
10,Comunitat Valenciana,12,Castellón/Castelló,Total,2024,615188
10,Comunitat Valenciana,12,Castellón/Castelló,Hombres,2025,312091
10,Comunitat Valenciana,12,Castellón/Castelló,Mujeres,2025,315529
10,Comunitat Valenciana,12,Castellón/Castelló,Total,2025,627620
18,Ceuta,51,Ceuta,Hombres,2021,42536
18,Ceuta,51,Ceuta,Mujeres,2021,41535
18,Ceuta,51,Ceuta,Total,2021,84071
18,Ceuta,51,Ceuta,Hombres,2022,41908
18,Ceuta,51,Ceuta,Mujeres,2022,41143
18,Ceuta,51,Ceuta,Total,2022,83051
18,Ceuta,51,Ceuta,Hombres,2023,41897
18,Ceuta,51,Ceuta,Mujeres,2023,41155
18,Ceuta,51,Ceuta,Total,2023,83052
18,Ceuta,51,Ceuta,Hombres,2024,41957
18,Ceuta,51,Ceuta,Mujeres,2024,41222
18,Ceuta,51,Ceuta,Total,2024,83179
18,Ceuta,51,Ceuta,Hombres,2025,42147
18,Ceuta,51,Ceuta,Mujeres,2025,41420
18,Ceuta,51,Ceuta,Total,2025,83567
08,Castilla - La Mancha,13,Ciudad Real,Hombres,2021,244112
08,Castilla - La Mancha,13,Ciudad Real,Mujeres,2021,248788
08,Castilla - La Mancha,13,Ciudad Real,Total,2021,492900
08,Castilla - La Mancha,13,Ciudad Real,Hombres,2022,243274
08,Castilla - La Mancha,13,Ciudad Real,Mujeres,2022,247676
08,Castilla - La Mancha,13,Ciudad Real,Total,2022,490950
08,Castilla - La Mancha,13,Ciudad Real,Hombres,2023,243873
08,Castilla - La Mancha,13,Ciudad Real,Mujeres,2023,248054
08,Castilla - La Mancha,13,Ciudad Real,Total,2023,491927
08,Castilla - La Mancha,13,Ciudad Real,Hombres,2024,244437
08,Castilla - La Mancha,13,Ciudad Real,Mujeres,2024,248511
08,Castilla - La Mancha,13,Ciudad Real,Total,2024,492948
08,Castilla - La Mancha,13,Ciudad Real,Hombres,2025,245530
08,Castilla - La Mancha,13,Ciudad Real,Mujeres,2025,249318
08,Castilla - La Mancha,13,Ciudad Real,Total,2025,494848
12,Galicia,15,"Coruña, A",Hombres,2021,537361
12,Galicia,15,"Coruña, A",Mujeres,2021,583140
12,Galicia,15,"Coruña, A",Total,2021,1120501
12,Galicia,15,"Coruña, A",Hombres,2022,536697
12,Galicia,15,"Coruña, A",Mujeres,2022,582467
12,Galicia,15,"Coruña, A",Total,2022,1119164
12,Galicia,15,"Coruña, A",Hombres,2023,538523
12,Galicia,15,"Coruña, A",Mujeres,2023,585361
12,Galicia,15,"Coruña, A",Total,2023,1123884
12,Galicia,15,"Coruña, A",Hombres,2024,540524
12,Galicia,15,"Coruña, A",Mujeres,2024,587925
12,Galicia,15,"Coruña, A",Total,2024,1128449
12,Galicia,15,"Coruña, A",Hombres,2025,544635
12,Galicia,15,"Coruña, A",Mujeres,2025,590988
12,Galicia,15,"Coruña, A",Total,2025,1135623
08,Castilla - La Mancha,16,Cuenca,Hombres,2021,98748
08,Castilla - La Mancha,16,Cuenca,Mujeres,2021,97762
08,Castilla - La Mancha,16,Cuenca,Total,2021,196510
08,Castilla - La Mancha,16,Cuenca,Hombres,2022,98835
08,Castilla - La Mancha,16,Cuenca,Mujeres,2022,97805
08,Castilla - La Mancha,16,Cuenca,Total,2022,196640
08,Castilla - La Mancha,16,Cuenca,Hombres,2023,99934
08,Castilla - La Mancha,16,Cuenca,Mujeres,2023,98502
08,Castilla - La Mancha,16,Cuenca,Total,2023,198436
08,Castilla - La Mancha,16,Cuenca,Hombres,2024,100365
08,Castilla - La Mancha,16,Cuenca,Mujeres,2024,98660
08,Castilla - La Mancha,16,Cuenca,Total,2024,199025
08,Castilla - La Mancha,16,Cuenca,Hombres,2025,100975
08,Castilla - La Mancha,16,Cuenca,Mujeres,2025,98884
08,Castilla - La Mancha,16,Cuenca,Total,2025,199859
11,Extremadura,10,Cáceres,Hombres,2021,193987
11,Extremadura,10,Cáceres,Mujeres,2021,196557
11,Extremadura,10,Cáceres,Total,2021,390544
11,Extremadura,10,Cáceres,Hombres,2022,193077
11,Extremadura,10,Cáceres,Mujeres,2022,195880
11,Extremadura,10,Cáceres,Total,2022,388957
11,Extremadura,10,Cáceres,Hombres,2023,192508
11,Extremadura,10,Cáceres,Mujeres,2023,195749
11,Extremadura,10,Cáceres,Total,2023,388257
11,Extremadura,10,Cáceres,Hombres,2024,192745
11,Extremadura,10,Cáceres,Mujeres,2024,195907
11,Extremadura,10,Cáceres,Total,2024,388652
11,Extremadura,10,Cáceres,Hombres,2025,192256
11,Extremadura,10,Cáceres,Mujeres,2025,195934
11,Extremadura,10,Cáceres,Total,2025,388190
01,Andalucía,11,Cádiz,Hombres,2021,616595
01,Andalucía,11,Cádiz,Mujeres,2021,633278
01,Andalucía,11,Cádiz,Total,2021,1249873
01,Andalucía,11,Cádiz,Hombres,2022,616647
01,Andalucía,11,Cádiz,Mujeres,2022,633898
01,Andalucía,11,Cádiz,Total,2022,1250545
01,Andalucía,11,Cádiz,Hombres,2023,618291
01,Andalucía,11,Cádiz,Mujeres,2023,636575
01,Andalucía,11,Cádiz,Total,2023,1254866
01,Andalucía,11,Cádiz,Hombres,2024,619543
01,Andalucía,11,Cádiz,Mujeres,2024,639187
01,Andalucía,11,Cádiz,Total,2024,1258730
01,Andalucía,11,Cádiz,Hombres,2025,620608
01,Andalucía,11,Cádiz,Mujeres,2025,640812
01,Andalucía,11,Cádiz,Total,2025,1261420
01,Andalucía,14,Córdoba,Hombres,2021,380859
01,Andalucía,14,Córdoba,Mujeres,2021,396763
01,Andalucía,14,Córdoba,Total,2021,777622
01,Andalucía,14,Córdoba,Hombres,2022,379567
01,Andalucía,14,Córdoba,Mujeres,2022,395543
01,Andalucía,14,Córdoba,Total,2022,775110
01,Andalucía,14,Córdoba,Hombres,2023,379239
01,Andalucía,14,Córdoba,Mujeres,2023,395763
01,Andalucía,14,Córdoba,Total,2023,775002
01,Andalucía,14,Córdoba,Hombres,2024,378655
01,Andalucía,14,Córdoba,Mujeres,2024,395658
01,Andalucía,14,Córdoba,Total,2024,774313
01,Andalucía,14,Córdoba,Hombres,2025,377929
01,Andalucía,14,Córdoba,Mujeres,2025,395234
01,Andalucía,14,Córdoba,Total,2025,773163
16,País Vasco,20,Gipuzkoa,Hombres,2021,354493
16,País Vasco,20,Gipuzkoa,Mujeres,2021,371015
16,País Vasco,20,Gipuzkoa,Total,2021,725508
16,País Vasco,20,Gipuzkoa,Hombres,2022,353333
16,País Vasco,20,Gipuzkoa,Mujeres,2022,369908
16,País Vasco,20,Gipuzkoa,Total,2022,723241
16,País Vasco,20,Gipuzkoa,Hombres,2023,354758
16,País Vasco,20,Gipuzkoa,Mujeres,2023,371954
16,País Vasco,20,Gipuzkoa,Total,2023,726712
16,País Vasco,20,Gipuzkoa,Hombres,2024,356298
16,País Vasco,20,Gipuzkoa,Mujeres,2024,373424
16,País Vasco,20,Gipuzkoa,Total,2024,729722
16,País Vasco,20,Gipuzkoa,Hombres,2025,358360
16,País Vasco,20,Gipuzkoa,Mujeres,2025,374789
16,País Vasco,20,Gipuzkoa,Total,2025,733149
09,Cataluña,17,Girona,Hombres,2021,393369
09,Cataluña,17,Girona,Mujeres,2021,391572
09,Cataluña,17,Girona,Total,2021,784941
09,Cataluña,17,Girona,Hombres,2022,396258
09,Cataluña,17,Girona,Mujeres,2022,394174
09,Cataluña,17,Girona,Total,2022,790432
09,Cataluña,17,Girona,Hombres,2023,404692
09,Cataluña,17,Girona,Mujeres,2023,403980
09,Cataluña,17,Girona,Total,2023,808672
09,Cataluña,17,Girona,Hombres,2024,411347
09,Cataluña,17,Girona,Mujeres,2024,409761
09,Cataluña,17,Girona,Total,2024,821108
09,Cataluña,17,Girona,Hombres,2025,416380
09,Cataluña,17,Girona,Mujeres,2025,414049
09,Cataluña,17,Girona,Total,2025,830429
01,Andalucía,18,Granada,Hombres,2021,456393
01,Andalucía,18,Granada,Mujeres,2021,468653
01,Andalucía,18,Granada,Total,2021,925046
01,Andalucía,18,Granada,Hombres,2022,456834
01,Andalucía,18,Granada,Mujeres,2022,469185
01,Andalucía,18,Granada,Total,2022,926019
01,Andalucía,18,Granada,Hombres,2023,460537
01,Andalucía,18,Granada,Mujeres,2023,473535
01,Andalucía,18,Granada,Total,2023,934072
01,Andalucía,18,Granada,Hombres,2024,462515
01,Andalucía,18,Granada,Mujeres,2024,477226
01,Andalucía,18,Granada,Total,2024,939741
01,Andalucía,18,Granada,Hombres,2025,464948
01,Andalucía,18,Granada,Mujeres,2025,480849
01,Andalucía,18,Granada,Total,2025,945797
08,Castilla - La Mancha,19,Guadalajara,Hombres,2021,134874
08,Castilla - La Mancha,19,Guadalajara,Mujeres,2021,131095
08,Castilla - La Mancha,19,Guadalajara,Total,2021,265969
08,Castilla - La Mancha,19,Guadalajara,Hombres,2022,136128
08,Castilla - La Mancha,19,Guadalajara,Mujeres,2022,132284
08,Castilla - La Mancha,19,Guadalajara,Total,2022,268412
08,Castilla - La Mancha,19,Guadalajara,Hombres,2023,139416
08,Castilla - La Mancha,19,Guadalajara,Mujeres,2023,135666
08,Castilla - La Mancha,19,Guadalajara,Total,2023,275082
08,Castilla - La Mancha,19,Guadalajara,Hombres,2024,142037
08,Castilla - La Mancha,19,Guadalajara,Mujeres,2024,138188
08,Castilla - La Mancha,19,Guadalajara,Total,2024,280225
08,Castilla - La Mancha,19,Guadalajara,Hombres,2025,145284
08,Castilla - La Mancha,19,Guadalajara,Mujeres,2025,140555
08,Castilla - La Mancha,19,Guadalajara,Total,2025,285839
01,Andalucía,21,Huelva,Hombres,2021,261186
01,Andalucía,21,Huelva,Mujeres,2021,266068
01,Andalucía,21,Huelva,Total,2021,527254
01,Andalucía,21,Huelva,Hombres,2022,263398
01,Andalucía,21,Huelva,Mujeres,2022,267696
01,Andalucía,21,Huelva,Total,2022,531094
01,Andalucía,21,Huelva,Hombres,2023,265017
01,Andalucía,21,Huelva,Mujeres,2023,269067
01,Andalucía,21,Huelva,Total,2023,534084
01,Andalucía,21,Huelva,Hombres,2024,265662
01,Andalucía,21,Huelva,Mujeres,2024,270072
01,Andalucía,21,Huelva,Total,2024,535734
01,Andalucía,21,Huelva,Hombres,2025,267376
01,Andalucía,21,Huelva,Mujeres,2025,271413
01,Andalucía,21,Huelva,Total,2025,538789
02,Aragón,22,Huesca,Hombres,2021,113456
02,Aragón,22,Huesca,Mujeres,2021,110539
02,Aragón,22,Huesca,Total,2021,223995
02,Aragón,22,Huesca,Hombres,2022,114288
02,Aragón,22,Huesca,Mujeres,2022,110911
02,Aragón,22,Huesca,Total,2022,225199
02,Aragón,22,Huesca,Hombres,2023,114938
02,Aragón,22,Huesca,Mujeres,2023,111940
02,Aragón,22,Huesca,Total,2023,226878
02,Aragón,22,Huesca,Hombres,2024,115992
02,Aragón,22,Huesca,Mujeres,2024,112527
02,Aragón,22,Huesca,Total,2024,228519
02,Aragón,22,Huesca,Hombres,2025,117167
02,Aragón,22,Huesca,Mujeres,2025,112920
02,Aragón,22,Huesca,Total,2025,230087
01,Andalucía,23,Jaén,Hombres,2021,310930
01,Andalucía,23,Jaén,Mujeres,2021,316638
01,Andalucía,23,Jaén,Total,2021,627568
01,Andalucía,23,Jaén,Hombres,2022,309349
01,Andalucía,23,Jaén,Mujeres,2022,314842
01,Andalucía,23,Jaén,Total,2022,624191
01,Andalucía,23,Jaén,Hombres,2023,307398
01,Andalucía,23,Jaén,Mujeres,2023,313239
01,Andalucía,23,Jaén,Total,2023,620637
01,Andalucía,23,Jaén,Hombres,2024,306472
01,Andalucía,23,Jaén,Mujeres,2024,312583
01,Andalucía,23,Jaén,Total,2024,619055
01,Andalucía,23,Jaén,Hombres,2025,305962
01,Andalucía,23,Jaén,Mujeres,2025,312181
01,Andalucía,23,Jaén,Total,2025,618143
07,Castilla y León,24,León,Hombres,2021,220034
07,Castilla y León,24,León,Mujeres,2021,232401
07,Castilla y León,24,León,Total,2021,452435
07,Castilla y León,24,León,Hombres,2022,218430
07,Castilla y León,24,León,Mujeres,2022,230840
07,Castilla y León,24,León,Total,2022,449270
07,Castilla y León,24,León,Hombres,2023,218038
07,Castilla y León,24,León,Mujeres,2023,230535
07,Castilla y León,24,León,Total,2023,448573
07,Castilla y León,24,León,Hombres,2024,217825
07,Castilla y León,24,León,Mujeres,2024,229977
07,Castilla y León,24,León,Total,2024,447802
07,Castilla y León,24,León,Hombres,2025,218106
07,Castilla y León,24,León,Mujeres,2025,229924
07,Castilla y León,24,León,Total,2025,448030
09,Cataluña,25,Lleida,Hombres,2021,224011
09,Cataluña,25,Lleida,Mujeres,2021,215247
09,Cataluña,25,Lleida,Total,2021,439258
09,Cataluña,25,Lleida,Hombres,2022,225105
09,Cataluña,25,Lleida,Mujeres,2022,215778
09,Cataluña,25,Lleida,Total,2022,440883
09,Cataluña,25,Lleida,Hombres,2023,228557
09,Cataluña,25,Lleida,Mujeres,2023,218786
09,Cataluña,25,Lleida,Total,2023,447343
09,Cataluña,25,Lleida,Hombres,2024,231053
09,Cataluña,25,Lleida,Mujeres,2024,220654
09,Cataluña,25,Lleida,Total,2024,451707
09,Cataluña,25,Lleida,Hombres,2025,235446
09,Cataluña,25,Lleida,Mujeres,2025,222780
09,Cataluña,25,Lleida,Total,2025,458226
12,Galicia,27,Lugo,Hombres,2021,158003
12,Galicia,27,Lugo,Mujeres,2021,168065
12,Galicia,27,Lugo,Total,2021,326068
12,Galicia,27,Lugo,Hombres,2022,157157
12,Galicia,27,Lugo,Mujeres,2022,167083
12,Galicia,27,Lugo,Total,2022,324240
12,Galicia,27,Lugo,Hombres,2023,157332
12,Galicia,27,Lugo,Mujeres,2023,166935
12,Galicia,27,Lugo,Total,2023,324267
12,Galicia,27,Lugo,Hombres,2024,157715
12,Galicia,27,Lugo,Mujeres,2024,167333
12,Galicia,27,Lugo,Total,2024,325048
12,Galicia,27,Lugo,Hombres,2025,158220
12,Galicia,27,Lugo,Mujeres,2025,167802
12,Galicia,27,Lugo,Total,2025,326022
13,"Madrid, Comunidad de",28,Madrid,Hombres,2021,3221401
13,"Madrid, Comunidad de",28,Madrid,Mujeres,2021,3505239
13,"Madrid, Comunidad de",28,Madrid,Total,2021,6726640
13,"Madrid, Comunidad de",28,Madrid,Hombres,2022,3229127
13,"Madrid, Comunidad de",28,Madrid,Mujeres,2022,3514127
13,"Madrid, Comunidad de",28,Madrid,Total,2022,6743254
13,"Madrid, Comunidad de",28,Madrid,Hombres,2023,3288197
13,"Madrid, Comunidad de",28,Madrid,Mujeres,2023,3583706
13,"Madrid, Comunidad de",28,Madrid,Total,2023,6871903
13,"Madrid, Comunidad de",28,Madrid,Hombres,2024,3356163
13,"Madrid, Comunidad de",28,Madrid,Mujeres,2024,3653105
13,"Madrid, Comunidad de",28,Madrid,Total,2024,7009268
13,"Madrid, Comunidad de",28,Madrid,Hombres,2025,3407410
13,"Madrid, Comunidad de",28,Madrid,Mujeres,2025,3706476
13,"Madrid, Comunidad de",28,Madrid,Total,2025,7113886
19,Melilla,52,Melilla,Hombres,2021,43823
19,Melilla,52,Melilla,Mujeres,2021,42627
19,Melilla,52,Melilla,Total,2021,86450
19,Melilla,52,Melilla,Hombres,2022,42978
19,Melilla,52,Melilla,Mujeres,2022,41954
19,Melilla,52,Melilla,Total,2022,84932
19,Melilla,52,Melilla,Hombres,2023,43162
19,Melilla,52,Melilla,Mujeres,2023,42331
19,Melilla,52,Melilla,Total,2023,85493
19,Melilla,52,Melilla,Hombres,2024,43252
19,Melilla,52,Melilla,Mujeres,2024,42733
19,Melilla,52,Melilla,Total,2024,85985
19,Melilla,52,Melilla,Hombres,2025,43770
19,Melilla,52,Melilla,Mujeres,2025,43297
19,Melilla,52,Melilla,Total,2025,87067
14,"Murcia, Región de",30,Murcia,Hombres,2021,760831
14,"Murcia, Región de",30,Murcia,Mujeres,2021,757448
14,"Murcia, Región de",30,Murcia,Total,2021,1518279
14,"Murcia, Región de",30,Murcia,Hombres,2022,767117
14,"Murcia, Región de",30,Murcia,Mujeres,2022,762541
14,"Murcia, Región de",30,Murcia,Total,2022,1529658
14,"Murcia, Región de",30,Murcia,Hombres,2023,777819
14,"Murcia, Región de",30,Murcia,Mujeres,2023,773873
14,"Murcia, Región de",30,Murcia,Total,2023,1551692
14,"Murcia, Región de",30,Murcia,Hombres,2024,786038
14,"Murcia, Región de",30,Murcia,Mujeres,2024,782454
14,"Murcia, Región de",30,Murcia,Total,2024,1568492
14,"Murcia, Región de",30,Murcia,Hombres,2025,794905
14,"Murcia, Región de",30,Murcia,Mujeres,2025,792084
14,"Murcia, Región de",30,Murcia,Total,2025,1586989
01,Andalucía,29,Málaga,Hombres,2021,831211
01,Andalucía,29,Málaga,Mujeres,2021,865744
01,Andalucía,29,Málaga,Total,2021,1696955
01,Andalucía,29,Málaga,Hombres,2022,840038
01,Andalucía,29,Málaga,Mujeres,2022,875071
01,Andalucía,29,Málaga,Total,2022,1715109
01,Andalucía,29,Málaga,Hombres,2023,857246
01,Andalucía,29,Málaga,Mujeres,2023,895482
01,Andalucía,29,Málaga,Total,2023,1752728
01,Andalucía,29,Málaga,Hombres,2024,867140
01,Andalucía,29,Málaga,Mujeres,2024,907561
01,Andalucía,29,Málaga,Total,2024,1774701
01,Andalucía,29,Málaga,Hombres,2025,874712
01,Andalucía,29,Málaga,Mujeres,2025,916471
01,Andalucía,29,Málaga,Total,2025,1791183
15,"Navarra, Comunidad Foral de",31,Navarra,Hombres,2021,327940
15,"Navarra, Comunidad Foral de",31,Navarra,Mujeres,2021,334092
15,"Navarra, Comunidad Foral de",31,Navarra,Total,2021,662032
15,"Navarra, Comunidad Foral de",31,Navarra,Hombres,2022,329064
15,"Navarra, Comunidad Foral de",31,Navarra,Mujeres,2022,335450
15,"Navarra, Comunidad Foral de",31,Navarra,Total,2022,664514
15,"Navarra, Comunidad Foral de",31,Navarra,Hombres,2023,332575
15,"Navarra, Comunidad Foral de",31,Navarra,Mujeres,2023,339580
15,"Navarra, Comunidad Foral de",31,Navarra,Total,2023,672155
15,"Navarra, Comunidad Foral de",31,Navarra,Hombres,2024,335919
15,"Navarra, Comunidad Foral de",31,Navarra,Mujeres,2024,342414
15,"Navarra, Comunidad Foral de",31,Navarra,Total,2024,678333
15,"Navarra, Comunidad Foral de",31,Navarra,Hombres,2025,338835
15,"Navarra, Comunidad Foral de",31,Navarra,Mujeres,2025,345019
15,"Navarra, Comunidad Foral de",31,Navarra,Total,2025,683854
12,Galicia,32,Ourense,Hombres,2021,146630
12,Galicia,32,Ourense,Mujeres,2021,158667
12,Galicia,32,Ourense,Total,2021,305297
12,Galicia,32,Ourense,Hombres,2022,146112
12,Galicia,32,Ourense,Mujeres,2022,158111
12,Galicia,32,Ourense,Total,2022,304223
12,Galicia,32,Ourense,Hombres,2023,146271
12,Galicia,32,Ourense,Mujeres,2023,158292
12,Galicia,32,Ourense,Total,2023,304563
12,Galicia,32,Ourense,Hombres,2024,146181
12,Galicia,32,Ourense,Mujeres,2024,158286
12,Galicia,32,Ourense,Total,2024,304467
12,Galicia,32,Ourense,Hombres,2025,146646
12,Galicia,32,Ourense,Mujeres,2025,158632
12,Galicia,32,Ourense,Total,2025,305278
07,Castilla y León,34,Palencia,Hombres,2021,78883
07,Castilla y León,34,Palencia,Mujeres,2021,80263
07,Castilla y León,34,Palencia,Total,2021,159146
07,Castilla y León,34,Palencia,Hombres,2022,78316
07,Castilla y León,34,Palencia,Mujeres,2022,79677
07,Castilla y León,34,Palencia,Total,2022,157993
07,Castilla y León,34,Palencia,Hombres,2023,78125
07,Castilla y León,34,Palencia,Mujeres,2023,79662
07,Castilla y León,34,Palencia,Total,2023,157787
07,Castilla y León,34,Palencia,Hombres,2024,78343
07,Castilla y León,34,Palencia,Mujeres,2024,79720
07,Castilla y León,34,Palencia,Total,2024,158063
07,Castilla y León,34,Palencia,Hombres,2025,78800
07,Castilla y León,34,Palencia,Mujeres,2025,79902
07,Castilla y León,34,Palencia,Total,2025,158702
05,Canarias,35,"Palmas, Las",Hombres,2021,563160
05,Canarias,35,"Palmas, Las",Mujeres,2021,568199
05,Canarias,35,"Palmas, Las",Total,2021,1131359
05,Canarias,35,"Palmas, Las",Hombres,2022,563763
05,Canarias,35,"Palmas, Las",Mujeres,2022,569970
05,Canarias,35,"Palmas, Las",Total,2022,1133733
05,Canarias,35,"Palmas, Las",Hombres,2023,569470
05,Canarias,35,"Palmas, Las",Mujeres,2023,576373
05,Canarias,35,"Palmas, Las",Total,2023,1145843
05,Canarias,35,"Palmas, Las",Hombres,2024,576064
05,Canarias,35,"Palmas, Las",Mujeres,2024,583826
05,Canarias,35,"Palmas, Las",Total,2024,1159890
05,Canarias,35,"Palmas, Las",Hombres,2025,581743
05,Canarias,35,"Palmas, Las",Mujeres,2025,589804
05,Canarias,35,"Palmas, Las",Total,2025,1171547
12,Galicia,36,Pontevedra,Hombres,2021,457497
12,Galicia,36,Pontevedra,Mujeres,2021,488814
12,Galicia,36,Pontevedra,Total,2021,946311
12,Galicia,36,Pontevedra,Hombres,2022,456616
12,Galicia,36,Pontevedra,Mujeres,2022,488582
12,Galicia,36,Pontevedra,Total,2022,945198
12,Galicia,36,Pontevedra,Hombres,2023,456938
12,Galicia,36,Pontevedra,Mujeres,2023,489772
12,Galicia,36,Pontevedra,Total,2023,946710
12,Galicia,36,Pontevedra,Hombres,2024,457324
12,Galicia,36,Pontevedra,Mujeres,2024,490545
12,Galicia,36,Pontevedra,Total,2024,947869
12,Galicia,36,Pontevedra,Hombres,2025,457326
12,Galicia,36,Pontevedra,Mujeres,2025,490492
12,Galicia,36,Pontevedra,Total,2025,947818
17,"Rioja, La",26,"Rioja, La",Hombres,2021,157763
17,"Rioja, La",26,"Rioja, La",Mujeres,2021,161681
17,"Rioja, La",26,"Rioja, La",Total,2021,319444
17,"Rioja, La",26,"Rioja, La",Hombres,2022,157875
17,"Rioja, La",26,"Rioja, La",Mujeres,2022,161742
17,"Rioja, La",26,"Rioja, La",Total,2022,319617
17,"Rioja, La",26,"Rioja, La",Hombres,2023,159151
17,"Rioja, La",26,"Rioja, La",Mujeres,2023,163131
17,"Rioja, La",26,"Rioja, La",Total,2023,322282
17,"Rioja, La",26,"Rioja, La",Hombres,2024,159979
17,"Rioja, La",26,"Rioja, La",Mujeres,2024,164205
17,"Rioja, La",26,"Rioja, La",Total,2024,324184
17,"Rioja, La",26,"Rioja, La",Hombres,2025,161177
17,"Rioja, La",26,"Rioja, La",Mujeres,2025,165626
17,"Rioja, La",26,"Rioja, La",Total,2025,326803
07,Castilla y León,37,Salamanca,Hombres,2021,159202
07,Castilla y León,37,Salamanca,Mujeres,2021,168533
07,Castilla y León,37,Salamanca,Total,2021,327735
07,Castilla y León,37,Salamanca,Hombres,2022,158487
07,Castilla y León,37,Salamanca,Mujeres,2022,167798
07,Castilla y León,37,Salamanca,Total,2022,326285
07,Castilla y León,37,Salamanca,Hombres,2023,158779
07,Castilla y León,37,Salamanca,Mujeres,2023,168310
07,Castilla y León,37,Salamanca,Total,2023,327089
07,Castilla y León,37,Salamanca,Hombres,2024,158694
07,Castilla y León,37,Salamanca,Mujeres,2024,168858
07,Castilla y León,37,Salamanca,Total,2024,327552
07,Castilla y León,37,Salamanca,Hombres,2025,159116
07,Castilla y León,37,Salamanca,Mujeres,2025,169330
07,Castilla y León,37,Salamanca,Total,2025,328446
05,Canarias,38,Santa Cruz de Tenerife,Hombres,2021,514700
05,Canarias,38,Santa Cruz de Tenerife,Mujeres,2021,532865
05,Canarias,38,Santa Cruz de Tenerife,Total,2021,1047565
05,Canarias,38,Santa Cruz de Tenerife,Hombres,2022,516481
05,Canarias,38,Santa Cruz de Tenerife,Mujeres,2022,535393
05,Canarias,38,Santa Cruz de Tenerife,Total,2022,1051874
05,Canarias,38,Santa Cruz de Tenerife,Hombres,2023,523253
05,Canarias,38,Santa Cruz de Tenerife,Mujeres,2023,543920
05,Canarias,38,Santa Cruz de Tenerife,Total,2023,1067173
05,Canarias,38,Santa Cruz de Tenerife,Hombres,2024,528973
05,Canarias,38,Santa Cruz de Tenerife,Mujeres,2024,549891
05,Canarias,38,Santa Cruz de Tenerife,Total,2024,1078864
05,Canarias,38,Santa Cruz de Tenerife,Hombres,2025,533078
05,Canarias,38,Santa Cruz de Tenerife,Mujeres,2025,554241
05,Canarias,38,Santa Cruz de Tenerife,Total,2025,1087319
07,Castilla y León,40,Segovia,Hombres,2021,77152
07,Castilla y León,40,Segovia,Mujeres,2021,76474
07,Castilla y León,40,Segovia,Total,2021,153626
07,Castilla y León,40,Segovia,Hombres,2022,77203
07,Castilla y León,40,Segovia,Mujeres,2022,76528
07,Castilla y León,40,Segovia,Total,2022,153731
07,Castilla y León,40,Segovia,Hombres,2023,77867
07,Castilla y León,40,Segovia,Mujeres,2023,77465
07,Castilla y León,40,Segovia,Total,2023,155332
07,Castilla y León,40,Segovia,Hombres,2024,78509
07,Castilla y León,40,Segovia,Mujeres,2024,78111
07,Castilla y León,40,Segovia,Total,2024,156620
07,Castilla y León,40,Segovia,Hombres,2025,79417
07,Castilla y León,40,Segovia,Mujeres,2025,78834
07,Castilla y León,40,Segovia,Total,2025,158251
01,Andalucía,41,Sevilla,Hombres,2021,952623
01,Andalucía,41,Sevilla,Mujeres,2021,997433
01,Andalucía,41,Sevilla,Total,2021,1950056
01,Andalucía,41,Sevilla,Hombres,2022,952462
01,Andalucía,41,Sevilla,Mujeres,2022,997096
01,Andalucía,41,Sevilla,Total,2022,1949558
01,Andalucía,41,Sevilla,Hombres,2023,956407
01,Andalucía,41,Sevilla,Mujeres,2023,1002987
01,Andalucía,41,Sevilla,Total,2023,1959394
01,Andalucía,41,Sevilla,Hombres,2024,960265
01,Andalucía,41,Sevilla,Mujeres,2024,1008359
01,Andalucía,41,Sevilla,Total,2024,1968624
01,Andalucía,41,Sevilla,Hombres,2025,964221
01,Andalucía,41,Sevilla,Mujeres,2025,1013443
01,Andalucía,41,Sevilla,Total,2025,1977664
07,Castilla y León,42,Soria,Hombres,2021,44939
07,Castilla y León,42,Soria,Mujeres,2021,43857
07,Castilla y León,42,Soria,Total,2021,88796
07,Castilla y León,42,Soria,Hombres,2022,44754
07,Castilla y León,42,Soria,Mujeres,2022,43576
07,Castilla y León,42,Soria,Total,2022,88330
07,Castilla y León,42,Soria,Hombres,2023,45396
07,Castilla y León,42,Soria,Mujeres,2023,44132
07,Castilla y León,42,Soria,Total,2023,89528
07,Castilla y León,42,Soria,Hombres,2024,45733
07,Castilla y León,42,Soria,Mujeres,2024,44340
07,Castilla y León,42,Soria,Total,2024,90073
07,Castilla y León,42,Soria,Hombres,2025,45838
07,Castilla y León,42,Soria,Mujeres,2025,44345
07,Castilla y León,42,Soria,Total,2025,90183
09,Cataluña,43,Tarragona,Hombres,2021,411553
09,Cataluña,43,Tarragona,Mujeres,2021,411882
09,Cataluña,43,Tarragona,Total,2021,823435
09,Cataluña,43,Tarragona,Hombres,2022,415112
09,Cataluña,43,Tarragona,Mujeres,2022,415794
09,Cataluña,43,Tarragona,Total,2022,830906
09,Cataluña,43,Tarragona,Hombres,2023,423714
09,Cataluña,43,Tarragona,Mujeres,2023,424878
09,Cataluña,43,Tarragona,Total,2023,848592
09,Cataluña,43,Tarragona,Hombres,2024,430577
09,Cataluña,43,Tarragona,Mujeres,2024,431167
09,Cataluña,43,Tarragona,Total,2024,861744
09,Cataluña,43,Tarragona,Hombres,2025,438344
09,Cataluña,43,Tarragona,Mujeres,2025,437186
09,Cataluña,43,Tarragona,Total,2025,875530
02,Aragón,44,Teruel,Hombres,2021,68143
02,Aragón,44,Teruel,Mujeres,2021,66116
02,Aragón,44,Teruel,Total,2021,134259
02,Aragón,44,Teruel,Hombres,2022,68120
02,Aragón,44,Teruel,Mujeres,2022,66012
02,Aragón,44,Teruel,Total,2022,134132
02,Aragón,44,Teruel,Hombres,2023,68416
02,Aragón,44,Teruel,Mujeres,2023,66630
02,Aragón,44,Teruel,Total,2023,135046
02,Aragón,44,Teruel,Hombres,2024,68621
02,Aragón,44,Teruel,Mujeres,2024,66688
02,Aragón,44,Teruel,Total,2024,135309
02,Aragón,44,Teruel,Hombres,2025,69356
02,Aragón,44,Teruel,Mujeres,2025,66735
02,Aragón,44,Teruel,Total,2025,136091
08,Castilla - La Mancha,45,Toledo,Hombres,2021,357475
08,Castilla - La Mancha,45,Toledo,Mujeres,2021,352925
08,Castilla - La Mancha,45,Toledo,Total,2021,710400
08,Castilla - La Mancha,45,Toledo,Hombres,2022,360259
08,Castilla - La Mancha,45,Toledo,Mujeres,2022,356050
08,Castilla - La Mancha,45,Toledo,Total,2022,716309
08,Castilla - La Mancha,45,Toledo,Hombres,2023,367880
08,Castilla - La Mancha,45,Toledo,Mujeres,2023,363232
08,Castilla - La Mancha,45,Toledo,Total,2023,731112
08,Castilla - La Mancha,45,Toledo,Hombres,2024,373623
08,Castilla - La Mancha,45,Toledo,Mujeres,2024,369542
08,Castilla - La Mancha,45,Toledo,Total,2024,743165
08,Castilla - La Mancha,45,Toledo,Hombres,2025,379593
08,Castilla - La Mancha,45,Toledo,Mujeres,2025,375488
08,Castilla - La Mancha,45,Toledo,Total,2025,755081
10,Comunitat Valenciana,46,Valencia/València,Hombres,2021,1270661
10,Comunitat Valenciana,46,Valencia/València,Mujeres,2021,1322582
10,Comunitat Valenciana,46,Valencia/València,Total,2021,2593243
10,Comunitat Valenciana,46,Valencia/València,Hombres,2022,1277994
10,Comunitat Valenciana,46,Valencia/València,Mujeres,2022,1331328
10,Comunitat Valenciana,46,Valencia/València,Total,2022,2609322
10,Comunitat Valenciana,46,Valencia/València,Hombres,2023,1299669
10,Comunitat Valenciana,46,Valencia/València,Mujeres,2023,1357172
10,Comunitat Valenciana,46,Valencia/València,Total,2023,2656841
10,Comunitat Valenciana,46,Valencia/València,Hombres,2024,1325449
10,Comunitat Valenciana,46,Valencia/València,Mujeres,2024,1385359
10,Comunitat Valenciana,46,Valencia/València,Total,2024,2710808
10,Comunitat Valenciana,46,Valencia/València,Hombres,2025,1352792
10,Comunitat Valenciana,46,Valencia/València,Mujeres,2025,1411204
10,Comunitat Valenciana,46,Valencia/València,Total,2025,2763996
07,Castilla y León,47,Valladolid,Hombres,2021,252999
07,Castilla y León,47,Valladolid,Mujeres,2021,266381
07,Castilla y León,47,Valladolid,Total,2021,519380
07,Castilla y León,47,Valladolid,Hombres,2022,252298
07,Castilla y León,47,Valladolid,Mujeres,2022,265860
07,Castilla y León,47,Valladolid,Total,2022,518158
07,Castilla y León,47,Valladolid,Hombres,2023,253708
07,Castilla y León,47,Valladolid,Mujeres,2023,267625
07,Castilla y León,47,Valladolid,Total,2023,521333
07,Castilla y León,47,Valladolid,Hombres,2024,255534
07,Castilla y León,47,Valladolid,Mujeres,2024,269582
07,Castilla y León,47,Valladolid,Total,2024,525116
07,Castilla y León,47,Valladolid,Hombres,2025,257383
07,Castilla y León,47,Valladolid,Mujeres,2025,271261
07,Castilla y León,47,Valladolid,Total,2025,528644
07,Castilla y León,49,Zamora,Hombres,2021,83824
07,Castilla y León,49,Zamora,Mujeres,2021,85341
07,Castilla y León,49,Zamora,Total,2021,169165
07,Castilla y León,49,Zamora,Hombres,2022,83170
07,Castilla y León,49,Zamora,Mujeres,2022,84698
07,Castilla y León,49,Zamora,Total,2022,167868
07,Castilla y León,49,Zamora,Hombres,2023,82770
07,Castilla y León,49,Zamora,Mujeres,2023,84157
07,Castilla y León,49,Zamora,Total,2023,166927
07,Castilla y León,49,Zamora,Hombres,2024,82447
07,Castilla y León,49,Zamora,Mujeres,2024,83806
07,Castilla y León,49,Zamora,Total,2024,166253
07,Castilla y León,49,Zamora,Hombres,2025,81978
07,Castilla y León,49,Zamora,Mujeres,2025,83586
07,Castilla y León,49,Zamora,Total,2025,165564
02,Aragón,50,Zaragoza,Hombres,2021,476664
02,Aragón,50,Zaragoza,Mujeres,2021,497020
02,Aragón,50,Zaragoza,Total,2021,973684
02,Aragón,50,Zaragoza,Hombres,2022,474403
02,Aragón,50,Zaragoza,Mujeres,2022,494481
02,Aragón,50,Zaragoza,Total,2022,968884
02,Aragón,50,Zaragoza,Hombres,2023,479320
02,Aragón,50,Zaragoza,Mujeres,2023,500045
02,Aragón,50,Zaragoza,Total,2023,979365
02,Aragón,50,Zaragoza,Hombres,2024,483662
02,Aragón,50,Zaragoza,Mujeres,2024,504101
02,Aragón,50,Zaragoza,Total,2024,987763
02,Aragón,50,Zaragoza,Hombres,2025,490264
02,Aragón,50,Zaragoza,Mujeres,2025,508179
02,Aragón,50,Zaragoza,Total,2025,998443
07,Castilla y León,05,Ávila,Hombres,2021,79884
07,Castilla y León,05,Ávila,Mujeres,2021,79014
07,Castilla y León,05,Ávila,Total,2021,158898
07,Castilla y León,05,Ávila,Hombres,2022,80060
07,Castilla y León,05,Ávila,Mujeres,2022,79042
07,Castilla y León,05,Ávila,Total,2022,159102
07,Castilla y León,05,Ávila,Hombres,2023,80310
07,Castilla y León,05,Ávila,Mujeres,2023,79454
07,Castilla y León,05,Ávila,Total,2023,159764
07,Castilla y León,05,Ávila,Hombres,2024,80595
07,Castilla y León,05,Ávila,Mujeres,2024,79868
07,Castilla y León,05,Ávila,Total,2024,160463
07,Castilla y León,05,Ávila,Hombres,2025,80778
07,Castilla y León,05,Ávila,Mujeres,2025,79960
07,Castilla y León,05,Ávila,Total,2025,160738
