comunidad_autonoma,provincia,anio,asalariados_hombre,asalariados_mujer,asalariados_total,percepciones_por_persona_hombre,percepciones_por_persona_mujer,percepciones_por_persona_total,salarios_totales_euros_hombre,salarios_totales_euros_mujer,salarios_totales_euros_total,salario_medio_anual_euros_hombre,salario_medio_anual_euros_mujer,salario_medio_anual_euros_total,diferencia_salarial_hombre_mujer_euros,brecha_salarial_genero_pct,pct_mujeres_asalariadas
Andalucía,Almería,2023,196008,154000,350008,1.52,1.37,1.45,3869136103,2687636518,6556772621,19740,17452,18733,2288,11.590678824721378,43.99899430870152
Andalucía,Cádiz,2023,279518,230236,509754,1.4,1.36,1.38,6599645122,4008614696,10608259819,23611,17411,20811,6200,26.258947100927532,45.16609972653476
Andalucía,Córdoba,2023,180754,156296,337050,1.69,1.49,1.6,3878938657,2689514628,6568453284,21460,17208,19488,4252,19.813606710158435,46.3717549325026
Andalucía,Granada,2023,208020,185559,393579,1.55,1.38,1.47,4633487676,3467814789,8101302465,22274,18688,20584,3586,16.099488192511448,47.14657032006281
Andalucía,Huelva,2023,138430,128425,266855,1.63,1.5,1.56,2859125724,1947410232,4806535956,20654,15164,18012,5490,26.58080759174978,48.125386445822635
Andalucía,Jaén,2023,150251,120961,271212,2.05,1.61,1.86,2865201671,1960111200,4825312871,19069,16204,17792,2865,15.024385127694162,44.60016518443137
Andalucía,Málaga,2023,383745,355498,739243,1.43,1.38,1.4,9091284494,6786551420,15877835914,23691,19090,21479,4601,19.420877126334897,48.089464492731075
Andalucía,Sevilla,2023,470328,413125,883453,1.48,1.42,1.45,11569196902,7757025731,19326222632,24598,18776,21876,5822,23.66859094235304,46.76253292478491
Aragón,Huesca,2023,56744,48795,105539,1.39,1.37,1.38,1409914960,1003338326,2413253286,24847,20562,22866,4285,17.245542721455305,46.2340935578317
Aragón,Teruel,2023,30820,26832,57652,1.36,1.38,1.37,757636070,554953076,1312589146,24583,20683,22767,3900,15.864621893178214,46.541316866717544
Aragón,Zaragoza,2023,251895,223948,475843,1.4,1.36,1.38,7148773043,4960398919,12109171963,28380,22150,25448,6230,21.952078928823116,47.063422179164135
"Asturias, Principado de","Asturias, Principado de",2023,205379,193990,399369,1.34,1.32,1.33,5882123915,4289784118,10171908032,28640,22113,25470,6527,22.78980446927374,48.57412568326535
"Balears, Illes","Balears,Illes",2023,308531,291277,599808,1.38,1.36,1.37,7994167598,6553579862,14547747461,25910,22499,24254,3411,13.164801235044385,48.561706412718735
Canarias,Las Palmas,2023,273991,256854,530845,1.41,1.38,1.4,6341025661,5285690760,11626716421,23143,20579,21902,2564,11.078943957136067,48.385875349678344
Canarias,S. C. Tenerife,2023,241391,229454,470845,1.41,1.37,1.39,5345234801,4693647570,10038882371,22143,20456,21321,1687,7.618660524770808,48.732385392220365
Cantabria,Cantabria,2023,125755,118933,244688,1.3,1.33,1.32,3326880279,2493563803,5820444083,26455,20966,23787,5489,20.74844074844075,48.6059798600667
Castilla - La Mancha,Albacete,2023,97462,79382,176844,1.54,1.4,1.48,2271724513,1543883644,3815608157,23309,19449,21576,3860,16.56012698957484,44.888150007916586
Castilla - La Mancha,Ciudad Real,2023,114769,90377,205146,1.47,1.36,1.42,2687135877,1725759823,4412895699,23413,19095,21511,4318,18.442745483278518,44.054965731722774
Castilla - La Mancha,Cuenca,2023,44946,37959,82905,1.45,1.37,1.41,980904616,716338726,1697243341,21824,18871,20472,2953,13.530975073313783,45.78614076352452
Castilla - La Mancha,Guadalajara,2023,73285,63439,136724,1.42,1.43,1.43,2043869261,1379311426,3423180687,27889,21742,25037,6147,22.040948044031698,46.39931540914543
Castilla - La Mancha,Toledo,2023,185357,150885,336242,1.39,1.37,1.38,4507647846,2952765719,7460413565,24319,19570,22188,4749,19.527941115999838,44.87393008606897
Castilla y León,Burgos,2023,82304,73969,156273,1.33,1.39,1.36,2308685107,1579953432,3888638539,28051,21360,24884,6691,23.852982068375457,47.33319255405604
Castilla y León,León,2023,91029,86556,177585,1.33,1.36,1.34,2326687485,1813777040,4140464525,25560,20955,23315,4605,18.016431924882628,48.74060309147732
Castilla y León,Palencia,2023,34839,32001,66840,1.33,1.38,1.35,883600884,657497552,1541098436,25362,20546,23057,4816,18.989038719343903,47.877019748653495
Castilla y León,Salamanca,2023,69900,65205,135105,1.35,1.35,1.35,1748467121,1367021015,3115488136,25014,20965,23060,4049,16.186935316222915,48.262462529144
Castilla y León,Segovia,2023,37021,34203,71224,1.39,1.4,1.39,911451918,686109603,1597561521,24620,20060,22430,4560,18.521527213647442,48.02173424688307
Castilla y León,Soria,2023,21328,19170,40498,1.38,1.41,1.39,533790665,420689265,954479931,25028,21945,23569,3083,12.31820361195461,47.335670897328264
Castilla y León,Valladolid,2023,129176,118104,247280,1.37,1.41,1.39,3654353660,2668783643,6323137303,28290,22597,25571,5693,20.123718628490632,47.76124231640246
Castilla y León,Zamora,2023,33399,30757,64156,1.35,1.39,1.37,753504084,592169705,1345673788,22561,19253,20975,3308,14.66247063516688,47.94095641872935
Castilla y León,Ávila,2023,33237,29804,63041,1.35,1.35,1.35,764194529,576498349,1340692878,22992,19343,21267,3649,15.870737647877522,47.27716882663663
Cataluña,Barcelona,2023,1453037,1359520,2812557,1.36,1.36,1.36,46838417763,35442917676,82281335439,32235,26070,29255,6165,19.125174499767333,48.33750924870145
Cataluña,Girona,2023,206135,184365,390500,1.37,1.37,1.37,5341209978,4037239742,9378449720,25911,21898,24017,4013,15.487630735980856,47.212548015364916
Cataluña,Lleida,2023,117554,97644,215198,1.45,1.39,1.42,2921613701,2143655100,5065268801,24853,21954,23538,2899,11.664587776123607,45.37402763966208
Cataluña,Tarragona,2023,206689,181594,388283,1.38,1.36,1.37,5610325410,3971460170,9581785580,27144,21870,24677,5274,19.42970822281167,46.76846526888893
Ceuta,Ceuta,2023,20311,14390,34701,1.37,1.29,1.34,568583354,335072486,903655840,27994,23285,26041,4709,16.821461741801816,41.46854557505548
Comunitat Valenciana,Alicante,2023,418677,373268,791945,1.36,1.32,1.34,9487764119,7130129499,16617893618,22661,19102,20984,3559,15.705396937469661,47.13307110973616
Comunitat Valenciana,Castellón,2023,146305,126814,273119,1.36,1.35,1.36,3789638747,2523997591,6313636338,25902,19903,23117,5999,23.16037371631534,46.43177516027812
Comunitat Valenciana,Valencia,2023,645756,577063,1222819,1.38,1.35,1.37,17124705456,12478838536,29603543992,26519,21625,24209,4894,18.45469286172178,47.191203277018104
Extremadura,Badajoz,2023,153254,134131,287385,1.6,1.49,1.55,3131474548,2307966340,5439440889,20433,17207,18927,3226,15.788185777908287,46.67293004158185
Extremadura,Cáceres,2023,85531,77593,163124,1.48,1.4,1.44,1820062022,1404798316,3224860339,21280,18105,19769,3175,14.920112781954886,47.56688163605601
Galicia,A Coruña,2023,243105,231926,475031,1.31,1.32,1.31,6942806519,5388349343,12331155861,28559,23233,25959,5326,18.649112363878288,48.82333995044534
Galicia,Lugo,2023,62698,61041,123739,1.32,1.33,1.33,1521815565,1287509645,2809325210,24272,21093,22704,3179,13.09739617666447,49.33044553455257
Galicia,Ourense,2023,56336,53806,110142,1.31,1.3,1.31,1331758526,1123755775,2455514301,23640,20885,22294,2755,11.653976311336717,48.85148263151205
Galicia,Pontevedra,2023,204943,192883,397826,1.32,1.34,1.33,5246362644,3975961776,9222324420,25599,20613,23182,4986,19.477323332942692,48.48426196377311
"Madrid, Comunidad de","Madrid, Comunidad de",2023,1784564,1691451,3476015,1.37,1.36,1.36,64017401565,46906307639,110923709204,35873,27731,31911,8142,22.696735706520226,48.66063581428734
Melilla,Melilla,2023,21004,14545,35549,1.46,1.33,1.4,541528664,331968087,873496751,25782,22824,24572,2958,11.473120781940889,40.91535626881206
"Murcia, Región de","Murcia, Región de",2023,389344,316418,705762,1.46,1.38,1.43,9045995969,6115544519,15161540489,23234,19327,21483,3907,16.81587328914522,44.833527449763515
"Rioja, La","Rioja, La",2023,71387,67304,138691,1.4,1.38,1.39,1800659270,1411615794,3212275063,25224,20974,23161,4250,16.849032667300985,48.52802272678112
