codigo_provincia,provincia,anio,establecimientos_abiertos_estimados,grado_ocupacion_habitaciones_pct,grado_ocupacion_plazas_fin_semana_pct,grado_ocupacion_plazas_pct,habitaciones_estimadas,personal_empleado,plazas_estimadas
01,Araba/Álava,2015,72.66666666666667,49.94083333333333,52.185833333333335,42.498333333333335,2201.6666666666665,530.0833333333334,4243.833333333333
01,Araba/Álava,2016,71.41666666666667,54.14416666666667,54.73,44.24916666666667,2214.4166666666665,495.0,4286.333333333333
01,Araba/Álava,2017,74.33333333333333,58.18333333333334,58.4375,47.77,2242.75,487.1666666666667,4371.416666666667
01,Araba/Álava,2018,71.41666666666667,60.305,57.729166666666664,48.6975,2229.4166666666665,468.3333333333333,4371.416666666667
01,Araba/Álava,2019,65.83333333333333,61.639166666666675,59.02916666666667,49.10999999999999,2161.1666666666665,446.5833333333333,4266.25
01,Araba/Álava,2020,44.833333333333336,34.38583333333333,27.755,25.752499999999998,1565.25,264.5833333333333,3083.5833333333335
01,Araba/Álava,2021,58.583333333333336,46.82333333333333,43.324999999999996,37.165,2058.8333333333335,353.1666666666667,4116.0
01,Araba/Álava,2022,65.83333333333333,61.056666666666665,59.23166666666666,50.405,2179.1666666666665,418.0,4342.25
01,Araba/Álava,2023,69.91666666666667,64.68833333333333,63.48916666666667,54.03333333333333,2348.8333333333335,449.1666666666667,4660.166666666667
01,Araba/Álava,2024,69.33333333333333,65.45166666666667,64.08583333333333,54.79833333333334,2485.8333333333335,465.3333333333333,4979.333333333333
01,Araba/Álava,2025,72.58333333333333,69.82166666666667,64.64916666666666,56.11083333333334,2641.25,464.1666666666667,5326.666666666667
02,Albacete,2015,143.0,32.01,35.0375,26.645,3285.5,563.25,6256.416666666667
02,Albacete,2016,139.5,33.255,38.0925,27.686666666666667,3230.4166666666665,589.5833333333334,6173.083333333333
02,Albacete,2017,131.5,36.401666666666664,39.659166666666664,30.074166666666667,3170.0,602.9166666666666,6088.916666666667
02,Albacete,2018,128.66666666666666,37.5575,41.652499999999996,31.16,3089.4166666666665,538.6666666666666,5962.75
02,Albacete,2019,126.91666666666667,40.39083333333333,46.12083333333334,33.652499999999996,3093.0,530.9166666666666,5964.833333333333
02,Albacete,2020,91.25,25.790833333333335,20.9175,18.7375,2058.75,298.25,3944.75
02,Albacete,2021,111.83333333333333,33.16583333333333,31.3075,25.367500000000003,2683.6666666666665,352.75,5131.583333333333
02,Albacete,2022,132.08333333333334,40.53666666666667,40.265,32.12833333333334,3154.1666666666665,423.9166666666667,6093.916666666667
02,Albacete,2023,132.41666666666666,43.215,42.26583333333333,33.87583333333333,3147.5,445.6666666666667,6124.25
02,Albacete,2024,132.75,44.4925,45.2475,36.068333333333335,3200.75,456.3333333333333,6213.666666666667
02,Albacete,2025,126.91666666666667,45.362500000000004,46.39833333333333,36.82083333333333,3210.3333333333335,495.9166666666667,6287.25
03,Alicante/Alacant,2015,432.1666666666667,65.985,71.00416666666666,64.20083333333334,34063.583333333336,8335.416666666666,66797.75
03,Alicante/Alacant,2016,428.8333333333333,70.99583333333334,73.75,67.72416666666668,34226.666666666664,8828.416666666666,67418.66666666667
03,Alicante/Alacant,2017,443.0,71.30083333333333,73.64999999999999,67.57166666666667,34831.75,9407.416666666666,68838.25
03,Alicante/Alacant,2018,449.75,70.13166666666667,71.395,65.40166666666666,35147.333333333336,9483.916666666666,70604.75
03,Alicante/Alacant,2019,464.0,69.97083333333333,70.235,63.77,35316.333333333336,9723.416666666666,72176.0
03,Alicante/Alacant,2020,289.5833333333333,32.020833333333336,32.475,27.53833333333333,16949.333333333332,4055.0833333333335,34924.25
03,Alicante/Alacant,2021,367.1666666666667,43.4675,45.73666666666667,38.223333333333336,22498.916666666668,5514.75,46511.5
03,Alicante/Alacant,2022,456.25,64.40166666666667,64.42666666666666,56.91583333333333,33630.166666666664,9251.0,70686.08333333333
03,Alicante/Alacant,2023,470.25,68.115,67.635,59.935833333333335,35261.083333333336,9873.416666666666,74167.91666666667
03,Alicante/Alacant,2024,499.5833333333333,71.53166666666667,68.98,62.850833333333334,36159.416666666664,10260.333333333334,76293.75
03,Alicante/Alacant,2025,546.1666666666666,70.9575,68.99166666666666,62.29583333333334,36901.833333333336,10385.833333333334,78657.08333333333
04,Almería,2015,193.16666666666666,49.72833333333333,44.86833333333333,39.14,11029.583333333334,2758.5,28816.166666666668
04,Almería,2016,195.16666666666666,56.88916666666666,48.89083333333334,44.27916666666667,11465.333333333334,3079.1666666666665,29665.583333333332
04,Almería,2017,205.75,56.62416666666667,49.531666666666666,44.81666666666666,11419.0,3205.0833333333335,29465.25
04,Almería,2018,203.66666666666666,56.6625,49.189166666666665,44.15833333333333,11493.916666666666,3114.6666666666665,29973.083333333332
04,Almería,2019,194.83333333333334,54.51083333333333,48.8775,42.79833333333334,11306.0,3138.6666666666665,29753.0
04,Almería,2020,125.58333333333333,29.53333333333333,24.856666666666666,21.775000000000002,5867.25,1226.5,14644.5
04,Almería,2021,138.33333333333334,41.38666666666666,35.998333333333335,31.639166666666668,7486.5,1847.6666666666667,18924.083333333332
04,Almería,2022,179.91666666666666,53.04749999999999,47.205000000000005,40.99666666666666,10189.25,2944.4166666666665,25987.583333333332
04,Almería,2023,191.33333333333334,53.318333333333335,47.906666666666666,41.336666666666666,10803.0,3135.25,27272.583333333332
04,Almería,2024,199.0,55.3425,48.34,42.380833333333335,11128.083333333334,3291.1666666666665,28528.666666666668
04,Almería,2025,190.5,57.715833333333336,50.69499999999999,44.064166666666665,10949.083333333334,3366.25,28553.833333333332
05,Ávila,2015,102.08333333333333,36.49,44.94166666666666,32.074999999999996,2462.25,578.75,4851.25
05,Ávila,2016,96.75,34.0775,42.97333333333333,30.685833333333335,2328.0833333333335,543.0833333333334,4593.75
05,Ávila,2017,102.08333333333333,37.524166666666666,48.350833333333334,34.6575,2393.5833333333335,571.8333333333334,4732.25
05,Ávila,2018,99.66666666666667,37.560833333333335,50.104166666666664,34.079166666666666,2449.5,575.25,4867.583333333333
05,Ávila,2019,101.75,38.498333333333335,50.20166666666666,34.92,2476.25,582.4166666666666,4927.833333333333
05,Ávila,2021,80.41666666666667,29.055000000000003,34.87833333333334,24.8275,1961.5,383.4166666666667,3961.75
05,Ávila,2022,95.5,37.81,47.34,32.299166666666665,2301.5833333333335,524.4166666666666,4691.0
05,Ávila,2023,96.58333333333333,41.809999999999995,50.56166666666667,35.92333333333333,2350.5833333333335,547.75,4790.916666666667
05,Ávila,2024,99.33333333333333,41.9325,51.80083333333334,36.41166666666667,2363.9166666666665,572.4166666666666,4822.666666666667
05,Ávila,2025,98.58333333333333,39.865833333333335,48.86833333333333,34.681666666666665,2370.4166666666665,590.3333333333334,4871.916666666667
06,Badajoz,2015,193.5,32.82333333333333,36.62416666666667,29.617500000000003,5005.583333333333,1042.75,9472.25
06,Badajoz,2016,194.41666666666666,33.093333333333334,35.55833333333333,29.55666666666667,5098.083333333333,1040.6666666666667,9639.416666666666
06,Badajoz,2017,186.08333333333334,37.145,40.1625,33.10583333333333,4928.333333333333,1059.5833333333333,9327.083333333334
06,Badajoz,2018,180.16666666666666,41.12833333333333,43.75083333333333,36.36333333333334,4857.25,1101.4166666666667,9242.083333333334
06,Badajoz,2019,172.41666666666666,43.012499999999996,44.865833333333335,37.402499999999996,4824.333333333333,1124.3333333333333,9269.25
06,Badajoz,2020,128.41666666666666,24.715,20.98,19.857499999999998,3398.5833333333335,677.1666666666666,6561.666666666667
06,Badajoz,2021,139.33333333333334,34.485,32.527499999999996,27.866666666666664,4052.5,777.75,7919.25
06,Badajoz,2022,154.66666666666666,45.590833333333336,46.696666666666665,38.36833333333333,4477.5,1026.4166666666667,8812.833333333334
06,Badajoz,2023,145.91666666666666,48.4975,46.836666666666666,40.589166666666664,4379.916666666667,1015.4166666666666,8664.416666666666
06,Badajoz,2024,160.5,48.70416666666667,47.81583333333333,40.821666666666665,4535.666666666667,1061.4166666666667,8887.166666666666
06,Badajoz,2025,165.0,46.13583333333333,46.06166666666667,39.071666666666665,4532.583333333333,1044.5,8896.75
07,"Balears, Illes",2015,731.1666666666666,67.33166666666666,63.85999999999999,62.652499999999996,90769.66666666667,27124.0,188599.16666666666
07,"Balears, Illes",2016,733.1666666666666,71.3125,66.7225,66.22833333333334,92231.91666666667,29601.25,192493.16666666666
07,"Balears, Illes",2017,733.5833333333334,71.05166666666666,66.16916666666667,65.41833333333334,93489.0,31694.666666666668,196643.58333333334
07,"Balears, Illes",2018,775.5,69.9025,65.64666666666666,63.94416666666667,95166.25,33109.25,201287.66666666666
07,"Balears, Illes",2019,771.3333333333334,68.6975,64.71833333333333,62.45249999999999,94985.25,33352.166666666664,201033.16666666666
07,"Balears, Illes",2020,224.33333333333334,31.25583333333333,28.040000000000003,26.08,20791.333333333332,5883.416666666667,44920.416666666664
07,"Balears, Illes",2021,475.9166666666667,46.91583333333333,42.2975,41.09666666666667,56630.833333333336,17379.5,121303.25
07,"Balears, Illes",2022,729.4166666666666,66.44083333333333,62.92249999999999,60.28916666666667,93219.08333333333,33261.916666666664,198427.16666666666
07,"Balears, Illes",2023,750.4166666666666,70.94833333333334,65.995,63.89666666666667,95806.83333333333,36444.333333333336,204563.25
07,"Balears, Illes",2024,789.3333333333334,72.1375,67.4675,65.0125,100346.16666666667,39828.0,214379.08333333334
07,"Balears, Illes",2025,812.75,72.08583333333333,67.45166666666667,65.08916666666666,100389.25,41626.583333333336,214945.08333333334
08,Barcelona,2015,1044.0833333333333,69.60916666666667,64.5525,60.979166666666664,63459.083333333336,18560.833333333332,125651.5
08,Barcelona,2016,1100.9166666666667,73.495,67.88083333333334,63.94,64377.5,19066.833333333332,128062.25
08,Barcelona,2017,1121.8333333333333,74.31,68.3225,64.4575,65728.25,20403.666666666668,131131.83333333334
08,Barcelona,2018,1135.4166666666667,73.41250000000001,66.87416666666667,63.16833333333333,66825.41666666667,20565.833333333332,133943.5
08,Barcelona,2019,1183.0833333333333,74.64666666666666,68.19166666666666,64.28,68484.5,21789.916666666668,137712.08333333334
08,Barcelona,2020,561.1666666666666,28.7075,25.159166666666664,22.805833333333336,29363.0,7197.833333333333,59574.666666666664
08,Barcelona,2021,791.25,42.21333333333333,40.54,34.7575,44308.5,9766.916666666666,89996.33333333333
08,Barcelona,2022,1087.25,69.02583333333332,64.11916666666667,58.47,66544.08333333333,18225.5,135597.75
08,Barcelona,2023,1096.1666666666667,74.5225,68.77666666666667,63.740833333333335,68697.91666666667,20394.5,140029.75
08,Barcelona,2024,1119.6666666666667,75.135,68.57416666666667,63.91833333333333,70019.5,22051.333333333332,143233.83333333334
08,Barcelona,2025,1131.25,75.47083333333333,67.7025,63.39333333333334,70181.33333333333,23008.083333333332,145003.83333333334
09,Burgos,2015,197.66666666666666,39.17333333333333,45.26416666666666,35.714166666666664,4843.0,980.1666666666666,8848.083333333334
09,Burgos,2016,199.5,43.794999999999995,47.737500000000004,39.145833333333336,4825.166666666667,1007.1666666666666,8882.583333333334
09,Burgos,2017,197.33333333333334,46.95583333333334,51.086666666666666,41.487500000000004,4704.5,1011.0833333333334,8650.416666666666
09,Burgos,2018,205.08333333333334,45.2925,49.189166666666665,39.934999999999995,4805.333333333333,1037.1666666666667,8869.166666666666
09,Burgos,2019,200.83333333333334,47.01333333333333,50.20666666666667,41.27583333333333,4687.25,980.25,8680.75
09,Burgos,2020,114.66666666666667,23.716666666666665,20.6575,19.228333333333335,2823.75,518.5833333333334,5253.583333333333
09,Burgos,2021,138.66666666666666,37.330000000000005,36.030833333333334,31.008333333333336,3526.3333333333335,645.3333333333334,6604.75
09,Burgos,2022,179.5,46.7925,50.61333333333334,41.06916666666667,4626.916666666667,940.0833333333334,8657.583333333334
09,Burgos,2023,178.58333333333334,51.20583333333334,52.916666666666664,44.01416666666666,4654.416666666667,1011.8333333333334,8681.0
09,Burgos,2024,160.16666666666666,54.310833333333335,56.384166666666665,46.689166666666665,4478.0,1082.6666666666667,8407.166666666666
09,Burgos,2025,159.41666666666666,56.83166666666667,57.57916666666667,47.9125,4353.5,1107.1666666666667,8310.0
10,Cáceres,2015,243.08333333333334,32.6075,40.82,29.747500000000002,5255.0,1205.4166666666667,10073.5
10,Cáceres,2016,231.33333333333334,37.69583333333333,44.73,33.56333333333333,5141.083333333333,1233.75,9929.666666666666
10,Cáceres,2017,219.5,37.51916666666667,46.09166666666667,34.05916666666667,5029.083333333333,1268.75,9668.25
10,Cáceres,2018,205.58333333333334,38.92666666666667,49.68083333333333,35.5725,4863.75,1212.9166666666667,9374.583333333334
10,Cáceres,2019,199.91666666666666,40.11,49.175000000000004,35.9975,4793.333333333333,1213.75,9274.0
10,Cáceres,2020,145.08333333333334,22.9575,22.516666666666666,19.140833333333333,3279.3333333333335,710.3333333333334,6385.0
10,Cáceres,2021,172.5,32.015,33.395,27.294166666666666,4061.75,880.4166666666666,7912.583333333333
10,Cáceres,2022,188.58333333333334,41.68666666666667,47.0,36.469166666666666,4569.25,1178.6666666666667,8878.25
10,Cáceres,2023,195.0,42.24333333333333,47.46333333333333,37.255,4698.75,1228.8333333333333,9120.166666666666
10,Cáceres,2024,198.91666666666666,44.3025,49.16166666666667,38.5925,4715.916666666667,1262.5,9172.833333333334
10,Cáceres,2025,194.08333333333334,42.627500000000005,46.994166666666665,36.839166666666664,4579.583333333333,1247.75,8906.0
11,Cádiz,2015,397.1666666666667,52.125,53.399166666666666,45.76083333333333,17015.666666666668,4842.25,36831.916666666664
11,Cádiz,2016,406.4166666666667,55.125,55.63666666666666,48.17916666666667,17229.75,5218.75,37602.583333333336
11,Cádiz,2017,414.0,57.67416666666667,58.57083333333333,49.876666666666665,17419.666666666668,5473.416666666667,37941.083333333336
11,Cádiz,2018,429.3333333333333,57.2275,58.04416666666666,49.2175,18028.833333333332,5662.25,39193.416666666664
11,Cádiz,2019,437.0,58.104166666666664,58.895,49.607499999999995,18310.916666666668,5762.333333333333,39891.75
11,Cádiz,2020,289.75,32.26583333333333,32.375,26.800833333333333,10716.916666666666,2798.1666666666665,23059.583333333332
11,Cádiz,2021,350.75,45.56666666666666,45.19583333333333,38.376666666666665,13873.666666666666,4112.083333333333,30155.5
11,Cádiz,2022,412.5,56.4275,56.25333333333334,47.81916666666667,17809.25,5907.083333333333,39093.0
11,Cádiz,2023,410.8333333333333,59.14833333333333,58.05583333333333,49.98333333333333,18350.416666666668,6529.25,40283.75
11,Cádiz,2024,411.4166666666667,60.055,59.98083333333333,50.92916666666667,18841.583333333332,7031.416666666667,41364.083333333336
11,Cádiz,2025,414.9166666666667,62.1,61.92166666666666,52.98416666666666,18714.083333333332,7437.333333333333,41081.416666666664
12,Castellón/Castelló,2015,185.58333333333334,46.92916666666667,54.83583333333333,45.36333333333334,8758.083333333334,2004.5833333333333,18001.333333333332
12,Castellón/Castelló,2016,192.58333333333334,48.53666666666667,55.23083333333333,45.34833333333333,9187.75,2067.0833333333335,18985.666666666668
12,Castellón/Castelló,2017,176.0,51.965833333333336,59.909166666666664,48.675000000000004,8879.583333333334,2076.4166666666665,18497.666666666668
12,Castellón/Castelló,2018,173.58333333333334,51.784166666666664,59.58166666666667,48.5725,8805.583333333334,2060.25,18326.083333333332
12,Castellón/Castelló,2019,187.5,52.7875,58.50083333333333,48.25416666666666,8890.0,2303.9166666666665,18890.833333333332
12,Castellón/Castelló,2020,127.83333333333333,28.38083333333333,30.094166666666666,24.540000000000003,5045.666666666667,1121.5833333333333,10676.666666666666
12,Castellón/Castelló,2021,161.0,39.659166666666664,43.568333333333335,34.845,6764.25,1491.25,14227.833333333334
12,Castellón/Castelló,2022,175.66666666666666,50.465,52.01333333333334,43.31,8182.416666666667,1865.9166666666667,17813.916666666668
12,Castellón/Castelló,2023,176.75,52.7175,54.01583333333334,45.00416666666666,8142.666666666667,1877.0,17909.75
12,Castellón/Castelló,2024,177.33333333333334,53.346666666666664,54.895,46.92250000000001,8498.5,1993.0,18550.0
12,Castellón/Castelló,2025,185.08333333333334,56.129999999999995,58.03333333333333,48.45583333333334,8701.666666666666,1932.5833333333333,18975.083333333332
13,Ciudad Real,2015,181.5,28.087500000000002,30.81416666666667,23.034166666666668,3876.25,652.5833333333334,7427.166666666667
13,Ciudad Real,2016,188.16666666666666,29.239166666666666,32.410833333333336,24.194999999999997,3940.5,667.0833333333334,7526.583333333333
13,Ciudad Real,2017,182.58333333333334,30.63416666666667,35.58166666666667,25.528333333333336,3978.1666666666665,673.4166666666666,7619.333333333333
13,Ciudad Real,2018,180.41666666666666,31.9425,36.47416666666667,25.945833333333336,3979.1666666666665,682.9166666666666,7693.083333333333
13,Ciudad Real,2019,174.91666666666666,32.83833333333333,36.105,26.185833333333335,3872.1666666666665,671.75,7487.25
13,Ciudad Real,2020,115.41666666666667,19.301666666666666,16.028333333333332,14.6025,2492.1666666666665,369.5833333333333,4745.333333333333
13,Ciudad Real,2021,135.25,28.160833333333333,27.84583333333333,22.364166666666666,3026.6666666666665,463.0,5769.916666666667
13,Ciudad Real,2022,156.75,35.0875,37.60333333333333,28.412499999999998,3598.0,572.4166666666666,6865.083333333333
13,Ciudad Real,2023,152.25,36.185,37.5725,29.0275,3514.4166666666665,587.4166666666666,6755.833333333333
13,Ciudad Real,2024,143.08333333333334,37.895833333333336,39.67166666666667,29.69666666666667,3444.1666666666665,588.5833333333334,6719.666666666667
13,Ciudad Real,2025,141.75,40.3125,39.75,30.621666666666666,3465.5,649.5833333333334,6830.083333333333
14,Córdoba,2015,188.16666666666666,50.16,57.195,45.607499999999995,5574.0,1272.0,10886.083333333334
14,Córdoba,2016,195.66666666666666,51.876666666666665,57.58083333333334,46.98333333333333,5628.583333333333,1301.5,11047.666666666666
14,Córdoba,2017,203.25,52.844166666666666,59.34583333333333,48.00333333333333,5701.583333333333,1306.5833333333333,11223.833333333334
14,Córdoba,2018,198.16666666666666,53.36666666666667,58.36666666666667,47.845,5592.75,1283.0833333333333,11044.666666666666
14,Córdoba,2019,202.83333333333334,54.5525,60.35833333333333,48.8325,5745.5,1354.1666666666667,11313.416666666666
14,Córdoba,2020,127.83333333333333,28.885833333333334,27.944999999999997,23.4375,3350.8333333333335,664.0,6593.0
14,Córdoba,2021,148.16666666666666,37.14666666666667,38.25666666666667,30.852500000000003,4438.166666666667,828.25,8783.666666666666
14,Córdoba,2022,186.66666666666666,50.300000000000004,55.093333333333334,43.85333333333333,5546.083333333333,1218.6666666666667,10998.416666666666
14,Córdoba,2023,194.33333333333334,53.48416666666666,56.94416666666667,46.06666666666666,5699.333333333333,1296.5,11386.833333333334
14,Córdoba,2024,192.66666666666666,54.24166666666667,57.73666666666667,47.30583333333333,5691.416666666667,1348.0,11403.166666666666
14,Córdoba,2025,169.83333333333334,55.487500000000004,56.99583333333334,48.09166666666667,5567.25,1353.5,11213.25
15,"Coruña, A",2015,629.5833333333334,40.163333333333334,39.4975,35.26583333333333,13415.333333333334,2438.25,25178.666666666668
15,"Coruña, A",2016,626.8333333333334,41.255,41.86333333333334,36.5375,13520.416666666666,2535.1666666666665,25220.166666666668
15,"Coruña, A",2017,628.5,43.192499999999995,43.580000000000005,38.083333333333336,13536.416666666666,2537.8333333333335,25283.666666666668
15,"Coruña, A",2018,597.0,43.262499999999996,43.19,37.623333333333335,13287.083333333334,2536.25,24458.583333333332
15,"Coruña, A",2019,574.75,45.94,45.965,39.95083333333333,13224.333333333334,2661.8333333333335,24304.833333333332
15,"Coruña, A",2020,398.0833333333333,22.6875,20.184166666666666,18.456666666666667,9057.416666666666,1472.75,16633.166666666668
15,"Coruña, A",2021,520.4166666666666,36.255,34.73416666666667,30.516666666666666,11569.25,1934.5833333333333,21365.166666666668
15,"Coruña, A",2022,595.25,48.925000000000004,49.73333333333333,42.4325,13009.666666666666,2476.1666666666665,24167.333333333332
15,"Coruña, A",2023,611.3333333333334,49.975833333333334,48.807500000000005,42.65,13521.666666666666,2672.75,25272.333333333332
15,"Coruña, A",2024,608.9166666666666,51.41,50.70916666666667,43.97333333333333,13011.833333333334,2802.5833333333335,24429.166666666668
15,"Coruña, A",2025,574.3333333333334,52.61833333333333,51.50666666666667,44.52916666666667,12918.833333333334,2750.0833333333335,24417.0
16,Cuenca,2015,137.0,26.491666666666664,35.655833333333334,23.76,2684.0833333333335,498.3333333333333,5201.416666666667
16,Cuenca,2016,138.75,30.15833333333333,39.901666666666664,27.0975,2634.4166666666665,478.6666666666667,5122.166666666667
16,Cuenca,2017,136.41666666666666,31.3175,40.516666666666666,27.88083333333333,2572.0,473.75,5033.166666666667
16,Cuenca,2018,149.83333333333334,31.118333333333336,40.064166666666665,27.645833333333332,2722.3333333333335,475.9166666666667,5318.25
16,Cuenca,2019,143.5,32.22166666666667,41.51333333333333,28.6575,2638.8333333333335,457.6666666666667,5184.25
16,Cuenca,2020,98.58333333333333,19.668333333333333,21.308333333333334,16.226666666666667,1823.75,298.0,3572.75
16,Cuenca,2021,120.0,30.525000000000002,30.985833333333332,24.52333333333333,2264.0,393.9166666666667,4463.0
16,Cuenca,2022,136.58333333333334,36.07666666666667,38.54,29.421666666666667,2573.0,506.5833333333333,5102.083333333333
16,Cuenca,2023,137.25,36.00666666666667,37.777499999999996,29.668333333333333,2527.25,531.0,5000.083333333333
16,Cuenca,2024,127.5,36.096666666666664,38.80166666666667,29.543333333333333,2514.8333333333335,517.4166666666666,5013.416666666667
16,Cuenca,2025,133.0,35.659166666666664,39.945,28.76,2519.75,454.0,5068.166666666667
17,Girona,2015,561.1666666666666,49.75416666666667,56.844166666666666,47.56916666666667,26664.416666666668,6286.916666666667,55121.416666666664
17,Girona,2016,576.25,52.91083333333333,58.97333333333333,49.07083333333333,27351.333333333332,6536.166666666667,57540.083333333336
17,Girona,2017,580.0,53.5525,57.7275,48.23083333333333,26100.25,6575.75,56264.5
17,Girona,2018,591.75,53.718333333333334,59.365,49.455000000000005,26173.0,6864.083333333333,56291.333333333336
17,Girona,2019,594.0833333333334,54.682500000000005,60.04833333333334,49.44333333333333,26695.083333333332,6987.166666666667,57685.166666666664
17,Girona,2020,346.9166666666667,28.189166666666665,31.195833333333336,24.675833333333333,12048.916666666666,2835.75,26372.166666666668
17,Girona,2021,450.4166666666667,39.065000000000005,43.92083333333333,34.2325,18109.75,4328.166666666667,39600.083333333336
17,Girona,2022,533.6666666666666,54.30916666666667,59.28,48.70416666666667,24781.833333333332,6573.0,53925.5
17,Girona,2023,562.75,57.54833333333334,61.7575,51.5625,26081.0,7344.083333333333,56944.583333333336
17,Girona,2024,546.3333333333334,57.998333333333335,60.8325,51.251666666666665,26294.833333333332,7584.666666666667,57776.583333333336
17,Girona,2025,532.75,59.50666666666666,63.02,53.280833333333334,26150.75,8078.916666666667,57217.333333333336
18,Granada,2015,421.3333333333333,53.53,59.339166666666664,48.41916666666666,15112.0,3312.75,31150.083333333332
18,Granada,2016,417.9166666666667,55.15833333333333,60.3375,49.73916666666667,15058.416666666666,3353.0833333333335,31226.583333333332
18,Granada,2017,400.75,57.23500000000001,62.78666666666667,51.92666666666667,14720.666666666666,3403.3333333333335,30580.25
18,Granada,2018,412.75,59.074999999999996,64.355,52.833333333333336,15321.0,3655.4166666666665,31877.916666666668
18,Granada,2019,397.75,61.961666666666666,65.39999999999999,55.0625,15242.583333333334,3610.0,31975.416666666668
18,Granada,2020,215.0,28.063333333333333,29.9025,23.964166666666667,8124.25,1518.5,17019.75
18,Granada,2021,278.3333333333333,38.33166666666667,41.770833333333336,32.62833333333334,10340.333333333334,1948.0833333333333,21678.083333333332
18,Granada,2022,362.1666666666667,52.90166666666667,58.36416666666667,46.98166666666666,14114.416666666666,3176.5,29564.333333333332
18,Granada,2023,373.8333333333333,57.4475,59.62583333333333,49.859166666666674,14168.333333333334,3383.0,30027.666666666668
18,Granada,2024,384.0,59.215,59.935,51.70083333333333,14623.166666666666,3716.0833333333335,31048.916666666668
18,Granada,2025,378.5833333333333,60.15166666666667,60.25666666666667,52.23833333333334,14721.0,3875.4166666666665,31575.166666666668
19,Guadalajara,2015,117.41666666666667,28.102500000000003,35.2425,24.78916666666667,2326.9166666666665,362.0833333333333,4456.916666666667
19,Guadalajara,2016,124.66666666666667,30.055833333333336,37.07416666666666,27.47083333333333,2400.0833333333335,379.5833333333333,4584.166666666667
19,Guadalajara,2017,123.41666666666667,32.80083333333334,39.39833333333333,29.261666666666667,2295.0,345.5,4401.333333333333
19,Guadalajara,2018,117.33333333333333,35.4275,40.28916666666667,31.746666666666666,2241.1666666666665,343.25,4312.25
19,Guadalajara,2019,110.5,34.45583333333333,40.59916666666667,31.166666666666668,2211.5,348.8333333333333,4277.25
19,Guadalajara,2020,85.58333333333333,21.96666666666667,19.359166666666667,17.962500000000002,1737.5,231.08333333333334,3356.8333333333335
19,Guadalajara,2021,97.33333333333333,27.894166666666667,28.839166666666667,23.334999999999997,2057.9166666666665,260.75,3951.1666666666665
19,Guadalajara,2022,93.66666666666667,38.20916666666667,41.274166666666666,32.541666666666664,2034.25,314.0,3943.4166666666665
19,Guadalajara,2023,98.16666666666667,39.199999999999996,40.19916666666666,31.866666666666664,2089.4166666666665,322.0,4058.4166666666665
19,Guadalajara,2024,98.91666666666667,39.455,40.9225,31.790833333333335,2107.8333333333335,366.5833333333333,4147.5
19,Guadalajara,2025,101.75,40.695,41.04833333333333,32.95333333333333,2223.6666666666665,488.25,4510.75
20,Gipuzkoa,2015,247.66666666666666,59.89166666666667,64.13666666666667,53.81583333333333,5356.916666666667,1535.5833333333333,9958.833333333334
20,Gipuzkoa,2016,263.0,63.26666666666667,65.635,55.843333333333334,5452.5,1610.4166666666667,10214.166666666666
20,Gipuzkoa,2017,284.25,63.612500000000004,64.89333333333333,55.76499999999999,5693.0,1670.9166666666667,10700.333333333334
20,Gipuzkoa,2018,281.4166666666667,65.05166666666666,65.79083333333334,56.81916666666667,5813.083333333333,1768.0,10979.916666666666
20,Gipuzkoa,2019,277.3333333333333,65.97500000000001,66.19333333333333,57.24583333333334,5848.0,1733.4166666666667,11158.5
20,Gipuzkoa,2020,192.41666666666666,32.8075,32.325833333333335,27.609166666666667,4072.0,1009.3333333333334,7776.833333333333
20,Gipuzkoa,2021,224.25,46.932500000000005,48.45666666666667,40.515,5303.75,1274.5,10207.833333333334
20,Gipuzkoa,2022,280.5833333333333,63.36000000000001,65.12,55.685833333333335,6443.583333333333,1693.5,12442.0
20,Gipuzkoa,2023,288.25,67.81916666666667,68.87583333333333,59.78333333333333,6613.75,1800.8333333333333,12807.666666666666
20,Gipuzkoa,2024,297.5833333333333,68.43666666666667,69.13333333333334,60.40833333333333,6813.25,1935.8333333333333,13433.666666666666
20,Gipuzkoa,2025,297.9166666666667,69.62583333333333,70.22583333333334,61.225833333333334,7342.333333333333,2168.6666666666665,14342.5
21,Huelva,2015,139.66666666666666,47.4125,47.35666666666666,40.305,8151.5,2236.5833333333335,19426.5
21,Huelva,2016,143.33333333333334,51.86333333333334,50.11083333333334,43.38166666666666,8887.0,2542.5,21155.083333333332
21,Huelva,2017,147.5,53.12083333333334,50.79,45.01916666666667,9114.083333333334,2610.1666666666665,21483.75
21,Huelva,2018,131.5,54.9025,51.20666666666667,46.15,8766.166666666666,2652.0,20827.25
21,Huelva,2019,133.41666666666666,57.1325,54.17666666666667,48.156666666666666,8584.5,2716.0833333333335,20575.5
21,Huelva,2020,86.33333333333333,32.410000000000004,30.168333333333333,27.2,4491.583333333333,1165.25,10115.333333333334
21,Huelva,2021,110.0,45.23833333333334,44.23333333333333,37.96666666666667,5689.25,1846.3333333333333,12693.083333333334
21,Huelva,2022,135.91666666666666,51.62166666666667,52.612500000000004,45.254999999999995,8062.166666666667,2658.0,18658.75
21,Huelva,2023,138.91666666666666,53.24166666666667,54.03583333333333,46.12916666666666,8268.416666666666,2730.1666666666665,19158.0
21,Huelva,2024,138.25,56.5875,56.13166666666667,48.54833333333334,8411.333333333334,2972.5833333333335,19535.916666666668
21,Huelva,2025,127.83333333333333,56.55833333333334,56.56333333333333,48.31,7931.5,2900.4166666666665,18720.5
22,Huesca,2015,303.5,34.45666666666667,44.9925,32.888333333333335,6832.5,1266.0833333333333,13835.0
22,Huesca,2016,299.4166666666667,37.267500000000005,46.8025,35.64416666666667,6917.833333333333,1352.25,13993.416666666666
22,Huesca,2017,300.1666666666667,40.76083333333333,49.41416666666667,39.04083333333333,6905.166666666667,1406.0833333333333,13986.25
22,Huesca,2018,288.0,40.81916666666667,49.30416666666667,38.41416666666667,6564.666666666667,1341.25,13606.333333333334
22,Huesca,2019,285.0833333333333,40.9475,50.96333333333333,38.365,6669.75,1427.0,13895.916666666666
22,Huesca,2020,184.41666666666666,28.708333333333332,31.929999999999996,25.935000000000002,4169.75,800.9166666666666,8736.833333333334
22,Huesca,2021,227.08333333333334,35.038333333333334,38.112500000000004,30.724999999999998,5030.75,951.9166666666666,10611.833333333334
22,Huesca,2022,257.1666666666667,44.395833333333336,50.675000000000004,40.83583333333333,6280.833333333333,1395.8333333333333,13214.5
22,Huesca,2023,250.66666666666666,45.678333333333335,50.642500000000005,40.954166666666666,6214.833333333333,1394.6666666666667,13103.25
22,Huesca,2024,259.4166666666667,45.70250000000001,48.16083333333333,40.204166666666666,6459.5,1459.0833333333333,13724.083333333334
22,Huesca,2025,261.5833333333333,46.62916666666666,51.11916666666667,40.99666666666667,6574.583333333333,1565.5833333333333,14031.25
23,Jaén,2015,186.0,30.72,36.81166666666667,26.86583333333333,4439.416666666667,960.4166666666666,8625.583333333334
23,Jaén,2016,178.41666666666666,33.3125,40.6175,29.061666666666667,4303.5,967.75,8440.416666666666
23,Jaén,2017,174.91666666666666,35.26,41.619166666666665,30.4425,4291.0,950.1666666666666,8489.0
23,Jaén,2018,174.58333333333334,36.44416666666667,42.785,30.891666666666666,4264.666666666667,927.9166666666666,8453.166666666666
23,Jaén,2019,163.91666666666666,35.18833333333333,44.169999999999995,31.010833333333334,4166.25,892.5,8143.333333333333
23,Jaén,2020,107.0,21.289166666666667,21.39,17.871666666666666,2785.4166666666665,566.75,5428.916666666667
23,Jaén,2021,142.0,29.97666666666667,32.505,25.2775,3626.9166666666665,755.25,7038.75
23,Jaén,2022,163.33333333333334,38.08166666666667,44.288333333333334,32.915,4064.4166666666665,928.75,8060.416666666667
23,Jaén,2023,169.16666666666666,38.336666666666666,43.42083333333333,32.79,4118.0,964.6666666666666,8189.083333333333
23,Jaén,2024,165.0,40.615833333333335,46.585,34.729166666666664,4152.0,995.9166666666666,8173.583333333333
23,Jaén,2025,157.5,42.285833333333336,46.62416666666667,35.348333333333336,4115.083333333333,946.5,8139.333333333333
24,León,2015,249.16666666666666,36.75083333333333,42.440000000000005,32.053333333333335,5746.416666666667,1018.4166666666666,10437.5
24,León,2016,281.8333333333333,37.8825,42.277499999999996,33.098333333333336,5933.5,1023.9166666666666,10712.25
24,León,2017,273.0833333333333,38.33166666666667,41.549166666666665,33.61416666666667,5818.333333333333,1017.4166666666666,10519.25
24,León,2018,253.91666666666666,37.00666666666667,39.218333333333334,31.814999999999998,5417.166666666667,852.4166666666666,9784.0
24,León,2019,265.0833333333333,40.16833333333333,42.92249999999999,34.134166666666665,5451.5,883.5833333333334,9871.0
24,León,2021,214.16666666666666,35.30583333333333,33.36083333333333,28.766666666666666,4308.083333333333,671.1666666666666,7854.0
24,León,2022,261.8333333333333,43.718333333333334,44.5325,37.30083333333334,5114.666666666667,862.3333333333334,9415.083333333334
24,León,2023,247.33333333333334,44.895833333333336,45.29666666666666,38.276666666666664,5166.166666666667,896.5833333333334,9545.416666666666
24,León,2024,259.0833333333333,45.67333333333334,46.57916666666667,39.015,5293.833333333333,846.0,9724.333333333334
24,León,2025,264.5,48.78333333333333,48.3725,40.21333333333333,5205.166666666667,987.8333333333334,9701.25
25,Lleida,2015,282.6666666666667,33.36083333333333,39.035833333333336,30.353333333333335,6948.5,1438.4166666666667,14308.416666666666
25,Lleida,2016,286.5833333333333,34.66166666666667,40.9425,30.7225,7045.416666666667,1516.25,14625.333333333334
25,Lleida,2017,289.6666666666667,35.505,43.24416666666667,32.40083333333333,7103.75,1507.9166666666667,14928.166666666666
25,Lleida,2018,281.4166666666667,37.6175,44.74916666666667,34.05416666666667,6923.25,1555.0,14741.666666666666
25,Lleida,2019,282.75,40.083333333333336,46.142500000000005,35.310833333333335,6961.5,1580.5,14848.333333333334
25,Lleida,2020,194.0,27.499166666666667,27.296666666666667,23.94333333333333,4644.083333333333,966.3333333333334,9904.166666666666
25,Lleida,2021,227.0,35.04916666666667,36.604166666666664,29.320000000000004,5341.166666666667,1076.0,11329.5
25,Lleida,2022,270.5833333333333,42.35166666666667,46.330000000000005,37.02583333333333,6664.916666666667,1499.9166666666667,14333.833333333334
25,Lleida,2023,266.5833333333333,42.574999999999996,46.84833333333333,37.240833333333335,6686.416666666667,1514.25,14448.75
25,Lleida,2024,265.0833333333333,43.66583333333333,47.155833333333334,37.8025,6756.25,1530.8333333333333,14688.75
25,Lleida,2025,274.8333333333333,45.490833333333335,47.48083333333333,37.98,7026.416666666667,1595.6666666666667,15404.583333333334
26,"Rioja, La",2015,141.0,51.07750000000001,59.333333333333336,44.885,3147.0,818.8333333333334,5960.833333333333
26,"Rioja, La",2016,148.25,52.087500000000006,61.530833333333334,45.324999999999996,3186.0833333333335,839.25,6041.416666666667
26,"Rioja, La",2017,148.33333333333334,52.071666666666665,60.18083333333333,44.72833333333333,3252.3333333333335,821.9166666666666,6235.416666666667
26,"Rioja, La",2018,147.91666666666666,50.67583333333334,57.05166666666667,43.0975,3268.5833333333335,813.0,6268.666666666667
26,"Rioja, La",2019,147.5,50.7775,56.815,43.1625,3220.25,783.3333333333334,6214.25
26,"Rioja, La",2020,90.5,24.905833333333334,22.790000000000003,19.5725,2034.5833333333333,422.75,3941.0833333333335
26,"Rioja, La",2021,118.91666666666667,36.0225,36.53416666666667,29.670833333333334,2634.0833333333335,536.0,5105.5
26,"Rioja, La",2022,148.33333333333334,47.31166666666667,53.585,40.08583333333333,3150.1666666666665,732.3333333333334,6113.083333333333
26,"Rioja, La",2023,143.16666666666666,50.6225,53.97416666666667,42.04666666666667,3200.9166666666665,798.25,6300.916666666667
26,"Rioja, La",2024,150.41666666666666,49.5425,53.4075,41.399166666666666,3376.0833333333335,835.1666666666666,6665.333333333333
26,"Rioja, La",2025,143.58333333333334,53.88916666666666,60.56583333333334,45.3775,3460.4166666666665,862.4166666666666,6813.916666666667
27,Lugo,2015,300.3333333333333,31.97,32.098333333333336,27.6725,4836.0,864.9166666666666,9580.0
27,Lugo,2016,293.8333333333333,34.41833333333333,34.354166666666664,30.060833333333335,4727.75,862.9166666666666,9192.666666666666
27,Lugo,2017,300.0833333333333,35.15833333333333,35.10583333333333,30.854166666666668,4711.166666666667,879.6666666666666,9136.333333333334
27,Lugo,2018,275.4166666666667,35.901666666666664,37.0,32.3175,4630.25,938.6666666666666,8562.333333333334
27,Lugo,2019,283.6666666666667,38.02916666666667,38.31583333333334,33.53916666666667,4787.25,978.75,8883.916666666666
27,Lugo,2020,186.33333333333334,19.12,16.156666666666666,15.518333333333333,3151.25,548.5833333333334,5826.166666666667
27,Lugo,2021,245.33333333333334,30.5275,28.623333333333335,26.295,4072.1666666666665,681.5833333333334,7555.916666666667
27,Lugo,2022,268.6666666666667,38.47666666666667,38.07,33.27,4517.333333333333,897.5833333333334,8467.916666666666
27,Lugo,2023,287.9166666666667,39.01083333333333,38.950833333333335,33.73333333333333,4753.75,986.0833333333334,8927.083333333334
27,Lugo,2024,289.6666666666667,41.61833333333333,40.291666666666664,35.8025,4821.333333333333,1003.0833333333334,9128.583333333334
27,Lugo,2025,297.8333333333333,44.11333333333334,42.70583333333334,37.6475,4951.916666666667,1032.0,9460.916666666666
28,Madrid,2015,1098.3333333333333,66.34166666666667,64.21,55.844166666666666,54340.5,13229.25,105469.08333333333
28,Madrid,2016,1077.9166666666667,68.35416666666667,64.83166666666666,57.00333333333333,54243.166666666664,13634.25,105522.0
28,Madrid,2017,1097.0833333333333,72.30666666666666,67.80833333333334,60.48083333333333,55219.25,14217.333333333334,107545.16666666667
28,Madrid,2018,1084.5833333333333,72.99833333333333,67.92999999999999,59.92083333333333,56712.833333333336,14080.916666666666,111002.25
28,Madrid,2019,1176.6666666666667,73.845,69.05916666666667,60.8325,58646.666666666664,14735.416666666666,114330.33333333333
28,Madrid,2020,706.5833333333334,34.160000000000004,28.885833333333334,26.715,31428.25,5906.75,61068.75
28,Madrid,2021,880.5,44.78,44.22333333333333,35.9575,46197.666666666664,8729.916666666666,90980.08333333333
28,Madrid,2022,1066.75,64.93416666666667,62.185833333333335,53.26916666666667,57109.75,13463.75,113077.41666666667
28,Madrid,2023,1139.4166666666667,71.085,65.37833333333333,57.774166666666666,59861.75,14799.083333333334,118496.91666666667
28,Madrid,2024,1195.6666666666667,72.465,65.90666666666667,58.74583333333334,62026.583333333336,15668.916666666666,123182.41666666667
28,Madrid,2025,1172.1666666666667,73.36916666666667,67.3,60.2475,62132.166666666664,16738.25,123865.83333333333
29,Málaga,2015,561.25,66.515,63.3025,58.63666666666666,37254.333333333336,11441.333333333334,81549.66666666667
29,Málaga,2016,569.1666666666666,70.80833333333334,65.6825,61.24333333333333,37827.833333333336,12231.75,83445.58333333333
29,Málaga,2017,554.9166666666666,71.54916666666666,65.97666666666667,61.362500000000004,37659.333333333336,12933.75,83343.58333333333
29,Málaga,2018,545.8333333333334,70.23916666666666,65.0975,60.04749999999999,38182.5,13275.916666666666,84973.83333333333
29,Málaga,2019,548.4166666666666,71.39166666666667,66.30916666666667,61.00416666666666,38791.166666666664,14068.166666666666,85966.58333333333
29,Málaga,2020,301.9166666666667,29.878333333333334,28.189999999999998,24.8925,19672.5,5402.166666666667,43210.5
29,Málaga,2021,401.0,44.36666666666667,43.9175,38.065,27065.333333333332,8547.75,59870.25
29,Málaga,2022,553.25,67.71666666666667,63.605,58.02,38112.583333333336,13871.0,84409.16666666667
29,Málaga,2023,634.8333333333334,72.21333333333334,66.1875,61.24166666666667,40145.666666666664,14976.666666666666,89797.16666666667
29,Málaga,2024,620.1666666666666,73.44583333333334,65.66,61.92083333333333,41153.416666666664,15527.333333333334,91843.25
29,Málaga,2025,603.0,72.65666666666667,66.2575,60.778333333333336,41698.583333333336,16544.5,93811.16666666667
30,Murcia,2015,162.25,48.92416666666667,53.6575,44.88916666666666,8467.916666666666,2015.3333333333333,16096.083333333334
30,Murcia,2016,163.66666666666666,53.50666666666667,57.965,47.74916666666667,8613.25,2039.75,16664.5
30,Murcia,2017,164.66666666666666,54.385,58.428333333333335,48.1325,8820.916666666666,2092.25,17151.916666666668
30,Murcia,2018,159.58333333333334,56.81,59.30833333333334,49.43083333333333,8974.0,2108.3333333333335,17474.416666666668
30,Murcia,2019,161.75,55.26083333333333,58.69833333333333,48.4025,9129.583333333334,2198.9166666666665,17797.5
30,Murcia,2020,107.58333333333333,30.002499999999998,27.3,24.6825,5338.25,1088.3333333333333,10208.5
30,Murcia,2021,129.25,42.79666666666666,45.03916666666667,36.29416666666666,6594.25,1351.75,12705.666666666666
30,Murcia,2022,158.66666666666666,53.73083333333333,58.153333333333336,46.455000000000005,8418.583333333334,1885.0833333333333,16486.5
30,Murcia,2023,164.75,55.95083333333333,57.83833333333333,47.62916666666666,8874.75,2089.6666666666665,17636.166666666668
30,Murcia,2024,173.0,57.038333333333334,58.41833333333333,47.785,9348.833333333334,2244.5833333333335,18854.916666666668
30,Murcia,2025,174.0,58.73,59.166666666666664,48.153333333333336,9538.333333333334,2194.1666666666665,19433.583333333332
31,Navarra,2015,255.08333333333334,45.01333333333333,44.600833333333334,38.6325,6065.166666666667,1282.4166666666667,11686.916666666666
31,Navarra,2016,251.0,49.35166666666667,48.48166666666666,42.07666666666666,6012.166666666667,1384.5,11495.5
31,Navarra,2017,244.0,52.6675,52.413333333333334,44.82083333333333,5808.416666666667,1429.9166666666667,11182.916666666666
31,Navarra,2018,260.75,52.46666666666667,51.56166666666667,44.025,6037.833333333333,1522.8333333333333,11663.333333333334
31,Navarra,2019,273.0833333333333,53.41416666666667,51.6875,44.32,6157.25,1472.9166666666667,11882.083333333334
31,Navarra,2020,181.91666666666666,27.503333333333334,22.4725,21.231666666666666,4116.5,830.0833333333334,8026.083333333333
31,Navarra,2021,235.75,41.30916666666666,38.095,32.755,5312.916666666667,1068.8333333333333,10456.083333333334
31,Navarra,2022,262.9166666666667,51.78333333333333,49.776666666666664,42.0525,5831.75,1372.0833333333333,11464.75
31,Navarra,2023,268.25,54.00333333333333,52.1875,44.125,5849.583333333333,1370.5833333333333,11548.0
31,Navarra,2024,264.75,54.95583333333334,52.26416666666666,44.81166666666667,5939.75,1409.1666666666667,11802.0
31,Navarra,2025,280.1666666666667,57.80083333333334,55.22083333333333,46.705000000000005,6115.5,1516.1666666666667,12243.666666666666
32,Ourense,2015,180.58333333333334,28.88416666666667,28.368333333333336,24.353333333333335,3252.8333333333335,588.6666666666666,6030.083333333333
32,Ourense,2016,187.0,31.463333333333335,30.926666666666666,26.2925,3378.0833333333335,620.0833333333334,6250.5
32,Ourense,2017,174.33333333333334,33.3275,33.15,27.690833333333334,3250.25,627.6666666666666,6043.416666666667
32,Ourense,2018,168.83333333333334,33.8525,35.55833333333333,28.954166666666666,3265.9166666666665,640.5,5955.583333333333
32,Ourense,2019,166.08333333333334,36.38,36.9175,30.63416666666667,3264.1666666666665,648.6666666666666,5963.5
32,Ourense,2020,120.41666666666667,22.870833333333334,18.14166666666667,17.940833333333334,2350.6666666666665,417.25,4338.25
32,Ourense,2021,143.08333333333334,30.059166666666666,28.2775,24.80333333333333,2844.1666666666665,488.75,5227.25
32,Ourense,2022,157.0,36.8525,37.7825,30.924999999999997,3106.75,601.25,5761.25
32,Ourense,2023,157.08333333333334,38.54333333333333,38.18,32.494166666666665,3075.25,576.0833333333334,5704.5
32,Ourense,2024,163.0,38.2225,37.9375,32.635,3083.5833333333335,590.0833333333334,5724.583333333333
32,Ourense,2025,160.33333333333334,36.805,37.29916666666667,31.109166666666667,3036.8333333333335,598.1666666666666,5710.083333333333
33,Asturias,2015,540.75,40.36166666666667,45.094166666666666,35.875,12213.916666666666,2635.25,23567.583333333332
33,Asturias,2016,531.75,42.94583333333333,46.35916666666666,37.343333333333334,12230.75,2764.0,23642.833333333332
33,Asturias,2017,547.6666666666666,42.82416666666666,46.84,37.788333333333334,12507.916666666666,2802.4166666666665,24158.916666666668
33,Asturias,2018,551.8333333333334,42.325833333333335,47.18333333333334,37.58833333333333,12598.333333333334,2826.3333333333335,24482.5
33,Asturias,2019,548.6666666666666,44.208333333333336,49.72416666666667,39.37333333333333,12466.75,2766.75,24186.0
33,Asturias,2020,333.1666666666667,27.99416666666667,27.508333333333336,24.037499999999998,7714.416666666667,1483.6666666666667,14988.5
33,Asturias,2021,410.8333333333333,37.775,37.16166666666667,32.4675,9690.0,1942.1666666666667,18873.583333333332
33,Asturias,2022,507.5,46.18083333333333,48.98,40.33083333333333,11806.416666666666,2560.0,22981.25
33,Asturias,2023,522.75,49.4675,51.093333333333334,42.895833333333336,12262.083333333334,2768.1666666666665,23857.5
33,Asturias,2024,511.3333333333333,50.843333333333334,53.01,43.65083333333333,12240.5,2807.9166666666665,23903.666666666668
33,Asturias,2025,477.5833333333333,51.314166666666665,53.875,43.73666666666667,11534.333333333334,2838.9166666666665,22685.083333333332
34,Palencia,2015,80.66666666666667,35.96583333333333,34.61333333333334,29.617500000000003,1574.1666666666667,281.5,2883.1666666666665
34,Palencia,2016,79.66666666666667,38.975,35.94083333333334,32.0525,1604.5,282.5,2940.25
34,Palencia,2017,72.83333333333333,38.29,39.638333333333335,32.57833333333333,1531.25,272.5833333333333,2787.5
34,Palencia,2018,69.16666666666667,39.07333333333333,38.718333333333334,33.86,1515.8333333333333,280.5833333333333,2762.5
34,Palencia,2019,69.58333333333333,40.339166666666664,41.416666666666664,34.574999999999996,1516.0,284.25,2764.6666666666665
34,Palencia,2021,56.166666666666664,36.733333333333334,32.064166666666665,29.514166666666668,1159.25,214.33333333333334,2140.5833333333335
34,Palencia,2022,63.333333333333336,44.51166666666666,42.2825,37.236666666666665,1378.9166666666667,248.25,2504.3333333333335
34,Palencia,2023,62.666666666666664,48.23,45.35,40.12083333333333,1411.9166666666667,271.5833333333333,2606.9166666666665
34,Palencia,2024,65.5,49.19166666666666,42.30083333333334,39.60666666666667,1485.9166666666667,292.75,2767.6666666666665
34,Palencia,2025,69.16666666666667,52.56666666666666,43.031666666666666,40.24583333333333,1529.9166666666667,297.8333333333333,2860.8333333333335
35,"Palmas, Las",2015,272.0,82.63666666666667,74.50333333333333,74.82583333333334,62293.333333333336,23894.666666666668,140075.41666666666
35,"Palmas, Las",2016,273.4166666666667,86.89833333333333,78.63583333333334,78.64583333333333,63857.416666666664,25757.75,145120.91666666666
35,"Palmas, Las",2017,283.1666666666667,86.60583333333334,78.76416666666667,78.38666666666667,65491.083333333336,27297.833333333332,149693.75
35,"Palmas, Las",2018,283.6666666666667,83.88583333333334,76.19916666666667,75.57333333333334,65379.583333333336,27694.916666666668,149860.5
35,"Palmas, Las",2019,288.3333333333333,79.80166666666666,72.10166666666667,71.27083333333333,65673.75,27263.5,151602.33333333334
35,"Palmas, Las",2020,145.66666666666666,42.11333333333334,35.303333333333335,34.5325,30816.833333333332,11606.916666666666,71164.66666666667
35,"Palmas, Las",2021,207.0,49.498333333333335,45.634166666666665,42.7775,42722.083333333336,15378.5,98458.25
35,"Palmas, Las",2022,312.6666666666667,77.14416666666666,68.71083333333333,67.42999999999999,66932.41666666667,27857.833333333332,154779.58333333334
35,"Palmas, Las",2023,327.9166666666667,82.14416666666666,73.00166666666667,71.79833333333333,68936.16666666667,31423.833333333332,159829.33333333334
35,"Palmas, Las",2024,330.0833333333333,84.3125,74.77833333333334,74.02083333333333,70237.33333333333,34266.083333333336,162899.08333333334
35,"Palmas, Las",2025,329.6666666666667,84.9525,75.90166666666667,74.73083333333334,69221.08333333333,35728.333333333336,161141.33333333334
36,Pontevedra,2015,386.6666666666667,35.300000000000004,38.74333333333333,31.944166666666664,10977.416666666666,2354.1666666666665,20665.0
36,Pontevedra,2016,404.0833333333333,39.00666666666667,41.845,35.17416666666667,11190.25,2373.9166666666665,20952.666666666668
36,Pontevedra,2017,393.9166666666667,43.23583333333334,46.9925,39.5775,11203.833333333334,2489.9166666666665,20934.5
36,Pontevedra,2018,377.3333333333333,44.73833333333334,49.42166666666666,40.513333333333335,10846.666666666666,2467.3333333333335,20270.083333333332
36,Pontevedra,2019,393.1666666666667,46.020833333333336,50.596666666666664,41.76583333333333,11056.416666666666,2606.6666666666665,20666.25
36,Pontevedra,2020,274.75,25.000833333333333,24.423333333333332,21.260833333333334,7204.0,1473.3333333333333,13477.083333333334
36,Pontevedra,2021,350.75,36.81166666666667,37.685,32.43083333333333,9136.75,1917.5,17108.083333333332
36,Pontevedra,2022,396.0833333333333,45.54833333333334,48.843333333333334,40.939166666666665,10858.083333333334,2484.0,20393.583333333332
36,Pontevedra,2023,402.8333333333333,46.056666666666665,49.064166666666665,41.59083333333333,11094.0,2569.3333333333335,20988.083333333332
36,Pontevedra,2024,419.4166666666667,46.96666666666667,50.35583333333333,42.44916666666666,11567.916666666666,2741.5833333333335,22016.833333333332
36,Pontevedra,2025,410.0,48.192499999999995,50.085,42.88583333333333,11011.083333333334,2836.6666666666665,21162.916666666668
37,Salamanca,2015,196.58333333333334,44.767500000000005,56.669999999999995,41.62416666666667,5555.75,1084.9166666666667,10681.083333333334
37,Salamanca,2016,193.33333333333334,46.9,56.36833333333333,43.520833333333336,5299.583333333333,1088.6666666666667,10235.166666666666
37,Salamanca,2017,190.25,47.28333333333333,56.071666666666665,43.84583333333333,5356.916666666667,1132.5833333333333,10367.333333333334
37,Salamanca,2018,197.0,49.26583333333334,55.24666666666667,44.19833333333333,5532.583333333333,1178.0833333333333,10708.916666666666
37,Salamanca,2019,197.25,51.056666666666665,57.04749999999999,45.340833333333336,5554.083333333333,1181.4166666666667,10833.666666666666
37,Salamanca,2020,126.66666666666667,24.795,24.573333333333334,20.52,3158.0,550.6666666666666,6115.25
37,Salamanca,2021,141.91666666666666,38.36,41.233333333333334,32.61833333333333,3882.8333333333335,699.0833333333334,7569.25
37,Salamanca,2022,172.08333333333334,47.54416666666666,54.655833333333334,42.05833333333333,5189.25,988.25,10137.666666666666
37,Salamanca,2023,172.33333333333334,53.22833333333333,57.18333333333334,46.69166666666666,5232.5,1048.3333333333333,10214.75
37,Salamanca,2024,172.16666666666666,52.291666666666664,57.96416666666667,46.18333333333334,5231.166666666667,1073.9166666666667,10277.416666666666
37,Salamanca,2025,180.91666666666666,52.024166666666666,58.987500000000004,45.6825,5344.666666666667,1122.3333333333333,10607.583333333334
38,Santa Cruz de Tenerife,2015,246.91666666666666,78.935,74.88833333333334,73.4975,40799.333333333336,16400.75,89563.58333333333
38,Santa Cruz de Tenerife,2016,247.66666666666666,84.735,79.92,78.70916666666666,41081.583333333336,17700.25,90192.08333333333
38,Santa Cruz de Tenerife,2017,248.41666666666666,83.31666666666666,79.49083333333333,78.17166666666667,41561.25,18848.416666666668,91487.5
38,Santa Cruz de Tenerife,2018,251.16666666666666,81.16666666666667,76.82333333333334,75.16583333333334,42349.833333333336,19686.583333333332,94423.25
38,Santa Cruz de Tenerife,2019,252.91666666666666,80.36,75.5525,73.30166666666666,43549.416666666664,20588.666666666668,98464.5
38,Santa Cruz de Tenerife,2020,124.5,37.166666666666664,34.95083333333333,32.23166666666667,19082.333333333332,8571.25,43345.166666666664
38,Santa Cruz de Tenerife,2021,163.66666666666666,48.995,48.28666666666666,43.86000000000001,26066.666666666668,11051.916666666666,58873.083333333336
38,Santa Cruz de Tenerife,2022,248.41666666666666,76.57833333333333,71.15083333333334,68.47333333333334,43066.916666666664,20009.333333333332,99136.5
38,Santa Cruz de Tenerife,2023,247.66666666666666,82.77833333333334,76.36,73.72833333333334,42566.916666666664,21436.083333333332,97893.5
38,Santa Cruz de Tenerife,2024,257.3333333333333,82.51,76.59583333333333,73.99916666666667,43748.666666666664,23356.166666666668,100730.33333333333
38,Santa Cruz de Tenerife,2025,251.41666666666666,82.47,75.85083333333334,74.11666666666666,43440.833333333336,23812.583333333332,100625.33333333333
39,Cantabria,2015,307.5,44.005,48.369166666666665,40.10916666666667,7786.833333333333,1889.1666666666667,15160.916666666666
39,Cantabria,2016,308.8333333333333,47.645,51.23916666666667,43.935,7809.166666666667,1938.6666666666667,15071.0
39,Cantabria,2017,309.3333333333333,48.83416666666667,53.53333333333333,45.12916666666666,7887.083333333333,2037.75,15338.916666666666
39,Cantabria,2018,324.1666666666667,49.754999999999995,53.821666666666665,45.70416666666667,8057.333333333333,2101.1666666666665,15694.25
39,Cantabria,2019,328.5833333333333,50.13166666666667,55.01666666666667,45.509166666666665,8165.833333333333,2135.0833333333335,15950.666666666666
39,Cantabria,2020,196.58333333333334,29.891666666666666,30.839166666666667,26.189999999999998,4933.583333333333,1204.6666666666667,9703.666666666666
39,Cantabria,2021,253.33333333333334,40.87166666666667,43.55833333333334,36.34166666666667,6149.0,1546.0833333333333,12176.416666666666
39,Cantabria,2022,331.5,50.68833333333333,54.45666666666667,45.66583333333333,7961.75,2120.1666666666665,15828.666666666666
39,Cantabria,2023,351.0,49.32333333333333,54.498333333333335,44.501666666666665,8173.333333333333,2171.8333333333335,16251.5
39,Cantabria,2024,344.9166666666667,50.41416666666667,54.165,44.346666666666664,8358.666666666666,2240.0833333333335,16716.583333333332
39,Cantabria,2025,332.25,50.86166666666667,54.845,44.60583333333333,8224.0,2282.4166666666665,16549.333333333332
40,Segovia,2015,123.33333333333333,36.1425,47.7225,33.65833333333333,2915.6666666666665,572.0,5490.666666666667
40,Segovia,2016,127.58333333333333,38.7875,49.12166666666667,35.46666666666667,3005.6666666666665,592.0833333333334,5685.166666666667
40,Segovia,2017,119.75,42.4625,52.24416666666667,39.28666666666667,2929.8333333333335,579.6666666666666,5557.5
40,Segovia,2018,122.16666666666667,42.38333333333333,50.82416666666666,38.108333333333334,3026.5,583.25,5783.333333333333
40,Segovia,2019,123.83333333333333,44.73583333333334,53.945,40.395833333333336,3036.0833333333335,579.8333333333334,5802.5
40,Segovia,2021,92.25,33.5625,37.4525,28.689166666666665,2379.8333333333335,410.1666666666667,4589.833333333333
40,Segovia,2022,109.33333333333333,44.30416666666667,52.65416666666667,38.943333333333335,2945.1666666666665,583.4166666666666,5716.083333333333
40,Segovia,2023,109.75,50.785,55.28666666666667,43.240833333333335,2853.4166666666665,613.6666666666666,5572.75
40,Segovia,2024,118.75,53.9125,55.36083333333334,44.245,2997.6666666666665,665.25,5910.0
40,Segovia,2025,123.25,53.159166666666664,58.25,44.096666666666664,3121.0,657.75,6212.333333333333
41,Sevilla,2015,350.25,59.095,63.1225,52.971666666666664,14465.916666666666,3987.4166666666665,28597.0
41,Sevilla,2016,372.1666666666667,62.6575,64.80833333333334,55.42416666666667,14916.75,4095.4166666666665,29705.083333333332
41,Sevilla,2017,365.75,65.77166666666666,67.13166666666667,58.57416666666666,14886.583333333334,4233.0,29805.333333333332
41,Sevilla,2018,367.0,68.26166666666667,69.61749999999999,60.66416666666667,15147.5,4496.583333333333,30593.666666666668
41,Sevilla,2019,384.6666666666667,70.35666666666667,69.83333333333333,62.26166666666666,15611.083333333334,4718.916666666667,31646.083333333332
41,Sevilla,2020,197.0,32.67333333333333,31.251666666666665,26.989166666666666,8576.333333333334,1901.5,17315.833333333332
41,Sevilla,2021,250.0,43.160833333333336,46.74583333333334,36.972500000000004,11693.416666666666,2441.0,23494.333333333332
41,Sevilla,2022,367.25,62.535,64.88833333333334,55.865,16050.916666666666,4152.083333333333,32080.666666666668
41,Sevilla,2023,385.0833333333333,67.09,66.70916666666666,59.67666666666667,16856.583333333332,4757.75,33839.333333333336
41,Sevilla,2024,414.8333333333333,68.61916666666666,68.27166666666666,61.068333333333335,17322.916666666668,5190.75,34998.0
41,Sevilla,2025,431.0833333333333,67.23333333333333,65.52166666666666,58.84,17746.0,5203.916666666667,36008.75
42,Soria,2015,115.58333333333333,30.67833333333333,39.11833333333333,27.526666666666667,1926.4166666666667,422.8333333333333,3596.8333333333335
42,Soria,2016,104.16666666666667,35.80166666666667,42.55916666666666,31.742500000000003,1884.8333333333333,421.0,3515.6666666666665
42,Soria,2017,102.25,36.83,44.0275,32.410833333333336,1907.1666666666667,402.0,3593.9166666666665
42,Soria,2018,103.91666666666667,37.693333333333335,44.395833333333336,32.55916666666667,1907.0833333333333,399.6666666666667,3597.25
42,Soria,2019,99.33333333333333,40.6725,45.59583333333333,33.885,1851.25,393.1666666666667,3495.0
42,Soria,2020,69.83333333333333,26.775000000000002,23.273333333333337,20.2775,1291.5833333333333,248.91666666666666,2431.5
42,Soria,2021,86.58333333333333,36.071666666666665,33.22083333333333,28.255,1559.1666666666667,305.25,2924.0
42,Soria,2022,93.16666666666667,41.55916666666667,42.935,34.26583333333333,1734.0,373.3333333333333,3267.3333333333335
42,Soria,2023,95.33333333333333,43.53,45.7525,36.2725,1822.8333333333333,392.6666666666667,3438.1666666666665
42,Soria,2024,95.0,40.568333333333335,45.77916666666667,35.83583333333333,1840.75,410.5833333333333,3499.8333333333335
42,Soria,2025,99.33333333333333,38.87166666666666,43.73166666666666,34.0425,1928.3333333333333,442.9166666666667,3709.75
43,Tarragona,2015,260.1666666666667,50.764166666666675,52.64083333333334,44.344166666666666,18520.0,4035.9166666666665,45056.0
43,Tarragona,2016,263.0833333333333,55.567499999999995,55.751666666666665,48.45583333333334,18648.75,4234.75,43809.083333333336
43,Tarragona,2017,258.3333333333333,59.0325,61.665,53.064166666666665,18361.916666666668,4408.333333333333,42495.833333333336
43,Tarragona,2018,259.25,56.5,58.8425,50.95583333333334,18422.083333333332,4365.75,42382.75
43,Tarragona,2019,250.25,57.3225,60.785,50.91583333333333,18001.666666666668,4522.583333333333,41559.416666666664
43,Tarragona,2020,142.25,27.948333333333334,26.602500000000003,22.71166666666667,6873.5,1372.8333333333333,15583.5
43,Tarragona,2021,186.91666666666666,37.800000000000004,41.37833333333333,32.4425,11768.25,2546.5,27890.25
43,Tarragona,2022,233.83333333333334,55.482499999999995,56.90083333333333,48.1575,17126.333333333332,4235.916666666667,40907.916666666664
43,Tarragona,2023,233.16666666666666,60.45416666666667,58.839166666666664,51.36666666666667,17577.083333333332,4849.583333333333,43123.166666666664
43,Tarragona,2024,229.83333333333334,60.67416666666667,57.2075,50.846666666666664,18323.916666666668,5436.916666666667,45404.166666666664
43,Tarragona,2025,227.58333333333334,60.37083333333334,58.55166666666667,51.22166666666667,18026.583333333332,5722.333333333333,44489.5
44,Teruel,2015,219.08333333333334,26.298333333333332,36.068333333333335,24.1675,3657.0833333333335,713.0833333333334,7167.083333333333
44,Teruel,2016,222.83333333333334,28.724166666666665,38.598333333333336,25.906666666666666,3698.8333333333335,758.0,7314.25
44,Teruel,2017,220.08333333333334,33.20583333333334,43.49,29.584999999999997,3642.5,725.5833333333334,7298.166666666667
44,Teruel,2018,220.16666666666666,32.09583333333333,42.95416666666667,29.162499999999998,3661.75,720.25,7384.416666666667
44,Teruel,2019,231.08333333333334,33.485,41.98083333333333,29.66416666666667,3730.1666666666665,764.8333333333334,7557.833333333333
44,Teruel,2020,144.0,22.5675,23.6875,18.32166666666667,2327.1666666666665,451.1666666666667,4728.5
44,Teruel,2021,176.0,29.5975,32.11666666666667,24.728333333333335,2884.75,588.75,5850.416666666667
44,Teruel,2022,198.66666666666666,37.089166666666664,43.91583333333333,31.598333333333333,3411.5833333333335,752.0,6989.25
44,Teruel,2023,195.0,38.651666666666664,43.405,31.939999999999998,3433.6666666666665,818.3333333333334,7076.333333333333
44,Teruel,2024,187.16666666666666,40.906666666666666,45.18833333333333,33.86333333333334,3292.8333333333335,798.75,6854.833333333333
44,Teruel,2025,203.66666666666666,42.66166666666667,45.11833333333333,34.82,3517.6666666666665,893.25,7280.0
45,Toledo,2015,197.41666666666666,36.104166666666664,44.93833333333333,32.634166666666665,5023.833333333333,816.4166666666666,9574.75
45,Toledo,2016,193.91666666666666,40.41583333333333,46.11333333333334,36.225833333333334,4908.0,858.75,9387.5
45,Toledo,2017,183.58333333333334,42.99666666666667,48.3825,38.8375,4655.083333333333,862.5,8918.083333333334
45,Toledo,2018,182.16666666666666,44.79083333333333,50.105,40.005,4616.333333333333,850.0833333333334,8865.25
45,Toledo,2019,174.83333333333334,45.8475,51.44916666666666,40.736666666666665,4570.666666666667,812.0,8765.666666666666
45,Toledo,2020,121.41666666666667,22.315833333333334,22.7825,18.726666666666667,2975.0833333333335,457.5833333333333,5677.833333333333
45,Toledo,2021,151.16666666666666,33.4175,37.23083333333333,28.55666666666667,3979.25,568.25,7602.75
45,Toledo,2022,185.83333333333334,44.2425,50.281666666666666,38.068333333333335,4862.166666666667,850.4166666666666,9374.5
45,Toledo,2023,182.66666666666666,48.3725,51.48666666666667,40.7275,4782.0,912.75,9333.25
45,Toledo,2024,179.75,49.81166666666667,52.6025,41.95333333333333,4824.666666666667,1096.0,9462.833333333334
45,Toledo,2025,187.16666666666666,50.48333333333333,52.7475,41.70166666666667,5094.666666666667,1101.1666666666667,10126.833333333334
46,Valencia/València,2015,351.6666666666667,55.35,56.20583333333334,47.73166666666666,17530.0,3684.3333333333335,35196.0
46,Valencia/València,2016,350.3333333333333,59.41583333333333,59.369166666666665,50.54333333333333,17704.25,3860.0,35897.916666666664
46,Valencia/València,2017,367.5,61.060833333333335,61.00666666666667,52.0275,17865.5,4017.0833333333335,36324.583333333336
46,Valencia/València,2018,375.75,65.48,62.71416666666667,54.92416666666667,18108.75,4105.083333333333,36964.5
46,Valencia/València,2019,379.4166666666667,68.60083333333334,65.42333333333333,56.9075,18113.166666666668,4195.0,37043.25
46,Valencia/València,2020,267.3333333333333,32.9775,30.676666666666666,25.742499999999996,11279.166666666666,2066.5833333333335,23017.083333333332
46,Valencia/València,2021,326.6666666666667,47.70249999999999,48.84,39.788333333333334,14534.25,2916.75,29414.583333333332
46,Valencia/València,2022,373.0,66.425,67.0625,56.665,17929.833333333332,4257.916666666667,36464.833333333336
46,Valencia/València,2023,390.4166666666667,70.33583333333333,68.84583333333333,59.449999999999996,18273.25,4874.833333333333,37293.166666666664
46,Valencia/València,2024,398.3333333333333,71.21583333333334,67.895,60.3975,19078.416666666668,5173.666666666667,38573.5
46,Valencia/València,2025,399.5833333333333,70.36333333333333,66.24666666666667,58.35333333333333,19420.083333333332,5583.083333333333,39733.333333333336
47,Valladolid,2015,126.33333333333333,42.464166666666664,48.53666666666667,35.74,4277.666666666667,1126.9166666666667,7990.666666666667
47,Valladolid,2016,124.33333333333333,44.645833333333336,49.169999999999995,37.65083333333333,4394.333333333333,1222.75,8238.166666666666
47,Valladolid,2017,117.66666666666667,49.92666666666667,55.97833333333333,42.1175,4225.666666666667,1193.1666666666667,7931.0
47,Valladolid,2018,125.08333333333333,50.24,55.379999999999995,41.987500000000004,4319.583333333333,1245.4166666666667,8112.916666666667
47,Valladolid,2019,125.75,51.550000000000004,55.7225,42.836666666666666,4403.583333333333,1266.1666666666667,8271.25
47,Valladolid,2020,82.5,28.0525,24.535,21.83666666666667,2922.9166666666665,686.4166666666666,5482.25
47,Valladolid,2021,95.66666666666667,39.6675,39.48833333333334,32.6075,3556.25,883.4166666666666,6703.166666666667
47,Valladolid,2022,106.83333333333333,49.6625,53.89416666666667,41.57,4015.75,1099.8333333333333,7590.083333333333
47,Valladolid,2023,104.08333333333333,54.306666666666665,54.1775,44.07833333333334,3899.6666666666665,1141.9166666666667,7375.083333333333
47,Valladolid,2024,103.0,54.69583333333333,54.625,44.05416666666667,3950.4166666666665,1103.3333333333333,7570.75
47,Valladolid,2025,99.25,57.305,56.2075,46.229166666666664,3810.5833333333335,1164.5,7322.583333333333
48,Bizkaia,2015,201.25,61.33083333333334,59.18416666666667,51.32750000000001,6746.0,1713.5833333333333,12887.5
48,Bizkaia,2016,200.25,64.69166666666666,60.5675,52.12083333333334,6845.083333333333,1700.8333333333333,13196.5
48,Bizkaia,2017,205.16666666666666,68.50166666666667,64.07833333333333,55.288333333333334,6942.583333333333,1751.4166666666667,13468.083333333334
48,Bizkaia,2018,211.0,69.70916666666666,65.92166666666667,56.70416666666667,7135.166666666667,1850.9166666666667,13709.0
48,Bizkaia,2019,212.08333333333334,68.98583333333333,65.76833333333333,56.9125,7365.833333333333,1970.5833333333333,14120.416666666666
48,Bizkaia,2020,152.91666666666666,31.709166666666665,26.755,25.141666666666666,5150.5,1120.9166666666667,9847.833333333334
48,Bizkaia,2021,192.75,42.54833333333333,42.73166666666666,35.6075,6776.083333333333,1299.3333333333333,13033.916666666666
48,Bizkaia,2022,208.66666666666666,60.1975,60.99,51.119166666666665,7787.583333333333,1685.3333333333333,15002.583333333334
48,Bizkaia,2023,215.5,66.77416666666666,65.04083333333334,55.85583333333333,8007.083333333333,1833.25,15416.5
48,Bizkaia,2024,212.25,67.91833333333334,64.92916666666666,56.30916666666667,8111.916666666667,1968.4166666666667,15655.416666666666
48,Bizkaia,2025,220.25,68.2225,65.49333333333333,56.8125,8332.5,2094.5833333333335,16170.166666666666
49,Zamora,2015,90.25,30.3875,35.089999999999996,27.366666666666664,1866.75,448.5,3389.3333333333335
49,Zamora,2016,90.0,33.49583333333333,39.64,29.768333333333334,1833.9166666666667,497.4166666666667,3347.4166666666665
49,Zamora,2017,85.0,34.49,40.94166666666667,30.771666666666665,1828.75,499.5,3361.8333333333335
49,Zamora,2018,93.41666666666667,39.13916666666667,42.94916666666666,33.9925,1905.4166666666667,534.4166666666666,3522.4166666666665
49,Zamora,2019,94.33333333333333,41.135,45.01666666666667,35.795,1876.5,546.0833333333334,3472.0
49,Zamora,2021,74.08333333333333,34.979166666666664,32.02916666666667,28.855,1324.1666666666667,336.4166666666667,2494.6666666666665
49,Zamora,2022,82.25,39.9,43.85333333333333,34.402499999999996,1543.0,398.5,2922.5833333333335
49,Zamora,2023,81.0,39.803333333333335,38.545833333333334,32.86,1663.75,405.9166666666667,3168.9166666666665
49,Zamora,2024,70.58333333333333,42.70166666666666,43.784166666666664,35.01416666666667,1535.5833333333333,407.0,2945.0833333333335
49,Zamora,2025,78.91666666666667,40.24,39.15083333333333,31.673333333333332,1564.4166666666667,362.1666666666667,3039.25
50,Zaragoza,2015,258.1666666666667,43.06333333333333,47.355,36.780833333333334,8637.666666666666,1561.8333333333333,15987.416666666666
50,Zaragoza,2016,247.75,48.92666666666667,52.987500000000004,41.725833333333334,8766.75,1499.75,16268.0
50,Zaragoza,2017,246.91666666666666,50.49166666666667,54.50833333333333,43.274166666666666,8966.75,1460.0,16653.833333333332
50,Zaragoza,2018,245.0,55.24916666666667,59.24583333333334,47.25833333333333,8730.666666666666,1458.25,16183.333333333334
50,Zaragoza,2019,251.08333333333334,57.2125,59.20666666666667,47.98583333333334,8681.083333333334,1443.25,16160.25
50,Zaragoza,2020,181.75,31.123333333333335,25.367499999999996,23.918333333333333,5690.916666666667,784.75,10526.75
50,Zaragoza,2021,215.83333333333334,41.19833333333333,38.571666666666665,33.07416666666666,7216.083333333333,1074.1666666666667,13407.166666666666
50,Zaragoza,2022,231.16666666666666,52.034166666666664,54.2075,43.899166666666666,8398.25,1462.1666666666667,15635.0
50,Zaragoza,2023,227.58333333333334,56.18416666666667,55.1275,46.23416666666666,8475.083333333334,1528.5,15905.5
50,Zaragoza,2024,224.83333333333334,58.892500000000005,58.6225,48.541666666666664,8417.166666666666,1528.0833333333333,15949.583333333334
50,Zaragoza,2025,218.25,61.0,59.03916666666667,48.98833333333334,8141.833333333333,1556.4166666666667,15478.416666666666
51,Ceuta,2015,11.833333333333334,53.45666666666667,56.181666666666665,55.595,418.3333333333333,142.91666666666666,789.6666666666666
51,Ceuta,2016,12.916666666666666,60.495,65.59166666666667,64.00166666666667,412.0833333333333,152.0,786.9166666666666
51,Ceuta,2017,12.583333333333334,64.12916666666666,65.44416666666666,64.44583333333334,407.25,160.0,769.5
51,Ceuta,2018,12.75,62.19416666666667,63.873333333333335,63.90416666666667,404.75,134.0,768.5
51,Ceuta,2019,12.666666666666666,60.30833333333334,57.9275,58.16833333333333,409.25,125.25,785.5
51,Ceuta,2021,9.0,44.18833333333333,32.012499999999996,38.428333333333335,371.6666666666667,119.08333333333333,684.0
51,Ceuta,2022,11.416666666666666,48.82666666666666,46.56583333333333,47.26666666666667,421.3333333333333,137.83333333333334,782.5833333333334
51,Ceuta,2023,10.916666666666666,52.379999999999995,52.160000000000004,51.557500000000005,410.0,160.91666666666666,762.75
51,Ceuta,2024,9.916666666666666,52.583333333333336,47.044999999999995,47.7875,406.9166666666667,169.91666666666666,767.0833333333334
51,Ceuta,2025,10.5,54.18666666666667,51.471666666666664,50.494166666666665,414.5,153.75,774.3333333333334
52,Melilla,2015,10.833333333333334,59.89333333333334,53.405,47.8025,448.8333333333333,148.5,844.9166666666666
52,Melilla,2016,10.25,62.721666666666664,59.660833333333336,51.262499999999996,439.0,153.66666666666666,833.5
52,Melilla,2017,10.0,63.1175,57.6325,50.053333333333335,441.0,157.5,838.0
52,Melilla,2018,9.916666666666666,61.68333333333334,54.093333333333334,47.43,440.5,154.41666666666666,837.0833333333334
52,Melilla,2019,9.916666666666666,60.63999999999999,55.20916666666667,45.854166666666664,440.5,151.75,837.0833333333334
52,Melilla,2021,7.0,43.979166666666664,32.7825,30.535,410.6666666666667,114.83333333333333,786.6666666666666
52,Melilla,2022,8.0,51.93833333333333,47.163333333333334,38.57,423.0,136.5,809.0
52,Melilla,2023,7.333333333333333,57.791666666666664,53.682500000000005,43.19083333333333,419.0,136.66666666666666,801.6666666666666
52,Melilla,2024,6.916666666666667,57.574999999999996,54.928333333333335,44.35583333333333,415.75,139.08333333333334,795.6666666666666
52,Melilla,2025,7.5,61.357499999999995,56.45166666666666,45.346666666666664,428.0,146.58333333333334,832.3333333333334
