codigo_ccaa,comunidad_autonoma,codigo_provincia,provincia,anio,poblacion_hombres,poblacion_mujeres,poblacion_total,pct_mujeres,razon_masculinidad
08,Castilla - La Mancha,02,Albacete,2021,193487,193239,386726,49.96793595465523,100.12833848239744
08,Castilla - La Mancha,02,Albacete,2022,193236,192731,385967,49.93457989931782,100.26202323445631
08,Castilla - La Mancha,02,Albacete,2023,194012,193517,387529,49.936133811921174,100.25579148085181
08,Castilla - La Mancha,02,Albacete,2024,194761,194309,389070,49.941912766340245,100.23261917873079
08,Castilla - La Mancha,02,Albacete,2025,196118,194633,390751,49.809981292434315,100.76297441852101
10,Comunitat Valenciana,03,Alicante/Alacant,2021,935234,951802,1887036,50.43899533448222,98.2593018295822
10,Comunitat Valenciana,03,Alicante/Alacant,2022,945114,962380,1907494,50.452583337090445,98.20590619090173
10,Comunitat Valenciana,03,Alicante/Alacant,2023,966477,988791,1955268,50.57061231503814,97.7433047024093
10,Comunitat Valenciana,03,Alicante/Alacant,2024,984792,1008497,1993289,50.59462024824298,97.64947243273902
10,Comunitat Valenciana,03,Alicante/Alacant,2025,1005674,1027892,2033566,50.5462817533338,97.83848886848034
01,Andalucía,04,Almería,2021,372823,357607,730430,48.958421751570995,104.25495026663349
01,Andalucía,04,Almería,2022,378325,361216,739541,48.84326900063688,104.73650115166548
01,Andalucía,04,Almería,2023,385696,367668,753364,48.80350003451187,104.90333670594123
01,Andalucía,04,Almería,2024,389103,371861,760964,48.86709489542212,104.63667875899866
01,Andalucía,04,Almería,2025,393351,377203,770554,48.95218245573964,104.28098397944873
16,País Vasco,01,Araba/Álava,2021,164299,169186,333485,50.73271661394066,97.11146312342629
16,País Vasco,01,Araba/Álava,2022,164410,169498,333908,50.76188650766079,96.99819466896365
16,País Vasco,01,Araba/Álava,2023,165600,170708,336308,50.75942290995159,97.00775593410971
16,País Vasco,01,Araba/Álava,2024,166667,171927,338594,50.77674146618074,96.94056198270196
16,País Vasco,01,Araba/Álava,2025,168413,173548,341961,50.75081661359044,97.04116440408417
03,"Asturias, Principado de",33,Asturias,2021,483186,528931,1012117,52.259867189267645,91.35142390973492
03,"Asturias, Principado de",33,Asturias,2022,479658,525302,1004960,52.27093615666295,91.31090306147702
03,"Asturias, Principado de",33,Asturias,2023,479739,526321,1006060,52.31507067172932,91.14950761987457
03,"Asturias, Principado de",33,Asturias,2024,481478,528121,1009599,52.30997653523825,91.16812245678547
03,"Asturias, Principado de",33,Asturias,2025,484511,530617,1015128,52.270945141893435,91.31087017566342
11,Extremadura,06,Badajoz,2021,331856,339236,671092,50.54985009506893,97.82452334068319
11,Extremadura,06,Badajoz,2022,330178,337673,667851,50.56112815583116,97.78039701130976
11,Extremadura,06,Badajoz,2023,329118,336931,666049,50.58651840930622,97.68112758992197
11,Extremadura,06,Badajoz,2024,328932,337097,666029,50.61296129748104,97.57784851244597
11,Extremadura,06,Badajoz,2025,328176,336979,665155,50.66172546248619,97.38767104181566
04,"Balears, Illes",07,"Balears, Illes",2021,590990,592425,1183415,50.060629618519286,99.7577752458117
04,"Balears, Illes",07,"Balears, Illes",2022,592100,594943,1187043,50.11975134851897,99.52213909567807
04,"Balears, Illes",07,"Balears, Illes",2023,602649,607257,1209906,50.19042801672196,99.24117795266254
04,"Balears, Illes",07,"Balears, Illes",2024,613910,617858,1231768,50.16025745107845,99.36101822748917
04,"Balears, Illes",07,"Balears, Illes",2025,622673,627171,1249844,50.17994245681861,99.28281122692216
09,Cataluña,08,Barcelona,2021,2785890,2916372,5702262,51.14412491043028,95.52587941456028
09,Cataluña,08,Barcelona,2022,2783698,2915904,5699602,51.159782735706806,95.46603729066526
09,Cataluña,08,Barcelona,2023,2830260,2967096,5797356,51.18015867923239,95.38821797474702
09,Cataluña,08,Barcelona,2024,2870721,3006951,5877672,51.15887718811121,95.46949717504542
09,Cataluña,08,Barcelona,2025,2916664,3043277,5959941,51.062200112383664,95.83958344902551
16,País Vasco,48,Bizkaia,2021,557190,596445,1153635,51.70136134912689,93.41850463999195
16,País Vasco,48,Bizkaia,2022,554748,593929,1148677,51.705483787000176,93.40308353355367
16,País Vasco,48,Bizkaia,2023,557146,596136,1153282,51.69039315622719,93.45954614383295
16,País Vasco,48,Bizkaia,2024,560523,598845,1159368,51.6527107872565,93.60068131152468
16,País Vasco,48,Bizkaia,2025,564945,602288,1167233,51.59963777583396,93.79981005764684
07,Castilla y León,09,Burgos,2021,178040,178002,356042,49.99466355092938,100.02134807474073
07,Castilla y León,09,Burgos,2022,177509,177337,354846,49.97576413430051,100.09699047576083
07,Castilla y León,09,Burgos,2023,178592,178778,357370,50.02602344908638,99.89596035306357
07,Castilla y León,09,Burgos,2024,179824,179916,359740,50.01278701284261,99.94886502590097
07,Castilla y León,09,Burgos,2025,181482,181181,362663,49.958501418672434,100.1661322103311
06,Cantabria,39,Cantabria,2021,283854,300854,584708,51.45371706903275,94.34941865489573
06,Cantabria,39,Cantabria,2022,284061,301389,585450,51.47988726620548,94.25061963110797
06,Cantabria,39,Cantabria,2023,285133,303254,588387,51.53988786292015,94.02448112803128
06,Cantabria,39,Cantabria,2024,286322,304529,590851,51.54074377465723,94.02125905907155
06,Cantabria,39,Cantabria,2025,287460,306163,593623,51.57532642771591,93.89116255066746
10,Comunitat Valenciana,12,Castellón/Castelló,2021,291857,295775,587632,50.33337190622703,98.67534443411377
10,Comunitat Valenciana,12,Castellón/Castelló,2022,293616,297684,591300,50.343987823439875,98.63345023582053
10,Comunitat Valenciana,12,Castellón/Castelló,2023,299780,304306,604086,50.374615534874174,98.51268131420346
10,Comunitat Valenciana,12,Castellón/Castelló,2024,305611,309577,615188,50.322340487785844,98.71889707568715
10,Comunitat Valenciana,12,Castellón/Castelló,2025,312091,315529,627620,50.27389184538415,98.91040126264147
18,Ceuta,51,Ceuta,2021,42536,41535,84071,49.40466986237823,102.41001564945226
18,Ceuta,51,Ceuta,2022,41908,41143,83051,49.53943962143743,101.85936854385922
18,Ceuta,51,Ceuta,2023,41897,41155,83052,49.553291913499976,101.80294010448306
18,Ceuta,51,Ceuta,2024,41957,41222,83179,49.558181752605826,101.7830284799379
18,Ceuta,51,Ceuta,2025,42147,41420,83567,49.56501968480381,101.75519072911636
08,Castilla - La Mancha,13,Ciudad Real,2021,244112,248788,492900,50.47433556502333,98.12048812643697
08,Castilla - La Mancha,13,Ciudad Real,2022,243274,247676,490950,50.44831449231083,98.22267801482582
08,Castilla - La Mancha,13,Ciudad Real,2023,243873,248054,491927,50.42496142720363,98.31447991163215
08,Castilla - La Mancha,13,Ciudad Real,2024,244437,248511,492948,50.413228170111246,98.36063594770452
08,Castilla - La Mancha,13,Ciudad Real,2025,245530,249318,494848,50.38274379203311,98.48065522746052
12,Galicia,15,"Coruña, A",2021,537361,583140,1120501,52.042791572698285,92.14956957162946
12,Galicia,15,"Coruña, A",2022,536697,582467,1119164,52.04482989088284,92.14204409863564
12,Galicia,15,"Coruña, A",2023,538523,585361,1123884,52.08375597481591,91.99844198708148
12,Galicia,15,"Coruña, A",2024,540524,587925,1128449,52.100272143446446,91.93757707190542
12,Galicia,15,"Coruña, A",2025,544635,590988,1135623,52.04086215231639,92.1566935369246
08,Castilla - La Mancha,16,Cuenca,2021,98748,97762,196510,49.74912218207725,101.00857183772835
08,Castilla - La Mancha,16,Cuenca,2022,98835,97805,196640,49.738100081366966,101.05311589387046
08,Castilla - La Mancha,16,Cuenca,2023,99934,98502,198436,49.63917837489165,101.45377758827232
08,Castilla - La Mancha,16,Cuenca,2024,100365,98660,199025,49.57166185152619,101.72815730792621
08,Castilla - La Mancha,16,Cuenca,2025,100975,98884,199859,49.476881201246876,102.11459892399175
11,Extremadura,10,Cáceres,2021,193987,196557,390544,50.329028227293215,98.69249123663873
11,Extremadura,10,Cáceres,2022,193077,195880,388957,50.36032260635494,98.5690218501123
11,Extremadura,10,Cáceres,2023,192508,195749,388257,50.41737817991691,98.34430827232833
11,Extremadura,10,Cáceres,2024,192745,195907,388652,50.40679065076212,98.3859688525678
11,Extremadura,10,Cáceres,2025,192256,195934,388190,50.473737087508695,98.12283728194188
01,Andalucía,11,Cádiz,2021,616595,633278,1249873,50.66738780660115,97.36561194293817
01,Andalucía,11,Cádiz,2022,616647,633898,1250545,50.68973927367668,97.27858425172504
01,Andalucía,11,Cádiz,2023,618291,636575,1254866,50.728524001765926,97.12775399599418
01,Andalucía,11,Cádiz,2024,619543,639187,1258730,50.780310312775576,96.92672097523887
01,Andalucía,11,Cádiz,2025,620608,640812,1261420,50.800843493840276,96.84712520988995
01,Andalucía,14,Córdoba,2021,380859,396763,777622,51.02260481313543,95.99156171316378
01,Andalucía,14,Córdoba,2022,379567,395543,775110,51.03056340390396,95.96099539114584
01,Andalucía,14,Córdoba,2023,379239,395763,775002,51.0660617650019,95.82477391772349
01,Andalucía,14,Córdoba,2024,378655,395658,774313,51.09794101351779,95.70260174190841
01,Andalucía,14,Córdoba,2025,377929,395234,773163,51.11910425097942,95.62158113927445
16,País Vasco,20,Gipuzkoa,2021,354493,371015,725508,51.13865043528121,95.54681077584465
16,País Vasco,20,Gipuzkoa,2022,353333,369908,723241,51.14588359896632,95.51915611449333
16,País Vasco,20,Gipuzkoa,2023,354758,371954,726712,51.18313719878026,95.37684767471247
16,País Vasco,20,Gipuzkoa,2024,356298,373424,729722,51.17346057813798,95.41379236471143
16,País Vasco,20,Gipuzkoa,2025,358360,374789,733149,51.12044072896505,95.61646686535624
09,Cataluña,17,Girona,2021,393369,391572,784941,49.88553279800647,100.45891943244155
09,Cataluña,17,Girona,2022,396258,394174,790432,49.86817335330554,100.52870052311923
09,Cataluña,17,Girona,2023,404692,403980,808672,49.95597720707531,100.17624634882915
09,Cataluña,17,Girona,2024,411347,409761,821108,49.903423179411234,100.38705489297419
09,Cataluña,17,Girona,2025,416380,414049,830429,49.8596508551604,100.56297684573565
01,Andalucía,18,Granada,2021,456393,468653,925046,50.66266974831522,97.38399199407664
01,Andalucía,18,Granada,2022,456834,469185,926019,50.66688696452233,97.3675629016273
01,Andalucía,18,Granada,2023,460537,473535,934072,50.695770775700375,97.25511313841638
01,Andalucía,18,Granada,2024,462515,477226,939741,50.78271566314548,96.91739343623357
01,Andalucía,18,Granada,2025,464948,480849,945797,50.840613789216924,96.69314067409935
08,Castilla - La Mancha,19,Guadalajara,2021,134874,131095,265969,49.28957886069429,102.88264235859491
08,Castilla - La Mancha,19,Guadalajara,2022,136128,132284,268412,49.28393663472572,102.90586919052947
08,Castilla - La Mancha,19,Guadalajara,2023,139416,135666,275082,49.318385063362925,102.76414134713193
08,Castilla - La Mancha,19,Guadalajara,2024,142037,138188,280225,49.31323043982514,102.78533591918256
08,Castilla - La Mancha,19,Guadalajara,2025,145284,140555,285839,49.17278607887657,103.36451922734872
01,Andalucía,21,Huelva,2021,261186,266068,527254,50.462964719091744,98.16513071846295
01,Andalucía,21,Huelva,2022,263398,267696,531094,50.40463646736736,98.39444743290898
01,Andalucía,21,Huelva,2023,265017,269067,534084,50.37915384096883,98.49479869326227
01,Andalucía,21,Huelva,2024,265662,270072,535734,50.41158485367738,98.36710210610504
01,Andalucía,21,Huelva,2025,267376,271413,538789,50.374636453231226,98.51259888067263
02,Aragón,22,Huesca,2021,113456,110539,223995,49.34886939440612,102.63888763241933
02,Aragón,22,Huesca,2022,114288,110911,225199,49.2502186954649,103.0447836553633
02,Aragón,22,Huesca,2023,114938,111940,226878,49.33929248318479,102.6782204752546
02,Aragón,22,Huesca,2024,115992,112527,228519,49.24185735102989,103.07926097736544
02,Aragón,22,Huesca,2025,117167,112920,230087,49.07708823184274,103.76106978391782
01,Andalucía,23,Jaén,2021,310930,316638,627568,50.45477143512735,98.19731049337098
01,Andalucía,23,Jaén,2022,309349,314842,624191,50.4400095483594,98.25531536453205
01,Andalucía,23,Jaén,2023,307398,313239,620637,50.47056491959068,98.13528966699549
01,Andalucía,23,Jaén,2024,306472,312583,619055,50.493574884299456,98.04499924819967
01,Andalucía,23,Jaén,2025,305962,312181,618143,50.50303894082761,98.00788645048866
07,Castilla y León,24,León,2021,220034,232401,452435,51.366715660813156,94.6785943261862
07,Castilla y León,24,León,2022,218430,230840,449270,51.38112938767334,94.62398197885982
07,Castilla y León,24,León,2023,218038,230535,448573,51.39297282716525,94.57913115145206
07,Castilla y León,24,León,2024,217825,229977,447802,51.35684967909924,94.71599333846429
07,Castilla y León,24,León,2025,218106,229924,448030,51.318884896100705,94.86004070910388
09,Cataluña,25,Lleida,2021,224011,215247,439258,49.00240860724222,104.07160146250587
09,Cataluña,25,Lleida,2022,225105,215778,440883,48.94223637563707,104.32249812307093
09,Cataluña,25,Lleida,2023,228557,218786,447343,48.90788500099476,104.46600787984606
09,Cataluña,25,Lleida,2024,231053,220654,451707,48.848921978184976,104.71280828808905
09,Cataluña,25,Lleida,2025,235446,222780,458226,48.61793088999751,105.68542957177485
12,Galicia,27,Lugo,2021,158003,168065,326068,51.54292969564631,94.01303067265641
12,Galicia,27,Lugo,2022,157157,167083,324240,51.530656303972364,94.05924001843395
12,Galicia,27,Lugo,2023,157332,166935,324267,51.480724218005534,94.24746158684518
12,Galicia,27,Lugo,2024,157715,167333,325048,51.4794738007925,94.2521797852187
12,Galicia,27,Lugo,2025,158220,167802,326022,51.46953273092,94.28969857331856
13,"Madrid, Comunidad de",28,Madrid,2021,3221401,3505239,6726640,52.10980519248837,91.90246371217484
13,"Madrid, Comunidad de",28,Madrid,2022,3229127,3514127,6743254,52.11322308191268,91.88987762821321
13,"Madrid, Comunidad de",28,Madrid,2023,3288197,3583706,6871903,52.150124936280385,91.75409478344484
13,"Madrid, Comunidad de",28,Madrid,2024,3356163,3653105,7009268,52.118209775970904,91.87151751729009
13,"Madrid, Comunidad de",28,Madrid,2025,3407410,3706476,7113886,52.10198757753498,91.93125761504999
19,Melilla,52,Melilla,2021,43823,42627,86450,49.30827067669173,102.80573345532174
19,Melilla,52,Melilla,2022,42978,41954,84932,49.397164790656056,102.44076846069505
19,Melilla,52,Melilla,2023,43162,42331,85493,49.513995297860646,101.96310032836456
19,Melilla,52,Melilla,2024,43252,42733,85985,49.69820317497238,101.21451805396298
19,Melilla,52,Melilla,2025,43770,43297,87067,49.728370105780606,101.09245444257108
14,"Murcia, Región de",30,Murcia,2021,760831,757448,1518279,49.88859096384788,100.44663131990579
14,"Murcia, Región de",30,Murcia,2022,767117,762541,1529658,49.85042408172284,100.60009887992908
14,"Murcia, Región de",30,Murcia,2023,777819,773873,1551692,49.872848477661805,100.5099027876667
14,"Murcia, Región de",30,Murcia,2024,786038,782454,1568492,49.885750134524116,100.45804609600053
14,"Murcia, Región de",30,Murcia,2025,794905,792084,1586989,49.91112099705795,100.35614909529798
01,Andalucía,29,Málaga,2021,831211,865744,1696955,51.01749899083947,96.01117651407344
01,Andalucía,29,Málaga,2022,840038,875071,1715109,51.02130535143831,95.99655342252228
01,Andalucía,29,Málaga,2023,857246,895482,1752728,51.090756808814604,95.73012076177969
01,Andalucía,29,Málaga,2024,867140,907561,1774701,51.13881155191776,95.54619469104556
01,Andalucía,29,Málaga,2025,874712,916471,1791183,51.165682121815586,95.44350012166234
15,"Navarra, Comunidad Foral de",31,Navarra,2021,327940,334092,662032,50.46463010851439,98.15859104677753
15,"Navarra, Comunidad Foral de",31,Navarra,2022,329064,335450,664514,50.48050153947095,98.09628856759576
15,"Navarra, Comunidad Foral de",31,Navarra,2023,332575,339580,672155,50.521085166367875,97.93715766535132
15,"Navarra, Comunidad Foral de",31,Navarra,2024,335919,342414,678333,50.47874716400352,98.10317335155689
15,"Navarra, Comunidad Foral de",31,Navarra,2025,338835,345019,683854,50.45214329374399,98.20763494184378
12,Galicia,32,Ourense,2021,146630,158667,305297,51.97135903726535,92.41367139985
12,Galicia,32,Ourense,2022,146112,158111,304223,51.97207311741716,92.41102769573274
12,Galicia,32,Ourense,2023,146271,158292,304563,51.97348331872224,92.40580698961413
12,Galicia,32,Ourense,2024,146181,158286,304467,51.98790016652051,92.35245062734543
12,Galicia,32,Ourense,2025,146646,158632,305278,51.96312868926028,92.44414746078975
07,Castilla y León,34,Palencia,2021,78883,80263,159146,50.433564148643384,98.28065235538168
07,Castilla y León,34,Palencia,2022,78316,79677,157993,50.430715284854394,98.29185335793265
07,Castilla y León,34,Palencia,2023,78125,79662,157787,50.4870489964319,98.07059827772338
07,Castilla y León,34,Palencia,2024,78343,79720,158063,50.435585810721044,98.2727044656297
07,Castilla y León,34,Palencia,2025,78800,79902,158702,50.34719159178838,98.62081049285375
05,Canarias,35,"Palmas, Las",2021,563160,568199,1131359,50.222696774410245,99.11316281795638
05,Canarias,35,"Palmas, Las",2022,563763,569970,1133733,50.273741701088355,98.91099531554292
05,Canarias,35,"Palmas, Las",2023,569470,576373,1145843,50.301219276986465,98.80233806927112
05,Canarias,35,"Palmas, Las",2024,576064,583826,1159890,50.33460069489348,98.67049429110727
05,Canarias,35,"Palmas, Las",2025,581743,589804,1171547,50.34403229234508,98.63327478280921
12,Galicia,36,Pontevedra,2021,457497,488814,946311,51.65468857489768,93.59326860523635
12,Galicia,36,Pontevedra,2022,456616,488582,945198,51.69096845317066,93.45739302716842
12,Galicia,36,Pontevedra,2023,456938,489772,946710,51.734110762535515,93.29606429113954
12,Galicia,36,Pontevedra,2024,457324,490545,947869,51.752404604433735,93.22773649716132
12,Galicia,36,Pontevedra,2025,457326,490492,947818,51.7495974965658,93.23821795258638
17,"Rioja, La",26,"Rioja, La",2021,157763,161681,319444,50.61325302713465,97.57670969377973
17,"Rioja, La",26,"Rioja, La",2022,157875,161742,319617,50.60494279090286,97.60915532143784
17,"Rioja, La",26,"Rioja, La",2023,159151,163131,322282,50.61747165525844,97.56024299489367
17,"Rioja, La",26,"Rioja, La",2024,159979,164205,324184,50.651790341287665,97.42638774702354
17,"Rioja, La",26,"Rioja, La",2025,161177,165626,326803,50.680685305826444,97.31382753915447
07,Castilla y León,37,Salamanca,2021,159202,168533,327735,51.42355866782614,94.46339885957053
07,Castilla y León,37,Salamanca,2022,158487,167798,326285,51.42682011125243,94.45106616288633
07,Castilla y León,37,Salamanca,2023,158779,168310,327089,51.456942911562294,94.33723486423861
07,Castilla y León,37,Salamanca,2024,158694,168858,327552,51.55150937866354,93.9807412145116
07,Castilla y León,37,Salamanca,2025,159116,169330,328446,51.55489791320339,93.96799149589559
05,Canarias,38,Santa Cruz de Tenerife,2021,514700,532865,1047565,50.867010638957964,96.59106903249416
05,Canarias,38,Santa Cruz de Tenerife,2022,516481,535393,1051874,50.898966986540216,96.46764152687838
05,Canarias,38,Santa Cruz de Tenerife,2023,523253,543920,1067173,50.96830598225405,96.20036034710986
05,Canarias,38,Santa Cruz de Tenerife,2024,528973,549891,1078864,50.9694456391167,96.19597338381607
05,Canarias,38,Santa Cruz de Tenerife,2025,533078,554241,1087319,50.97317346611252,96.18162496098267
07,Castilla y León,40,Segovia,2021,77152,76474,153626,49.779334227279236,100.88657582969375
07,Castilla y León,40,Segovia,2022,77203,76528,153731,49.780460674815096,100.88203010662764
07,Castilla y León,40,Segovia,2023,77867,77465,155332,49.87059974763732,100.51894403924354
07,Castilla y León,40,Segovia,2024,78509,78111,156620,49.87294087600562,100.5095313080104
07,Castilla y León,40,Segovia,2025,79417,78834,158251,49.8157989522973,100.73952862977903
01,Andalucía,41,Sevilla,2021,952623,997433,1950056,51.1489413637352,95.50746766950762
01,Andalucía,41,Sevilla,2022,952462,997096,1949558,51.144721008556814,95.52360053595642
01,Andalucía,41,Sevilla,2023,956407,1002987,1959394,51.18863281198166,95.35587201030522
01,Andalucía,41,Sevilla,2024,960265,1008359,1968624,51.22151309747316,95.23046851369403
01,Andalucía,41,Sevilla,2025,964221,1013443,1977664,51.244447995210514,95.14309142201387
07,Castilla y León,42,Soria,2021,44939,43857,88796,49.39073832154602,102.4671090133844
07,Castilla y León,42,Soria,2022,44754,43576,88330,49.333182384240914,102.70332293005325
07,Castilla y León,42,Soria,2023,45396,44132,89528,49.29407559646144,102.8641348681229
07,Castilla y León,42,Soria,2024,45733,44340,90073,49.22673831225784,103.14163283716735
07,Castilla y León,42,Soria,2025,45838,44345,90183,49.17223867025936,103.36678317735934
09,Cataluña,43,Tarragona,2021,411553,411882,823435,50.019977290253635,99.92012275360419
09,Cataluña,43,Tarragona,2022,415112,415794,830906,50.04103953997203,99.83597646911691
09,Cataluña,43,Tarragona,2023,423714,424878,848592,50.06858419593868,99.72603900413766
09,Cataluña,43,Tarragona,2024,430577,431167,861744,50.034232904435655,99.86316206945337
09,Cataluña,43,Tarragona,2025,438344,437186,875530,49.93386862814524,100.26487581944527
02,Aragón,44,Teruel,2021,68143,66116,134259,49.24511578367186,103.06582370379333
02,Aragón,44,Teruel,2022,68120,66012,134132,49.21420690066502,103.19335878325153
02,Aragón,44,Teruel,2023,68416,66630,135046,49.33874383543385,102.68047426084347
02,Aragón,44,Teruel,2024,68621,66688,135309,49.28570900679186,102.89857245681382
02,Aragón,44,Teruel,2025,69356,66735,136091,49.037041391421916,103.92747433880272
08,Castilla - La Mancha,45,Toledo,2021,357475,352925,710400,49.67975788288288,101.28922575618049
08,Castilla - La Mancha,45,Toledo,2022,360259,356050,716309,49.70620221161538,101.18213734026119
08,Castilla - La Mancha,45,Toledo,2023,367880,363232,731112,49.68212804604493,101.27962294071007
08,Castilla - La Mancha,45,Toledo,2024,373623,369542,743165,49.72543109538259,101.10433996676967
08,Castilla - La Mancha,45,Toledo,2025,379593,375488,755081,49.728174858061585,101.09324399181865
10,Comunitat Valenciana,46,Valencia/València,2021,1270661,1322582,2593243,51.00108242844963,96.07426987513817
10,Comunitat Valenciana,46,Valencia/València,2022,1277994,1331328,2609322,51.02198962029217,95.99392486299395
10,Comunitat Valenciana,46,Valencia/València,2023,1299669,1357172,2656841,51.08216863560898,95.76302782550775
10,Comunitat Valenciana,46,Valencia/València,2024,1325449,1385359,2710808,51.10502108596404,95.67548916923339
10,Comunitat Valenciana,46,Valencia/València,2025,1352792,1411204,2763996,51.05665854798632,95.86083939671373
07,Castilla y León,47,Valladolid,2021,252999,266381,519380,51.28826677962186,94.97636843468565
07,Castilla y León,47,Valladolid,2022,252298,265860,518158,51.30867418818198,94.89881892725495
07,Castilla y León,47,Valladolid,2023,253708,267625,521333,51.33475149280786,94.79981317141522
07,Castilla y León,47,Valladolid,2024,255534,269582,525116,51.33760921396415,94.78896958995779
07,Castilla y León,47,Valladolid,2025,257383,271261,528644,51.31260356686163,94.88389410936331
07,Castilla y León,49,Zamora,2021,83824,85341,169165,50.44837880176159,98.22242532897435
07,Castilla y León,49,Zamora,2022,83170,84698,167868,50.4551194986537,98.19594323360646
07,Castilla y León,49,Zamora,2023,82770,84157,166927,50.41545106543579,98.35188992003042
07,Castilla y León,49,Zamora,2024,82447,83806,166253,50.408714429213305,98.3783977280863
07,Castilla y León,49,Zamora,2025,81978,83586,165564,50.48561281437994,98.07623286196252
02,Aragón,50,Zaragoza,2021,476664,497020,973684,51.04530833412072,95.90439016538569
02,Aragón,50,Zaragoza,2022,474403,494481,968884,51.03614054933305,95.93958109613918
02,Aragón,50,Zaragoza,2023,479320,500045,979365,51.05808355413967,95.85537301642852
02,Aragón,50,Zaragoza,2024,483662,504101,987763,51.03461052904391,95.94545537501413
02,Aragón,50,Zaragoza,2025,490264,508179,998443,50.897146857657376,96.47466739082095
07,Castilla y León,05,Ávila,2021,79884,79014,158898,49.72623947437979,101.1010706963323
07,Castilla y León,05,Ávila,2022,80060,79042,159102,49.68007944589006,101.28792287644544
07,Castilla y León,05,Ávila,2023,80310,79454,159764,49.732104854660626,101.077352933773
07,Castilla y León,05,Ávila,2024,80595,79868,160463,49.77346802689716,100.91025191566084
07,Castilla y León,05,Ávila,2025,80778,79960,160738,49.74554865682042,101.02301150575288
