codigo_provincia,provincia,anio,tasa_actividad_pct_hombres,tasa_empleo_pct_hombres,tasa_paro_pct_hombres,tasa_actividad_pct_mujeres,tasa_empleo_pct_mujeres,tasa_paro_pct_mujeres,tasa_actividad_pct_total,tasa_empleo_pct_total,tasa_paro_pct_total
01,Araba/Álava,2015,64.24000000000001,54.96,14.427499999999998,55.197500000000005,46.515,15.67,59.6075,50.6325,15.0125
01,Araba/Álava,2016,62.817499999999995,55.66,11.395,54.292500000000004,47.435,12.64,58.4325,51.43,11.9875
01,Araba/Álava,2017,61.885,56.1875,9.23,52.69,45.5625,13.5075,57.1575,50.72,11.2675
01,Araba/Álava,2018,63.56,58.445,8.06,52.3425,46.945,10.3075,57.790000000000006,52.525,9.112499999999999
01,Araba/Álava,2019,61.66,56.9525,7.64,54.235,49.3775,8.969999999999999,57.8375,53.055,8.28
01,Araba/Álava,2020,58.96,54.932500000000005,6.83,50.9075,46.335,8.9725,54.81,50.5025,7.8575
01,Araba/Álava,2021,61.7725,54.29,12.129999999999999,52.942499999999995,47.375,10.5225,57.2575,50.754999999999995,11.365
01,Araba/Álava,2022,62.370000000000005,56.3975,9.5875,52.795,48.1875,8.727500000000001,57.462500000000006,52.1925,9.19
01,Araba/Álava,2023,65.62,61.332499999999996,6.5225,50.332499999999996,46.2775,8.0175,57.7675,53.605000000000004,7.2025
01,Araba/Álava,2024,64.715,58.8025,9.115,48.864999999999995,45.0325,7.8425,56.6025,51.755,8.5675
01,Araba/Álava,2025,62.715,58.19,7.2125,50.905,47.2475,7.17,56.6925,52.6075,7.1975
02,Albacete,2015,63.815,49.925,21.755,51.8475,37.2275,28.235,57.7975,43.54,24.6825
02,Albacete,2016,60.082499999999996,47.2275,21.3975,51.5625,37.824999999999996,26.625,55.795,42.4975,23.8275
02,Albacete,2017,64.485,51.825,19.61,52.552499999999995,38.144999999999996,27.435,58.4825,44.9425,23.155
02,Albacete,2018,67.22749999999999,56.339999999999996,16.2075,51.8275,39.255,24.1825,59.4775,47.74,19.7325
02,Albacete,2019,63.9125,55.4975,13.155000000000001,48.6425,37.7425,22.435,56.230000000000004,46.5625,17.185000000000002
02,Albacete,2020,62.285,53.49,14.125,50.5425,38.7575,23.285,56.3775,46.08,18.2625
02,Albacete,2021,63.6175,56.01,11.967500000000001,50.555,40.4075,19.91,57.052499999999995,48.165,15.5275
02,Albacete,2022,65.9675,59.085,10.425,49.3175,41.4025,16.0475,57.6025,50.2,12.8475
02,Albacete,2023,66.02,59.475,9.9075,51.0725,43.625,14.565000000000001,58.505,51.4975,11.9575
02,Albacete,2024,62.3,56.9225,8.65,50.865,43.4625,14.565000000000001,56.565,50.17,11.315
02,Albacete,2025,65.89,60.0625,8.8475,53.6625,45.97,14.352500000000001,59.79,53.03,11.3125
03,Alicante/Alacant,2015,63.955,48.9225,23.505,52.4475,39.31,25.057499999999997,58.1275,44.055,24.22
03,Alicante/Alacant,2016,64.85,52.355000000000004,19.2725,53.7025,41.575,22.595,59.197500000000005,46.89,20.795
03,Alicante/Alacant,2017,64.3025,53.49,16.8175,53.07,42.6475,19.637500000000003,58.605000000000004,47.9925,18.1075
03,Alicante/Alacant,2018,63.7525,53.74,15.705,51.3625,42.775,16.72,57.4625,48.1725,16.1675
03,Alicante/Alacant,2019,64.3725,56.4275,12.345,52.0775,42.78,17.855,58.135,49.505,14.85
03,Alicante/Alacant,2020,63.129999999999995,53.1175,15.87,49.58,39.315,20.697499999999998,56.255,46.11,18.0275
03,Alicante/Alacant,2021,62.307500000000005,52.14,16.325,51.015,40.0275,21.5225,56.585,46.0,18.705
03,Alicante/Alacant,2022,63.78,55.4525,13.0475,52.8075,44.08,16.509999999999998,58.205,49.675000000000004,14.645
03,Alicante/Alacant,2023,63.692499999999995,56.465,11.3575,53.1625,44.8,15.7275,58.3175,50.515,13.3925
03,Alicante/Alacant,2024,63.2125,55.7425,11.807500000000001,50.995,42.932500000000005,15.8225,56.985,49.2175,13.64
03,Alicante/Alacant,2025,63.5125,56.8975,10.43,51.802499999999995,44.045,14.975,57.57,50.3775,12.5075
04,Almería,2015,67.08500000000001,49.629999999999995,25.9875,53.89,36.21,32.7675,60.52,42.9525,28.99
04,Almería,2016,67.0575,51.7975,22.755,52.985,39.9125,24.642500000000002,60.0575,45.8925,23.5825
04,Almería,2017,69.755,54.542500000000004,21.805,52.93,38.205,27.815,61.3975,46.4325,24.37
04,Almería,2018,67.505,53.410000000000004,20.8675,51.44,38.66,24.8775,59.53,46.0875,22.5775
04,Almería,2019,65.7725,55.8475,15.0875,52.3275,41.4225,20.8275,59.1025,48.695,17.615000000000002
04,Almería,2020,66.9625,55.4475,17.165,50.45,36.16,28.29,58.76,45.8675,21.905
04,Almería,2021,69.485,57.025000000000006,17.97,53.765,42.4875,20.9875,61.765,49.89,19.255000000000003
04,Almería,2022,69.205,58.585,15.355,54.2375,43.665,19.5475,61.8825,51.2825,17.15
04,Almería,2023,68.2875,58.0,15.0375,54.739999999999995,45.3275,17.2575,61.69,51.83,15.972499999999998
04,Almería,2024,67.41,57.815,14.225,52.86,44.045,16.7075,60.265,51.0525,15.285
04,Almería,2025,65.31,56.5075,13.475,53.79,46.075,14.3525,59.66,51.3925,13.8625
05,Ávila,2015,59.545,46.5075,21.8825,47.557500000000005,35.985,24.4075,53.614999999999995,41.3,22.985
05,Ávila,2016,61.485,49.31,19.805,50.2225,38.69,22.9925,55.91,44.05,21.2325
05,Ávila,2017,61.5175,51.5325,16.22,49.525,39.535,20.145,55.585,45.5925,17.965
05,Ávila,2018,59.305,49.6075,16.3325,47.0925,39.3125,16.5325,53.260000000000005,44.51,16.4225
05,Ávila,2019,59.4425,50.815,14.530000000000001,45.9825,39.16,14.89,52.775,45.04,14.7025
05,Ávila,2020,60.9125,53.707499999999996,11.822500000000002,47.677499999999995,39.152499999999996,17.835,54.36,46.4975,14.43
05,Ávila,2021,57.545,51.6875,10.1675,47.06,36.655,22.03,52.325,44.2,15.49
05,Ávila,2022,57.754999999999995,51.04,11.61,48.1475,40.1275,16.7275,52.965,45.6025,13.935
05,Ávila,2023,59.1525,53.0225,10.36,46.13,39.9925,13.2625,52.655,46.519999999999996,11.635
05,Ávila,2024,58.3075,52.927499999999995,9.285,47.0875,40.745,13.4525,52.6975,46.8375,11.1425
05,Ávila,2025,56.7525,51.5925,9.0775,44.8175,40.9475,8.645,50.795,46.2825,8.879999999999999
06,Badajoz,2015,63.9875,47.1475,26.322499999999998,47.3225,30.56,35.4225,55.542500000000004,38.7425,30.252499999999998
06,Badajoz,2016,64.405,48.32,24.9675,48.515,31.1,35.905,56.35,39.5925,29.740000000000002
06,Badajoz,2017,63.39,48.692499999999995,23.175,48.5125,31.7925,34.465,55.845,40.1175,28.1525
06,Badajoz,2018,63.4275,50.825,19.86,48.787499999999994,32.935,32.4975,55.995000000000005,41.7425,25.450000000000003
06,Badajoz,2019,63.2825,52.7825,16.5975,49.6,34.8825,29.665,56.3275,43.685,22.44
06,Badajoz,2020,60.2975,49.0175,18.6925,49.0725,35.7,27.2125,54.585,42.245000000000005,22.59
06,Badajoz,2021,62.447500000000005,52.625,15.7625,49.2875,36.317499999999995,26.3325,55.745,44.32,20.5275
06,Badajoz,2022,62.4225,53.72,13.955,50.2,39.167500000000004,21.9925,56.1875,46.292500000000004,17.6225
06,Badajoz,2023,63.7275,54.057500000000005,15.1625,51.465,39.7025,22.8475,57.480000000000004,46.739999999999995,18.675
06,Badajoz,2024,62.4025,54.32,12.9475,50.2875,41.0875,18.310000000000002,56.2175,47.565,15.395
06,Badajoz,2025,61.295,53.94,12.0275,50.5225,41.8875,17.105,55.805,47.792500000000004,14.38
07,"Balears, Illes",2015,70.91,58.6075,17.415,60.7175,50.230000000000004,17.3975,65.7725,54.385,17.41
07,"Balears, Illes",2016,70.4675,61.0,13.469999999999999,60.065,51.394999999999996,14.51,65.2175,56.1525,13.9575
07,"Balears, Illes",2017,70.1625,61.4625,12.465,58.1425,50.879999999999995,12.605,64.1,56.1225,12.5275
07,"Balears, Illes",2018,69.8625,61.445,12.1375,59.055,52.5925,11.1275,64.415,56.9825,11.6775
07,"Balears, Illes",2019,69.4925,62.3275,10.3425,59.39,51.41,13.537500000000001,64.41,56.835,11.82
07,"Balears, Illes",2020,66.36500000000001,56.4275,14.9825,56.915,46.9625,17.6025,61.61,51.665,16.1875
07,"Balears, Illes",2021,67.5775,58.660000000000004,13.307500000000001,58.92,49.730000000000004,15.700000000000001,63.215,54.16,14.434999999999999
07,"Balears, Illes",2022,68.97749999999999,62.375,9.6425,59.1475,52.1275,11.9725,64.005,57.1925,10.735
07,"Balears, Illes",2023,68.2075,61.419999999999995,10.024999999999999,59.12,52.7425,10.9925,63.6175,57.040000000000006,10.48
07,"Balears, Illes",2024,68.265,62.730000000000004,8.17,59.695,53.2725,10.8925,63.942499999999995,57.9625,9.45
07,"Balears, Illes",2025,68.3325,62.55,8.535,59.835,54.285,9.385,64.04,58.3775,8.94
08,Barcelona,2015,67.5025,55.6425,17.572499999999998,57.01,46.1975,18.9625,62.0575,50.74,18.235
08,Barcelona,2016,67.305,57.64,14.3625,57.807500000000005,48.14,16.7175,62.370000000000005,52.7025,15.4975
08,Barcelona,2017,67.17,59.0175,12.14,57.325,49.2175,14.1375,62.0475,53.917500000000004,13.1025
08,Barcelona,2018,66.7125,59.6275,10.625,56.4675,49.92,11.5875,61.385,54.5775,11.0875
08,Barcelona,2019,66.4425,59.4975,10.455,57.2775,50.76,11.3775,61.68,54.957499999999996,10.9
08,Barcelona,2020,65.19749999999999,57.555,11.74,56.055,48.5575,13.3575,60.4475,52.8825,12.5225
08,Barcelona,2021,65.91,59.2025,10.1775,57.1325,49.9575,12.5625,61.37,54.4225,11.3275
08,Barcelona,2022,66.435,60.1775,9.4275,56.675,50.7375,10.475,61.3875,55.295,9.925
08,Barcelona,2023,66.7525,60.7875,8.9475,57.825,52.442499999999995,9.315,62.1325,56.4725,9.120000000000001
08,Barcelona,2024,67.51249999999999,62.0725,8.05,56.985,51.910000000000004,8.905,62.0875,56.835,8.4525
08,Barcelona,2025,66.9,61.864999999999995,7.5275,57.89,52.725,8.92,62.265,57.1625,8.195
09,Burgos,2015,65.8925,54.9825,16.564999999999998,50.17,40.31,19.645,58.057500000000005,47.6725,17.884999999999998
09,Burgos,2016,66.8375,60.807500000000005,9.0025,53.31,45.2425,15.17,60.0925,53.04,11.7325
09,Burgos,2017,63.8875,59.1425,7.425,50.587500000000006,43.24,14.52,57.2475,51.207499999999996,10.5525
09,Burgos,2018,64.0625,59.225,7.555,52.265,45.0175,13.870000000000001,58.1775,52.1375,10.39
09,Burgos,2019,62.417500000000004,57.980000000000004,7.105,51.68,44.7425,13.43,57.06,51.375,9.96
09,Burgos,2020,61.895,55.97,9.575,51.435,44.7775,13.0125,56.6775,50.385,11.1275
09,Burgos,2021,61.9575,57.1,7.8375,52.5325,46.3675,11.73,57.245,51.7375,9.63
09,Burgos,2022,61.9975,57.53,7.234999999999999,54.7375,49.230000000000004,10.0525,58.36,53.3725,8.555
09,Burgos,2023,62.0075,57.6525,7.0175,51.6925,47.285,8.535,56.807500000000005,52.4225,7.717499999999999
09,Burgos,2024,62.43,58.722500000000004,5.93,51.0025,46.8625,8.1075,56.635,52.7125,6.9275
09,Burgos,2025,60.120000000000005,56.36,6.25,52.7425,47.9225,9.155000000000001,56.4,52.11,7.6025
10,Cáceres,2015,61.5075,46.3975,24.535,47.8275,33.290000000000006,30.3825,54.64,39.815,27.115000000000002
10,Cáceres,2016,59.9,47.0075,21.5325,46.292500000000004,34.185,26.14,53.07,40.57,23.545
10,Cáceres,2017,59.62,46.5975,21.85,46.405,35.2625,23.997500000000002,52.985,40.91,22.79
10,Cáceres,2018,61.2425,49.89,18.5375,47.125,36.3,22.975,54.155,43.065,20.4825
10,Cáceres,2019,61.0975,50.955,16.6125,47.9275,36.347500000000004,24.15,54.485,43.62,19.945
10,Cáceres,2020,59.38,49.349999999999994,16.8825,48.8425,36.802499999999995,24.6475,54.085,43.05,20.4075
10,Cáceres,2021,58.76,48.9725,16.697499999999998,47.26,36.33,23.16,52.97,42.6075,19.61
10,Cáceres,2022,58.865,50.004999999999995,15.0475,46.5,37.7025,18.9175,52.6025,43.7725,16.7775
10,Cáceres,2023,58.46,50.96,12.815000000000001,47.1825,38.8975,17.5475,52.7525,44.8525,14.94
10,Cáceres,2024,56.7975,48.665,14.3275,47.825,39.5275,17.310000000000002,52.2625,44.0525,15.7125
10,Cáceres,2025,57.845,50.41,12.852500000000001,50.665,41.3525,18.325000000000003,54.22,45.84,15.4375
11,Cádiz,2015,64.8525,41.6975,35.71,50.5025,29.5025,41.5875,57.575,35.5125,38.32
11,Cádiz,2016,65.7825,46.4,29.4725,48.365,28.5875,40.9025,56.945,37.365,34.3925
11,Cádiz,2017,64.065,46.985,26.6425,48.004999999999995,31.212500000000002,35.015,55.915000000000006,38.98,30.28
11,Cádiz,2018,62.1375,47.5075,23.560000000000002,47.59,32.08,32.59,54.75,39.675000000000004,27.545
11,Cádiz,2019,62.595,50.325,19.6125,47.1725,32.23,31.6925,54.7575,41.13,24.9025
11,Cádiz,2020,62.0,50.3875,18.7175,45.155,32.245,28.555,53.4375,41.165,22.9325
11,Cádiz,2021,61.61,48.73,20.91,48.9275,33.47,31.675,55.120000000000005,40.9225,25.7925
11,Cádiz,2022,59.9925,47.7325,20.4525,48.1725,35.16,27.075,53.945,41.3025,23.4675
11,Cádiz,2023,60.8475,49.214999999999996,19.1075,49.415,36.615,25.93,54.975,42.74,22.255
11,Cádiz,2024,61.38,50.2175,18.2025,48.5025,36.7425,24.255,54.7625,43.292500000000004,20.9725
11,Cádiz,2025,60.364999999999995,51.332499999999996,14.9825,47.2875,36.3,23.2775,53.6625,43.6275,18.725
12,Castellón/Castelló,2015,65.765,51.925,21.0125,52.7975,39.9475,24.31,59.1975,45.8575,22.5025
12,Castellón/Castelló,2016,62.55,52.0775,16.7325,51.3425,39.66,22.77,56.8625,45.7775,19.4975
12,Castellón/Castelló,2017,63.765,55.1425,13.555,49.985,39.68,20.6475,56.769999999999996,47.29,16.7225
12,Castellón/Castelló,2018,63.822500000000005,56.24,11.877500000000001,52.2175,41.8575,19.8525,57.93,48.935,15.525
12,Castellón/Castelló,2019,64.33250000000001,57.44,10.7225,52.025,42.985,17.369999999999997,58.0775,50.095,13.7525
12,Castellón/Castelló,2020,63.3375,55.1375,12.9525,52.7775,44.4225,15.835,57.9675,49.69,14.285
12,Castellón/Castelló,2021,63.0225,55.615,11.77,51.4275,43.0525,16.235,57.129999999999995,49.2275,13.8225
12,Castellón/Castelló,2022,62.5,55.5375,11.19,51.49,44.6,13.385,56.91,49.9825,12.1875
12,Castellón/Castelló,2023,60.52,52.56,13.165,51.63,43.06,16.5975,56.0175,47.7525,14.7575
12,Castellón/Castelló,2024,63.3125,55.6225,12.2075,54.6425,46.2675,15.32,58.945,50.905,13.6525
12,Castellón/Castelló,2025,65.825,60.177499999999995,8.575,55.225,47.455,14.055,60.455,53.7275,11.1175
13,Ciudad Real,2015,63.35,47.185,25.535,47.2275,28.8825,38.8475,55.1975,37.9275,31.29
13,Ciudad Real,2016,65.5575,51.6,21.2975,46.215,30.945,33.057500000000005,55.7625,41.14,26.2325
13,Ciudad Real,2017,64.6925,52.0375,19.54,47.445,32.7975,30.86,55.949999999999996,42.287499999999994,24.4125
13,Ciudad Real,2018,62.980000000000004,54.150000000000006,14.002500000000001,47.4625,34.165,27.990000000000002,55.105,44.0125,20.1125
13,Ciudad Real,2019,63.035,55.2775,12.309999999999999,49.0475,36.44,25.685000000000002,55.9425,45.7275,18.259999999999998
13,Ciudad Real,2020,62.49,54.2575,13.16,45.845,34.74,24.1775,54.06,44.3725,17.8975
13,Ciudad Real,2021,63.5475,55.3,12.9875,47.3125,36.0075,23.9175,55.3175,45.5175,17.732499999999998
13,Ciudad Real,2022,63.73,54.79,14.0275,47.4075,34.92,26.32,55.455,44.715,19.355
13,Ciudad Real,2023,62.082499999999996,54.435,12.317499999999999,47.9675,37.5675,21.7025,54.9075,45.8625,16.475
13,Ciudad Real,2024,61.5125,53.6075,12.8425,49.332499999999996,38.56,21.85,55.325,45.965,16.9225
13,Ciudad Real,2025,60.567499999999995,53.09,12.317499999999999,50.8375,41.365,18.655,55.66,47.175000000000004,15.235
14,Córdoba,2015,64.0275,46.865,26.8,50.0375,33.11,33.832499999999996,56.84,39.7975,29.987499999999997
14,Córdoba,2016,66.3275,47.68,28.107499999999998,50.5775,33.9325,32.894999999999996,58.2325,40.615,30.245
14,Córdoba,2017,65.8675,50.285,23.642500000000002,49.82,32.9625,33.835,57.625,41.3875,28.17
14,Córdoba,2018,63.9225,51.980000000000004,18.6775,49.565,33.63,32.13,56.545,42.55,24.737499999999997
14,Córdoba,2019,64.37,52.185,18.8975,49.6525,35.6775,28.1375,56.805,43.695,23.060000000000002
14,Córdoba,2020,63.57,50.4925,20.57,49.0125,34.915,28.7825,56.082499999999996,42.480000000000004,24.255
14,Córdoba,2021,64.82,53.9675,16.7325,50.19,36.96,26.345,57.3125,45.235,21.052500000000002
14,Córdoba,2022,60.45,50.74,16.064999999999998,50.085,38.445,23.2325,55.1175,44.415,19.4175
14,Córdoba,2023,63.31,54.192499999999995,14.4175,48.2575,36.96,23.39,55.582499999999996,45.345,18.4075
14,Córdoba,2024,64.4025,56.025,13.01,51.055,40.375,20.9,57.5375,47.97,16.6175
14,Córdoba,2025,62.144999999999996,54.0775,12.965,52.7725,41.105,22.1375,57.332499999999996,47.417500000000004,17.3
15,"Coruña, A",2015,60.14,49.915,16.985,49.81,40.91,17.87,54.7275,45.1975,17.4075
15,"Coruña, A",2016,59.75,51.095,14.4875,50.345,42.08,16.4075,54.82,46.3725,15.4125
15,"Coruña, A",2017,59.4825,51.34,13.69,50.54,43.1275,14.6675,54.792500000000004,47.0325,14.1625
15,"Coruña, A",2018,59.19,52.17,11.86,50.8,44.385,12.625,54.785,48.0875,12.23
15,"Coruña, A",2019,59.475,53.955,9.2825,50.5975,44.9375,11.1825,54.8125,49.2225,10.2025
15,"Coruña, A",2020,57.64,51.68,10.3425,48.715,42.769999999999996,12.1825,52.957499999999996,47.004999999999995,11.2325
15,"Coruña, A",2021,57.724999999999994,51.915,10.094999999999999,48.167500000000004,42.795,11.145,52.7025,47.1225,10.6
15,"Coruña, A",2022,57.737500000000004,52.35,9.327499999999999,49.5075,44.1075,10.9225,53.417500000000004,48.019999999999996,10.1
15,"Coruña, A",2023,57.6075,52.879999999999995,8.2125,49.5025,44.5375,10.0375,53.3475,48.49,9.1025
15,"Coruña, A",2024,57.7775,53.4925,7.4025,48.9125,44.71,8.5875,53.1175,48.8775,7.98
15,"Coruña, A",2025,57.15,53.3925,6.575,50.68,46.695,7.852500000000001,53.7475,49.875,7.2125
16,Cuenca,2015,61.8875,48.785,21.177500000000002,44.57,33.5725,24.6825,53.37,41.3025,22.615000000000002
16,Cuenca,2016,66.285,55.31,16.5675,46.1225,36.82,20.1675,56.36,46.2075,18.015
16,Cuenca,2017,64.3575,55.7625,13.3375,46.192499999999995,37.135,19.56,55.4125,46.5875,15.9025
16,Cuenca,2018,62.57,53.805,14.015,47.574999999999996,39.37,17.259999999999998,55.1875,46.699999999999996,15.4
16,Cuenca,2019,63.59,56.375,11.34,48.6775,41.1875,15.4225,56.245000000000005,48.894999999999996,13.065
16,Cuenca,2020,64.05250000000001,55.2425,13.760000000000002,44.375,36.1825,18.384999999999998,54.3525,45.8475,15.6525
16,Cuenca,2021,62.8425,57.0875,9.1725,46.37,38.93,16.1525,54.6225,48.0275,12.1075
16,Cuenca,2022,61.745000000000005,56.8725,7.865,48.6325,42.8775,11.8275,55.2175,49.91,9.6075
16,Cuenca,2023,61.5125,56.4025,8.33,49.4725,41.905,15.317499999999999,55.5475,49.22,11.4075
16,Cuenca,2024,63.977500000000006,59.36,7.17,50.3575,42.85,14.825000000000001,57.2575,51.215,10.495
16,Cuenca,2025,63.4525,58.4925,7.7375,47.9325,41.175,14.105,55.8025,49.9575,10.4175
17,Girona,2015,68.825,55.557500000000005,19.2675,58.11,46.3375,20.2575,63.4325,50.917500000000004,19.7225
17,Girona,2016,66.45,55.879999999999995,15.915,58.5225,48.935,16.395,62.4525,52.375,16.14
17,Girona,2017,67.23,57.915,13.88,57.805,49.695,14.0625,62.475,53.7675,13.9625
17,Girona,2018,67.7075,60.28,10.997499999999999,57.144999999999996,50.3875,11.844999999999999,62.38,55.29,11.3975
17,Girona,2019,67.39,60.725,9.8825,58.6375,52.3,10.855,62.9775,56.4775,10.3325
17,Girona,2020,65.7875,57.370000000000005,12.805,56.6225,49.6225,12.3725,61.1675,53.47,12.6025
17,Girona,2021,66.685,58.6025,12.135,58.14,50.045,13.935,62.41,54.3225,12.975
17,Girona,2022,67.5,61.795,8.469999999999999,57.714999999999996,52.2175,9.5325,62.6025,56.9975,8.9575
17,Girona,2023,66.58500000000001,60.6275,8.93,55.5125,49.315,11.185,61.025,54.9475,9.9575
17,Girona,2024,66.6725,60.7525,8.875,55.7325,50.055,10.1875,61.1825,55.3875,9.467500000000001
17,Girona,2025,66.19749999999999,60.72,8.2825,56.63,51.85,8.455,61.3875,56.255,8.3725
18,Granada,2015,65.96,47.519999999999996,27.945,51.185,33.44,34.68,58.44,40.3475,30.942500000000003
18,Granada,2016,64.585,46.945,27.295,52.964999999999996,35.4625,33.042500000000004,58.667500000000004,41.095,29.9375
18,Granada,2017,64.0075,48.93,23.560000000000002,52.6475,37.72,28.355,58.2225,43.22,25.7725
18,Granada,2018,63.8125,50.525,20.8125,50.254999999999995,36.2225,27.91,56.91,43.25,23.997500000000002
18,Granada,2019,63.74,51.6425,18.96,48.815,35.97,26.3,56.144999999999996,43.665,22.21
18,Granada,2020,61.2475,48.3175,21.14,46.86,34.1525,27.055,53.925000000000004,41.11,23.775
18,Granada,2021,63.93,49.7875,22.1225,50.49,38.7575,23.25,57.065,44.155,22.63
18,Granada,2022,64.45,52.085,19.18,50.715,38.9775,23.095,57.415,45.370000000000005,20.9575
18,Granada,2023,64.1575,53.135000000000005,17.185000000000002,52.9225,40.0175,24.3675,58.4075,46.425,20.5075
18,Granada,2024,60.88,48.94,19.5875,52.19,39.94,23.45,56.435,44.335,21.435
18,Granada,2025,61.6325,51.5925,16.28,50.41,39.775,21.09,55.8925,45.55,18.5
19,Guadalajara,2015,69.9625,57.6,17.6875,62.097500000000004,48.935,21.2075,66.11000000000001,53.35,19.295
19,Guadalajara,2016,70.6025,59.307500000000005,15.99,59.625,47.7175,19.9625,65.22,53.6175,17.7875
19,Guadalajara,2017,69.25,61.0775,11.805,58.97,49.2525,16.455000000000002,64.1975,55.269999999999996,13.9075
19,Guadalajara,2018,71.2,64.3825,9.58,61.245,52.8625,13.7,66.3075,58.722500000000004,11.4475
19,Guadalajara,2019,71.5425,64.10499999999999,10.3925,61.965,53.1475,14.2625,66.83250000000001,58.7175,12.145
19,Guadalajara,2020,68.21000000000001,60.057500000000005,11.965,56.385000000000005,45.9625,18.51,62.3925,53.129999999999995,14.870000000000001
19,Guadalajara,2021,67.24000000000001,60.0875,10.605,54.1,45.75,15.442499999999999,60.7375,52.9925,12.7475
19,Guadalajara,2022,68.42750000000001,61.5175,10.0875,56.485,49.4125,12.515,62.5225,55.53,11.1725
19,Guadalajara,2023,68.84,62.77,8.815,59.28,52.7075,11.0825,64.0975,57.7775,9.865
19,Guadalajara,2024,68.58500000000001,62.16,9.36,60.1575,52.555,12.6525,64.4225,57.415,10.875
19,Guadalajara,2025,67.3475,61.93,8.04,59.07,51.144999999999996,13.4025,63.2775,56.6275,10.497499999999999
20,Gipuzkoa,2015,61.175,53.9225,11.86,52.1225,45.055,13.555,56.4975,49.3425,12.67
20,Gipuzkoa,2016,63.17,57.349999999999994,9.2175,51.04,45.19,11.46,56.895,51.052499999999995,10.2575
20,Gipuzkoa,2017,62.480000000000004,57.6425,7.7425,48.565,43.45,10.5425,55.269999999999996,50.2875,9.015
20,Gipuzkoa,2018,62.2425,57.8275,7.0875,51.082499999999996,46.8,8.3825,56.4675,52.1225,7.6975
20,Gipuzkoa,2019,60.7675,56.53,6.970000000000001,51.695,47.815,7.5,56.075,52.0225,7.22
20,Gipuzkoa,2020,59.835,56.207499999999996,6.0475,52.375,47.5375,9.235,55.975,51.72,7.585
20,Gipuzkoa,2021,60.635,56.542500000000004,6.745,53.975,48.2575,10.58,57.195,52.26,8.615
20,Gipuzkoa,2022,59.730000000000004,55.792500000000004,6.609999999999999,50.95,46.2325,9.2475,55.19,50.8525,7.87
20,Gipuzkoa,2023,57.915,54.0225,6.7225,52.7325,48.395,8.2025,55.245000000000005,51.12,7.465
20,Gipuzkoa,2024,57.287499999999994,53.292500000000004,6.9225,50.175,47.2975,5.68,53.61,50.192499999999995,6.3575
20,Gipuzkoa,2025,54.5175,51.45,5.6375,51.6225,47.6725,7.640000000000001,53.03,49.504999999999995,6.6425
21,Huelva,2015,63.9725,47.3525,25.975,51.4275,33.835,34.287499999999994,57.575,40.4575,29.7625
21,Huelva,2016,63.38,46.515,26.612499999999997,49.3425,33.542500000000004,32.04,56.2225,39.8975,29.035
21,Huelva,2017,64.5875,50.3975,21.975,48.4,35.4975,26.6825,56.33,42.795,24.0325
21,Huelva,2018,62.3575,49.0025,21.4075,49.1575,37.005,24.765,55.6075,42.87,22.9175
21,Huelva,2019,62.9625,51.585,18.075,51.8675,38.1875,26.4225,57.2825,44.724999999999994,21.9425
21,Huelva,2020,61.004999999999995,50.620000000000005,16.855,47.065,35.25,25.270000000000003,53.8625,42.7425,20.5975
21,Huelva,2021,61.335,51.0375,16.8425,47.985,36.1675,24.78,54.5475,43.4775,20.377499999999998
21,Huelva,2022,60.099999999999994,51.8,13.8125,50.1175,39.25,21.740000000000002,55.0275,45.43,17.494999999999997
21,Huelva,2023,61.432500000000005,51.535000000000004,16.122500000000002,51.985,41.155,20.9175,56.66,46.29,18.3275
21,Huelva,2024,61.355000000000004,52.9675,13.65,49.935,41.515,16.869999999999997,55.54,47.1375,15.125
21,Huelva,2025,62.682500000000005,54.7425,12.695,52.29,45.0975,13.6875,57.412499999999994,49.85,13.1625
22,Huesca,2015,63.46,56.3775,11.1525,53.9975,44.019999999999996,18.47,58.79,50.2775,14.4725
22,Huesca,2016,62.5475,55.7475,10.8775,53.805,46.0,14.5125,58.2325,50.9375,12.54
22,Huesca,2017,63.5025,58.629999999999995,7.6875,52.1025,46.515,10.775,57.8675,52.64,9.0475
22,Huesca,2018,63.945,59.0525,7.66,51.8425,45.7125,11.82,57.9525,52.4425,9.51
22,Huesca,2019,66.07,60.3575,8.655000000000001,51.9575,47.0175,9.4975,59.0725,53.745,9.0225
22,Huesca,2020,64.075,57.69,9.96,51.09,45.085,11.79,57.65,51.45,10.7575
22,Huesca,2021,64.0075,60.1725,5.9875,53.6625,48.519999999999996,9.6075,58.8925,54.4125,7.6175
22,Huesca,2022,62.595,57.769999999999996,7.7075,52.7175,46.637499999999996,11.5075,57.7325,52.292500000000004,9.42
22,Huesca,2023,63.2825,58.795,7.085,50.802499999999995,45.63,10.165,57.0875,52.26,8.4475
22,Huesca,2024,64.89750000000001,60.1025,7.3875,53.4225,47.4,11.309999999999999,59.2325,53.832499999999996,9.129999999999999
22,Huesca,2025,63.415,60.1375,5.18,55.45,50.7525,8.49,59.5075,55.5325,6.6825
23,Jaén,2015,61.8875,43.1775,30.252499999999998,48.644999999999996,29.785,38.787499999999994,55.182500000000005,36.3925,34.0625
23,Jaén,2016,62.0775,44.735,27.9475,46.887499999999996,29.3425,37.46,54.3825,36.94,32.0925
23,Jaén,2017,63.1975,48.5325,23.1775,47.144999999999996,32.325,31.43,55.0675,40.32,26.755000000000003
23,Jaén,2018,60.02,47.8,20.3425,45.965,33.8375,26.375,52.895,40.725,23.0125
23,Jaén,2019,59.2375,48.9825,17.310000000000002,45.285000000000004,32.3225,28.6525,52.1725,40.545,22.29
23,Jaén,2020,59.025000000000006,47.2475,19.994999999999997,43.8575,31.015,29.2175,51.345,39.0275,23.995
23,Jaén,2021,61.035,50.61,17.0875,44.59,31.765,28.78,52.7175,41.08,22.09
23,Jaén,2022,60.5725,51.9675,14.2125,44.082499999999996,32.8825,25.380000000000003,52.2325,42.32,18.975
23,Jaén,2023,59.495000000000005,49.9225,16.03,44.697500000000005,35.0125,21.6025,52.0,42.37,18.4725
23,Jaén,2024,57.9375,49.2675,14.9475,46.042500000000004,34.615,24.745,51.9275,41.8625,19.335
23,Jaén,2025,59.46,52.245000000000005,12.145,45.33,35.942499999999995,20.695,52.3025,43.985,15.9025
24,León,2015,55.097500000000004,44.2875,19.6125,45.2775,34.807500000000005,23.13,50.045,39.41,21.2475
24,León,2016,55.9025,45.4925,18.6425,45.82,36.7125,19.8775,50.715,40.975,19.2175
24,León,2017,55.5225,47.364999999999995,14.66,44.945,36.675,18.4125,50.0775,41.8625,16.4025
24,León,2018,55.38,49.885,9.9325,45.6425,39.32,13.8325,50.3675,44.445,11.765
24,León,2019,57.31,50.96,11.085,47.06,40.225,14.535,52.0275,45.43,12.6875
24,León,2020,53.8175,46.535,13.557500000000001,45.295,38.265,15.4625,49.42,42.2675,14.46
24,León,2021,55.435,48.3,12.8925,44.6975,38.2575,14.4875,49.89,43.1175,13.622499999999999
24,León,2022,55.3975,49.955,9.815,48.2325,42.6775,11.5125,51.705,46.205,10.629999999999999
24,León,2023,54.51,50.16,7.98,45.9625,40.207499999999996,12.515,50.1025,45.025,10.1325
24,León,2024,53.24,48.8925,8.16,44.3175,39.322500000000005,11.2325,48.6225,43.94,9.6125
24,León,2025,54.64,49.6375,9.155,45.655,40.5125,11.27,49.9825,44.91,10.155
25,Lleida,2015,69.36500000000001,60.3225,13.0375,56.3475,46.48,17.535,62.9175,53.4625,15.0375
25,Lleida,2016,66.9825,60.3825,9.7975,53.5475,46.04,13.97,60.33,53.2775,11.6275
25,Lleida,2017,65.5975,59.0325,10.0175,53.519999999999996,46.1675,13.7625,59.6225,52.665,11.67
25,Lleida,2018,64.58000000000001,58.2975,9.719999999999999,54.84,48.49,11.555,59.7675,53.447500000000005,10.545
25,Lleida,2019,67.225,60.87,9.455,56.925,51.2725,9.8975,62.14,56.129999999999995,9.675
25,Lleida,2020,64.9125,58.935,9.1775,56.935,51.4975,9.595,60.98,55.265,9.3575
25,Lleida,2021,67.8875,61.63,9.22,56.39,48.6675,13.665,62.195,55.2125,11.2175
25,Lleida,2022,65.80499999999999,59.9825,8.9125,53.85,47.7175,11.375,59.9075,53.93,9.995000000000001
25,Lleida,2023,65.4175,61.0825,6.6375,52.3775,47.7625,8.7625,59.015,54.542500000000004,7.592499999999999
25,Lleida,2024,65.715,61.9475,5.735,54.855000000000004,50.58,7.7375,60.39,56.375,6.635
25,Lleida,2025,64.7925,62.207499999999996,3.9825,57.035000000000004,53.2225,6.640000000000001,60.9975,57.8125,5.2
26,"Rioja, La",2015,66.0725,56.7425,14.120000000000001,52.91,43.96,16.88,59.375,50.239999999999995,15.3825
26,"Rioja, La",2016,65.4825,57.5,12.1725,53.2175,45.155,15.129999999999999,59.2325,51.207499999999996,13.535
26,"Rioja, La",2017,64.68,58.512499999999996,9.5375,53.4625,45.52,14.844999999999999,58.955,51.885,11.9925
26,"Rioja, La",2018,63.7925,57.9825,9.11,54.69,48.21,11.855,59.1525,53.0,10.4025
26,"Rioja, La",2019,64.17,57.6725,10.125,55.03,49.6525,9.7575,59.5075,53.58,9.96
26,"Rioja, La",2020,63.6425,57.75,9.27,53.365,46.662499999999994,12.5375,58.4,52.0925,10.8
26,"Rioja, La",2021,65.02000000000001,59.28,8.84,54.945,46.84,14.775,59.8775,52.925000000000004,11.605
26,"Rioja, La",2022,64.9975,59.21,8.9025,54.2575,48.667500000000004,10.295,59.53,53.84,9.55
26,"Rioja, La",2023,64.45,59.385,7.8575,53.68,47.705,11.1175,58.965,53.4375,9.375
26,"Rioja, La",2024,64.115,58.1425,9.315,52.9925,47.57,10.2475,58.4575,52.76,9.745000000000001
26,"Rioja, La",2025,63.2775,58.805,7.072500000000001,55.3625,50.2325,9.27,59.2475,54.442499999999995,8.1175
27,Lugo,2015,56.2825,47.7375,15.195,47.8275,39.7975,16.795,51.91,43.6325,15.9575
27,Lugo,2016,56.705,48.7375,14.0525,47.8275,40.3525,15.575,52.115,44.405,14.785
27,Lugo,2017,56.9325,50.3575,11.55,46.7225,40.2225,13.92,51.6575,45.1225,12.66
27,Lugo,2018,55.5925,51.3725,7.6025,48.04,42.8025,10.9025,51.692499999999995,46.9425,9.1875
27,Lugo,2019,54.57,50.474999999999994,7.51,47.7,42.7725,10.3125,51.0175,46.495,8.8625
27,Lugo,2020,55.2,51.075,7.4775,47.4725,42.625,10.21,51.205,46.7025,8.787500000000001
27,Lugo,2021,56.075,50.8775,9.265,48.695,44.5825,8.455,52.254999999999995,47.615,8.8725
27,Lugo,2022,54.4375,49.3675,9.31,49.1,44.715,8.925,51.675,46.96,9.125
27,Lugo,2023,54.625,50.47,7.595,50.36,45.894999999999996,8.86,52.41,48.0925,8.219999999999999
27,Lugo,2024,55.1725,51.4675,6.7125,49.332499999999996,45.6425,7.485,52.1475,48.4475,7.09
27,Lugo,2025,54.65,50.7725,7.0874999999999995,49.2025,46.4775,5.505000000000001,51.84,48.555,6.3225
28,Madrid,2015,70.49,58.64,16.8075,59.2425,48.975,17.3275,64.575,53.557500000000005,17.0575
28,Madrid,2016,68.97,58.615,15.005,58.855000000000004,49.1625,16.46,63.65,53.644999999999996,15.712499999999999
28,Madrid,2017,68.2225,59.4975,12.7925,58.05,49.965,13.9275,62.870000000000005,54.4825,13.3425
28,Madrid,2018,68.4175,60.4625,11.62,57.93,50.480000000000004,12.852500000000001,62.895,55.207499999999996,12.219999999999999
28,Madrid,2019,67.805,61.1525,9.8125,58.36,51.6625,11.4775,62.835,56.1575,10.622499999999999
28,Madrid,2020,66.5975,58.8925,11.5725,58.129999999999995,50.3125,13.45,62.14,54.3725,12.497499999999999
28,Madrid,2021,67.795,60.5025,10.754999999999999,59.325,51.815,12.645,63.3275,55.925,11.6875
28,Madrid,2022,68.27250000000001,61.765,9.530000000000001,58.8425,51.21,12.969999999999999,63.302499999999995,56.2,11.215
28,Madrid,2023,67.7175,61.825,8.7025,59.222500000000004,52.56,11.25,63.245,56.9525,9.955
28,Madrid,2024,67.67750000000001,61.932500000000005,8.485,59.0725,53.475,9.48,63.1475,57.480000000000004,8.975
28,Madrid,2025,67.50999999999999,62.237500000000004,7.8100000000000005,59.445,54.61,8.1275,63.2725,58.230000000000004,7.9675
29,Málaga,2015,66.2075,47.515,28.2125,54.3375,37.405,31.1475,60.1375,42.345,29.5675
29,Málaga,2016,63.074999999999996,48.214999999999996,23.557499999999997,52.6625,37.4075,28.8975,57.7475,42.6875,26.0575
29,Málaga,2017,61.7125,48.86,20.8175,50.66,38.332499999999996,24.3125,56.05,43.465,22.4375
29,Málaga,2018,64.11250000000001,54.01,15.7775,50.3725,38.625,23.302500000000002,57.0625,46.1175,19.189999999999998
29,Málaga,2019,62.4875,52.7725,15.5475,51.6125,41.2675,20.045,56.905,46.864999999999995,17.6425
29,Málaga,2020,61.54,50.9075,17.28,51.335,39.1075,23.7925,56.295,44.837500000000006,20.345
29,Málaga,2021,62.01,50.9875,17.802500000000002,53.115,40.7325,23.314999999999998,57.43,45.7025,20.427500000000002
29,Málaga,2022,61.905,52.365,15.4425,52.589999999999996,41.125,21.799999999999997,57.115,46.585,18.4425
29,Málaga,2023,62.8925,53.957499999999996,14.215,54.0725,43.4475,19.655,58.3275,48.5225,16.822499999999998
29,Málaga,2024,64.305,57.0075,11.365,51.870000000000005,43.4975,16.11,57.894999999999996,50.042500000000004,13.559999999999999
29,Málaga,2025,65.4175,58.5475,10.5075,54.7475,46.14,15.747499999999999,59.9075,52.1425,12.9825
30,Murcia,2015,67.575,52.9225,21.6875,51.39,36.7775,28.4225,59.447500000000005,44.815,24.615000000000002
30,Murcia,2016,67.31,55.66,17.305,51.055,39.3125,23.0075,59.1375,47.4375,19.7825
30,Murcia,2017,66.7325,56.5725,15.217500000000001,52.3925,41.0925,21.5725,59.5175,48.7875,18.0325
30,Murcia,2018,66.5075,57.5925,13.4025,52.2175,41.2625,20.9825,59.3125,49.3725,16.7625
30,Murcia,2019,66.4075,58.519999999999996,11.8775,51.935,42.4725,18.2175,59.120000000000005,50.4425,14.68
30,Murcia,2020,66.39,57.36,13.59,51.379999999999995,41.375,19.4625,58.8375,49.315,16.17
30,Murcia,2021,67.97749999999999,59.5775,12.3525,52.51,43.1975,17.75,60.1875,51.33,14.7225
30,Murcia,2022,66.1125,58.295,11.817499999999999,53.0375,44.675,15.7675,59.555,51.4675,13.585
30,Murcia,2023,66.14,58.9,10.945,53.1,45.1125,15.032499999999999,59.5875,51.975,12.775
30,Murcia,2024,65.6775,58.19,11.4025,53.88,46.165,14.3125,59.7375,52.1325,12.7325
30,Murcia,2025,66.95,59.665,10.8925,53.0175,45.795,13.615,59.9475,52.69,12.1025
31,Navarra,2015,64.07,55.945,12.6775,53.6525,45.5175,15.17,58.8,50.67,13.8275
31,Navarra,2016,63.417500000000004,56.49,10.9275,53.805,46.13,14.2775,58.545,51.2375,12.485
31,Navarra,2017,64.545,59.555,7.7375,53.8575,46.775,13.155,59.120000000000005,53.0675,10.2375
31,Navarra,2018,63.4425,57.685,9.085,54.875,48.795,11.09,59.0925,53.17,10.0275
31,Navarra,2019,63.475,58.785,7.395,53.9425,48.975,9.2125,58.635,53.8025,8.2425
31,Navarra,2020,62.4625,56.22,9.99,51.96,46.6925,10.125,57.1275,51.379999999999995,10.055
31,Navarra,2021,62.0775,54.91,11.555,54.36,49.055,9.7675,58.1725,51.942499999999995,10.712499999999999
31,Navarra,2022,63.5875,57.7,9.2675,54.0025,48.45,10.282499999999999,58.7225,53.0025,9.735
31,Navarra,2023,63.49,57.6725,9.157499999999999,54.225,48.355000000000004,10.8375,58.7875,52.94,9.945
31,Navarra,2024,63.587500000000006,59.1625,6.955,55.0575,50.43,8.4,59.2625,54.735,7.64
31,Navarra,2025,63.684999999999995,59.58,6.4425,54.335,49.3775,9.1175,58.9475,54.4125,7.6899999999999995
32,Ourense,2015,50.625,40.7525,19.47,45.1425,35.545,21.25,47.775,38.045,20.3425
32,Ourense,2016,51.54,41.7475,19.035,44.715,35.7375,20.060000000000002,47.99,38.6225,19.54
32,Ourense,2017,52.065,44.04,15.3975,44.11,36.315,17.6475,47.925,40.0225,16.47
32,Ourense,2018,51.5575,45.1725,12.3925,44.707499999999996,37.91,15.1925,47.99,41.3925,13.75
32,Ourense,2019,51.5075,45.16,12.325,44.06,38.07,13.5825,47.629999999999995,41.4675,12.932500000000001
32,Ourense,2020,51.975,46.4125,10.725,43.155,37.615,12.8325,47.3825,41.83,11.725
32,Ourense,2021,52.5725,47.21,10.21,44.195,39.0,11.752500000000001,48.205,42.927499999999995,10.9475
32,Ourense,2022,51.335,45.980000000000004,10.445,45.9125,40.1475,12.5425,48.504999999999995,42.9325,11.4875
32,Ourense,2023,51.12,46.38,9.2975,46.745000000000005,42.150000000000006,9.842500000000001,48.835,44.17,9.57
32,Ourense,2024,52.6125,46.4375,11.7225,45.53,40.8975,10.185,48.915,43.5425,10.98
32,Ourense,2025,50.504999999999995,45.8375,9.235,44.78,40.4225,9.7175,47.5225,43.0175,9.48
33,Asturias,2015,55.55,44.667500000000004,19.5925,46.8275,38.120000000000005,18.5975,50.97,41.230000000000004,19.11
33,Asturias,2016,56.432500000000005,45.807500000000005,18.810000000000002,47.3925,39.6575,16.31,51.6825,42.5775,17.6075
33,Asturias,2017,55.5875,48.0775,13.51,46.5925,40.1,13.93,50.86,43.885000000000005,13.7125
33,Asturias,2018,55.04,48.230000000000004,12.3625,46.9225,39.9225,14.92,50.7725,43.8625,13.6075
33,Asturias,2019,54.8975,47.5925,13.3,46.91,39.81,15.129999999999999,50.7,43.5025,14.192499999999999
33,Asturias,2020,54.22,46.707499999999996,13.87,46.2325,39.5775,14.385,50.0225,42.96,14.12
33,Asturias,2021,55.3125,49.055,11.317499999999999,46.027499999999996,39.8375,13.4275,50.4125,44.19,12.335
33,Asturias,2022,54.4,48.015,11.7575,44.97,38.965,13.344999999999999,49.4225,43.2375,12.5125
33,Asturias,2023,53.5025,47.4125,11.3825,47.025,40.9625,12.879999999999999,50.085,44.015,12.1225
33,Asturias,2024,55.55,50.435,9.2325,47.685,42.4075,11.065,51.4025,46.2025,10.135
33,Asturias,2025,57.17,52.69,7.83,48.6425,43.835,9.8825,52.68,48.0275,8.8325
34,Palencia,2015,62.3625,51.215,17.8875,48.269999999999996,37.019999999999996,23.335,55.2175,44.0175,20.31
34,Palencia,2016,63.2675,54.8675,13.32,46.2,37.9825,17.72,54.625,46.32,15.212499999999999
34,Palencia,2017,60.5325,53.8275,11.07,48.655,40.519999999999996,16.7125,54.5175,47.09,13.6275
34,Palencia,2018,59.6675,54.0025,9.5275,47.53,40.3675,15.06,53.525000000000006,47.1,12.02
34,Palencia,2019,58.54,53.1775,9.1575,47.0625,41.38,12.1025,52.7325,47.209999999999994,10.49
34,Palencia,2020,59.1125,53.1325,10.1075,47.942499999999995,41.725,12.985,53.45,47.3525,11.42
34,Palencia,2021,58.07,52.79,9.1075,47.974999999999994,42.675,11.0475,52.9625,47.6725,9.9925
34,Palencia,2022,59.29,53.7575,9.4,50.095,45.2475,9.665,54.6175,49.4325,9.5075
34,Palencia,2023,61.255,57.2725,6.535,48.527499999999996,42.97,11.4525,54.82,50.0375,8.735
34,Palencia,2024,59.2525,55.7975,5.8325000000000005,48.629999999999995,44.545,8.407499999999999,53.9,50.1275,7.0
34,Palencia,2025,56.4025,52.1725,7.525,48.0975,44.3675,7.675,52.230000000000004,48.2525,7.61
35,"Palmas, Las",2015,69.565,50.3825,27.56,54.655,36.745000000000005,32.7525,62.045,43.505,29.8675
35,"Palmas, Las",2016,66.5325,50.542500000000004,24.025,54.495,38.685,29.0125,60.46,44.5575,26.295
35,"Palmas, Las",2017,65.96000000000001,51.129999999999995,22.505,56.4125,41.22,26.9225,61.135,46.1225,24.560000000000002
35,"Palmas, Las",2018,65.6525,52.95,19.3475,56.675,44.64,21.255,61.114999999999995,48.7475,20.235
35,"Palmas, Las",2019,64.5025,50.975,20.98,55.84,42.66,23.605,60.12,46.77,22.22
35,"Palmas, Las",2020,60.8675,48.2575,20.7825,53.665,41.1275,23.405,57.22,44.6475,22.0425
35,"Palmas, Las",2021,61.150000000000006,47.16,22.97,55.81,42.33,24.1825,58.45,44.72,23.555
35,"Palmas, Las",2022,65.47,54.9975,16.0275,56.445,45.835,18.767500000000002,60.9,50.3575,17.32
35,"Palmas, Las",2023,65.8,56.85,13.5925,56.405,46.985,16.7025,61.0375,51.85,15.0475
35,"Palmas, Las",2024,65.15,56.94,12.602500000000001,56.025,47.2775,15.605,60.519999999999996,52.0375,14.015
35,"Palmas, Las",2025,64.71,56.1475,13.227500000000001,57.62,48.22,16.3275,61.129999999999995,52.144999999999996,14.705
36,Pontevedra,2015,60.375,47.3525,21.57,49.0175,37.5075,23.48,54.4675,42.23,22.465
36,Pontevedra,2016,60.0,48.52,19.13,48.8075,39.205,19.68,54.177499999999995,43.6775,19.3875
36,Pontevedra,2017,58.29,47.955,17.7225,49.935,40.475,18.947499999999998,53.9425,44.067499999999995,18.3125
36,Pontevedra,2018,58.2525,49.695,14.692499999999999,49.724999999999994,41.042500000000004,17.445,53.815,45.1925,16.0175
36,Pontevedra,2019,58.4575,50.7725,13.155,49.394999999999996,41.7225,15.5375,53.7425,46.0625,14.2925
36,Pontevedra,2020,58.825,51.335,12.725000000000001,48.11,40.545,15.7075,53.2475,45.72,14.129999999999999
36,Pontevedra,2021,58.3975,51.6625,11.535,49.06,41.135,16.16,53.525,46.1675,13.747499999999999
36,Pontevedra,2022,58.870000000000005,52.34,11.09,49.3275,42.235,14.370000000000001,53.8875,47.07,12.657499999999999
36,Pontevedra,2023,59.5475,53.5325,10.0975,49.17,43.2825,11.969999999999999,54.13,48.182500000000005,10.9925
36,Pontevedra,2024,59.144999999999996,53.1375,10.1525,51.405,45.0075,12.455,55.0975,48.8925,11.2775
36,Pontevedra,2025,58.6925,53.082499999999996,9.5575,53.25,47.685,10.4525,55.8525,50.265,10.004999999999999
37,Salamanca,2015,60.7425,53.2025,12.4225,48.03,38.3775,20.115000000000002,54.1875,45.5575,15.955
37,Salamanca,2016,59.375,50.542500000000004,14.8825,45.7375,37.3125,18.4075,52.3425,43.7175,16.4775
37,Salamanca,2017,59.215,51.7575,12.64,47.667500000000004,39.6675,16.7925,53.2575,45.5175,14.56
37,Salamanca,2018,61.565,54.35,11.7225,46.1075,39.2725,14.8125,53.5875,46.5675,13.0975
37,Salamanca,2019,60.8975,53.817499999999995,11.62,46.0775,38.879999999999995,15.620000000000001,53.25,46.1125,13.4
37,Salamanca,2020,58.185,51.4275,11.6175,45.839999999999996,38.6375,15.6175,51.8125,44.8275,13.4675
37,Salamanca,2021,58.59,52.8125,9.879999999999999,48.0025,39.7025,17.27,53.129999999999995,46.045,13.3375
37,Salamanca,2022,60.3425,54.825,9.145,48.5075,41.89,13.6475,54.2325,48.1475,11.2225
37,Salamanca,2023,59.075,53.3625,9.6675,48.2675,42.4075,12.1425,53.4825,47.692499999999995,10.82
37,Salamanca,2024,56.432500000000005,51.3825,8.935,49.457499999999996,42.085,14.905,52.8175,46.56,11.8475
37,Salamanca,2025,59.9,55.6825,7.0325,48.685,44.275,9.055,54.0925,49.7725,7.9775
38,Santa Cruz de Tenerife,2015,66.4075,47.655,28.2575,57.3425,41.1025,28.325,61.8,44.324999999999996,28.29
38,Santa Cruz de Tenerife,2016,66.1425,49.765,24.765,57.65,42.1,26.9825,61.817499999999995,45.8625,25.8175
38,Santa Cruz de Tenerife,2017,63.599999999999994,50.975,19.84,55.4825,41.645,24.927500000000002,59.465,46.225,22.2575
38,Santa Cruz de Tenerife,2018,65.2825,53.26,18.4225,54.21,42.495,21.6175,59.644999999999996,47.775,19.9025
38,Santa Cruz de Tenerife,2019,65.845,54.2675,17.5775,54.515,43.6225,19.9825,60.075,48.845,18.6925
38,Santa Cruz de Tenerife,2020,61.795,48.075,22.225,52.4625,39.5875,24.517500000000002,57.035,43.7475,23.3075
38,Santa Cruz de Tenerife,2021,62.0025,48.365,22.0475,52.645,39.455,25.0825,57.2,43.792500000000004,23.4825
38,Santa Cruz de Tenerife,2022,62.7075,52.49,16.285,52.18,41.754999999999995,19.9925,57.295,46.97,18.005000000000003
38,Santa Cruz de Tenerife,2023,63.817499999999995,54.5475,14.55,53.425,42.58,20.285,58.4825,48.405,17.2425
38,Santa Cruz de Tenerife,2024,62.4,55.0175,11.84,54.94,46.55,15.2675,58.567499999999995,50.665,13.48
38,Santa Cruz de Tenerife,2025,63.3875,56.565,10.7675,54.402499999999996,46.905,13.782499999999999,58.769999999999996,51.5975,12.2
39,Cantabria,2015,62.2625,52.01,16.47,50.2625,40.7,19.02,56.085,46.19,17.6475
39,Cantabria,2016,61.9325,53.04,14.35,50.6575,42.7975,15.540000000000001,56.1225,47.765,14.907499999999999
39,Cantabria,2017,60.915,52.852500000000006,13.2375,50.97,43.87,13.93,55.785,48.22,13.565
39,Cantabria,2018,60.7625,55.167500000000004,9.217500000000001,49.24,43.1475,12.3525,54.815,48.9625,10.675
39,Cantabria,2019,61.17,55.269999999999996,9.6425,49.332499999999996,43.894999999999996,11.01,55.055,49.3925,10.28
39,Cantabria,2020,59.230000000000004,52.3075,11.7,48.7375,42.5675,12.69,53.8125,47.28,12.165
39,Cantabria,2021,60.69,54.7075,9.865,50.120000000000005,43.695,12.8075,55.22,49.01,11.265
39,Cantabria,2022,60.19,55.4825,7.83,49.6225,43.8975,11.535,54.7025,49.4675,9.575
39,Cantabria,2023,59.465,55.629999999999995,6.455,50.4975,45.46,9.9825,54.8125,50.3525,8.1425
39,Cantabria,2024,61.2525,57.195,6.62,50.894999999999996,46.21,9.209999999999999,55.8775,51.495,7.8475
39,Cantabria,2025,60.3225,56.175,6.875,51.004999999999995,47.004999999999995,7.845,55.485,51.412499999999994,7.3375
40,Segovia,2015,66.4375,58.81,11.4625,52.85,42.760000000000005,19.125,59.712500000000006,50.8625,14.815
40,Segovia,2016,66.94,59.3425,11.3625,53.995000000000005,44.455,17.6875,60.525,51.9675,14.16
40,Segovia,2017,65.965,60.025,8.995000000000001,53.7375,45.38,15.5725,59.8975,52.755,11.9225
40,Segovia,2018,64.1575,57.925,9.705,50.5025,43.16,14.5375,57.365,50.5775,11.82
40,Segovia,2019,66.505,60.76,8.6375,52.4675,46.4975,11.375,59.52,53.66,9.8325
40,Segovia,2020,65.1125,60.5925,6.9475,51.815,45.6475,11.91,58.4925,53.155,9.145
40,Segovia,2021,64.45,59.7775,7.2375,50.9175,44.7825,12.0075,57.7125,52.31,9.36
40,Segovia,2022,62.205,58.0075,6.75,53.0125,47.665,10.075,57.6075,52.8375,8.2725
40,Segovia,2023,64.0275,60.105000000000004,6.115,53.8225,48.24,10.379999999999999,58.9225,54.17,8.065
40,Segovia,2024,64.3475,60.3225,6.2524999999999995,53.1375,49.2925,7.23,58.7525,54.815,6.6925
40,Segovia,2025,62.5275,60.1625,3.8075,52.535,48.0925,8.4575,57.545,54.14,5.91
41,Sevilla,2015,66.83,47.69,28.6425,54.0475,36.400000000000006,32.6525,60.2375,41.8675,30.5
41,Sevilla,2016,64.905,48.33,25.5325,52.8275,36.9475,30.0675,58.6775,42.457499999999996,27.6375
41,Sevilla,2017,64.7975,50.345,22.305,52.4875,38.5475,26.5525,58.445,44.26,24.2725
41,Sevilla,2018,65.58,52.6775,19.6725,52.7575,39.22,25.6575,58.96,45.730000000000004,22.44
41,Sevilla,2019,64.96000000000001,52.74,18.8075,53.205,40.1275,24.580000000000002,58.8875,46.230000000000004,21.502499999999998
41,Sevilla,2020,63.3625,51.21,19.15,50.5,37.585,25.5525,56.715,44.1775,22.0975
41,Sevilla,2021,64.7225,52.515,18.865000000000002,51.65,38.3525,25.7575,57.955,45.185,22.045
41,Sevilla,2022,63.955,54.917500000000004,14.1325,52.54,41.4525,21.095,58.065,47.9675,17.3875
41,Sevilla,2023,62.485,53.4625,14.445,53.9725,43.6075,19.197499999999998,58.0775,48.3575,16.7325
41,Sevilla,2024,63.1825,55.6575,11.92,52.4125,43.917500000000004,16.215,57.59,49.5575,13.9525
41,Sevilla,2025,63.345,56.175,11.3225,52.845,44.0225,16.697499999999998,57.9025,49.875,13.865
42,Soria,2015,62.2025,54.8075,11.865,49.55,41.1575,16.92,55.985,48.0975,14.0775
42,Soria,2016,62.5225,55.567499999999995,11.155000000000001,48.1175,40.45,15.9875,55.4425,48.1425,13.2075
42,Soria,2017,65.17,58.94,9.5725,54.215,47.4925,12.425,59.785,53.315,10.84
42,Soria,2018,62.835,58.315,7.1775,53.1575,48.2475,9.1675,58.08,53.37,8.067499999999999
42,Soria,2019,63.0825,59.587500000000006,5.5375,53.39,48.135000000000005,9.8525,58.32,53.96,7.48
42,Soria,2020,62.67,58.1425,7.215,52.725,47.095,10.675,57.78,52.71,8.7625
42,Soria,2021,63.25,57.595,8.965,51.68,46.7625,9.5075,57.552499999999995,52.260000000000005,9.2025
42,Soria,2022,63.5475,58.875,7.38,53.705,48.8775,9.0225,58.69,53.9375,8.1
42,Soria,2023,60.394999999999996,57.215,5.3325000000000005,53.1375,47.5,10.64,56.815,52.42,7.785
42,Soria,2024,63.8725,60.3175,5.5775,51.075,47.325,7.3025,57.5725,53.92,6.34
42,Soria,2025,65.1875,60.225,7.640000000000001,51.16,47.129999999999995,7.8725000000000005,58.29,53.7875,7.7275
43,Tarragona,2015,68.58,54.215,20.939999999999998,56.6575,43.5625,23.122500000000002,62.59,48.8625,21.935000000000002
43,Tarragona,2016,66.2225,54.4425,17.775,53.9,42.769999999999996,20.615000000000002,60.019999999999996,48.57,19.06
43,Tarragona,2017,65.28,55.33,15.255,54.7,45.4,17.0625,59.9475,50.325,16.0875
43,Tarragona,2018,65.9875,56.8975,13.775,54.7,45.75,16.375,60.292500000000004,51.2725,14.965
43,Tarragona,2019,64.7925,56.4475,12.875,53.379999999999995,45.835,14.145,59.045,51.1025,13.455
43,Tarragona,2020,64.185,55.3025,13.835,52.82,43.8425,16.9975,58.457499999999996,49.53,15.2675
43,Tarragona,2021,63.8925,56.2,12.0275,52.495000000000005,44.63,14.9825,58.175,50.3975,13.3625
43,Tarragona,2022,61.72,55.1325,10.6775,52.010000000000005,45.655,12.23,56.83,50.3575,11.395
43,Tarragona,2023,64.185,57.705,10.1075,53.68,46.89,12.6575,58.9025,52.27,11.275
43,Tarragona,2024,64.0425,56.505,11.7675,54.410000000000004,46.92,13.7675,59.2125,51.7,12.6975
43,Tarragona,2025,65.0075,58.6975,9.7225,53.885,46.865,13.035,59.43,52.7625,11.2325
44,Teruel,2015,62.5175,54.004999999999995,13.615,51.28,40.3475,21.355,57.0025,47.305,17.025
44,Teruel,2016,61.8425,55.7375,9.8875,51.3725,42.175,17.8825,56.7,49.0725,13.445
44,Teruel,2017,61.6575,56.1275,8.9825,48.9225,40.9725,16.265,55.395,48.6725,12.155000000000001
44,Teruel,2018,62.8275,57.865,7.9,49.3625,44.04,10.81,56.195,51.0575,9.16
44,Teruel,2019,62.5325,57.325,8.3125,50.947500000000005,45.0475,11.5825,56.83,51.285000000000004,9.77
44,Teruel,2020,60.730000000000004,54.735,9.86,51.01,45.167500000000004,11.4675,55.9525,50.0325,10.585
44,Teruel,2021,59.97,55.955,6.715,52.5525,47.1325,10.342500000000001,56.315,51.6125,8.385
44,Teruel,2022,59.565,56.1225,5.77,54.21,47.435,12.4825,56.92,51.83,8.94
44,Teruel,2023,59.7675,55.305,7.51,54.0225,47.7825,11.5725,56.9425,51.6025,9.3925
44,Teruel,2024,64.4175,60.4775,6.095000000000001,53.754999999999995,49.1525,8.559999999999999,59.1825,54.92,7.1975
44,Teruel,2025,63.2225,58.9275,6.795,54.410000000000004,49.7125,8.635,58.917500000000004,54.4275,7.63
45,Toledo,2015,68.8675,52.9525,23.1025,52.0775,34.4375,33.885,60.56,43.79,27.685
45,Toledo,2016,67.99000000000001,53.83,20.825,52.52,36.0225,31.4225,60.3275,45.01,25.4
45,Toledo,2017,68.41499999999999,57.405,16.095,52.3275,38.02,27.3175,60.4375,47.792500000000004,20.912499999999998
45,Toledo,2018,66.815,57.942499999999995,13.275,51.7275,37.46,27.5925,59.33,47.7825,19.4675
45,Toledo,2019,66.2425,57.845,12.6775,52.0025,40.42,22.27,59.1775,49.2,16.86
45,Toledo,2020,66.08,56.6525,14.265,51.835,38.9675,24.7,59.015,47.8775,18.8375
45,Toledo,2021,68.0075,60.135,11.56,55.695,43.245000000000005,22.41,61.879999999999995,51.7275,16.4125
45,Toledo,2022,67.565,60.2575,10.817499999999999,54.807500000000005,43.54,20.5825,61.19,51.9025,15.185
45,Toledo,2023,66.445,59.78,10.0225,53.37,43.6575,18.1525,59.9175,51.7325,13.64
45,Toledo,2024,66.145,59.6325,9.844999999999999,51.480000000000004,41.6525,19.0575,58.832499999999996,50.665,13.87
45,Toledo,2025,67.1825,60.7125,9.635,51.9125,42.2875,18.5475,59.5425,51.4975,13.525
46,Valencia/València,2015,65.9975,52.1725,20.9525,53.9125,41.6175,22.8025,59.7975,46.754999999999995,21.8075
46,Valencia/València,2016,65.79249999999999,53.21,19.1175,54.65,42.3325,22.544999999999998,60.067499999999995,47.6175,20.7225
46,Valencia/València,2017,66.4725,55.2575,16.875,53.885000000000005,42.8525,20.47,59.9975,48.879999999999995,18.54
46,Valencia/València,2018,66.0025,57.2625,13.2475,53.3275,44.0125,17.465,59.480000000000004,50.4425,15.192499999999999
46,Valencia/València,2019,64.85249999999999,57.31,11.6275,52.1325,43.7775,16.02,58.3,50.3425,13.65
46,Valencia/València,2020,63.265,54.735,13.49,52.41,43.3325,17.32,57.67,48.8575,15.285
46,Valencia/València,2021,64.17,55.665,13.2525,53.7175,44.9325,16.36,58.787499999999994,50.1375,14.7125
46,Valencia/València,2022,65.2475,58.5225,10.2975,54.05,45.8725,15.1175,59.4825,52.01,12.5525
46,Valencia/València,2023,66.0675,59.3025,10.24,55.39,47.68,13.9225,60.565,53.31,11.97
46,Valencia/València,2024,64.875,57.932500000000005,10.695,55.9075,48.7525,12.8025,60.26,53.21,11.7025
46,Valencia/València,2025,63.9675,57.9,9.485,54.582499999999996,47.655,12.692499999999999,59.144999999999996,52.6325,11.004999999999999
47,Valladolid,2015,63.3125,54.5825,13.785,51.519999999999996,41.855,18.77,57.2625,48.052499999999995,16.0875
47,Valladolid,2016,63.1725,54.5675,13.620000000000001,51.269999999999996,43.739999999999995,14.6725,57.065,49.0125,14.100000000000001
47,Valladolid,2017,61.925,54.035,12.75,51.5675,43.805,15.045,56.6075,48.7825,13.825
47,Valladolid,2018,62.1225,56.0525,9.785,52.332499999999996,45.8775,12.3425,57.09,50.825,10.99
47,Valladolid,2019,63.625,57.475,9.67,52.370000000000005,45.957499999999996,12.245000000000001,57.84,51.55,10.8675
47,Valladolid,2020,62.0225,55.9975,9.719999999999999,50.845,44.925,11.6075,56.2725,50.3025,10.605
47,Valladolid,2021,60.285,54.505,9.5525,48.35,42.2825,12.5275,54.120000000000005,48.19,10.92
47,Valladolid,2022,59.925,55.585,7.245,48.245000000000005,43.405,10.04,53.8825,49.2825,8.5375
47,Valladolid,2023,60.6975,56.269999999999996,7.3025,49.91,44.0625,11.715,55.1125,49.95,9.372499999999999
47,Valladolid,2024,61.0625,56.167500000000004,8.015,54.2825,47.7225,12.105,57.5625,51.807500000000005,10.005
47,Valladolid,2025,64.2325,59.795,6.9175,52.855000000000004,47.0775,10.9525,58.3575,53.225,8.7925
48,Bizkaia,2015,62.675,52.14,16.8025,50.042500000000004,42.5075,15.045,56.075,47.105000000000004,15.985
48,Bizkaia,2016,62.1525,53.379999999999995,14.120000000000001,51.4725,44.1075,14.295,56.5675,48.53,14.21
48,Bizkaia,2017,61.2575,53.505,12.6525,51.9775,45.345,12.7575,56.4025,49.2375,12.7
48,Bizkaia,2018,60.1125,52.515,12.65,51.735,46.2575,10.584999999999999,55.7325,49.2375,11.6475
48,Bizkaia,2019,60.09,53.7975,10.475,51.8425,46.275,10.7325,55.78,49.8625,10.605
48,Bizkaia,2020,58.457499999999996,52.082499999999996,10.8975,50.980000000000004,45.0525,11.6225,54.545,48.4075,11.2575
48,Bizkaia,2021,59.9825,52.9675,11.715,51.1825,45.8925,10.3575,55.4,49.2825,11.065
48,Bizkaia,2022,62.6025,56.455,9.825,51.7575,47.1225,8.9575,56.96,51.6,9.41
48,Bizkaia,2023,62.96,58.432500000000005,7.1975,52.6475,47.932500000000005,8.99,57.605000000000004,52.977500000000006,8.05
48,Bizkaia,2024,60.8625,54.995,9.65,54.2475,49.7475,8.2975,57.42,52.2675,8.98
48,Bizkaia,2025,60.83,55.9375,8.032499999999999,53.9025,49.8725,7.48,57.225,52.7825,7.7575
49,Zamora,2015,57.92,47.3975,18.107499999999998,44.7325,32.692499999999995,26.855,51.305,40.019999999999996,21.9275
49,Zamora,2016,56.43,48.395,14.27,46.67,35.2825,24.42,51.5325,41.815,18.887500000000003
49,Zamora,2017,59.3575,51.675,12.98,45.805,36.405,20.525,52.555,44.0125,16.252499999999998
49,Zamora,2018,58.83,50.4775,14.215,42.78,33.7725,21.075,50.765,42.082499999999996,17.12
49,Zamora,2019,54.985,48.335,12.105,45.015,37.635000000000005,16.4,49.980000000000004,42.962500000000006,14.05
49,Zamora,2020,54.3775,48.11,11.555,44.685,37.905,15.1875,49.510000000000005,42.99,13.185
49,Zamora,2021,55.56,50.4375,9.2225,44.730000000000004,38.63,13.6875,50.065,44.45,11.24
49,Zamora,2022,53.8875,48.0525,10.8225,46.167500000000004,39.6225,14.16,49.9725,43.7775,12.385
49,Zamora,2023,56.7575,49.615,12.565,45.02,38.29,14.942499999999999,50.8,43.8675,13.6375
49,Zamora,2024,57.585,51.2375,10.97,49.0075,41.6425,15.075,53.245,46.385,12.879999999999999
49,Zamora,2025,55.8575,49.92,10.6225,48.6175,43.3925,10.735,52.1875,46.615,10.6775
50,Zaragoza,2015,65.88,56.835,13.7375,52.515,42.0,20.0225,59.0325,49.23,16.605
50,Zaragoza,2016,66.295,57.8775,12.7,53.9825,43.96,18.5675,59.97,50.7275,15.412500000000001
50,Zaragoza,2017,65.2625,59.165,9.342500000000001,53.4525,45.2025,15.43,59.19,51.985,12.17
50,Zaragoza,2018,64.935,58.4875,9.93,53.7575,47.0925,12.3925,59.1825,52.6225,11.08
50,Zaragoza,2019,65.7375,59.89,8.89,53.7375,47.3425,11.9,59.557500000000005,53.43,10.287500000000001
50,Zaragoza,2020,63.6175,57.162499999999994,10.1525,53.71,46.085,14.195,58.5175,51.46,12.0625
50,Zaragoza,2021,64.08,57.832499999999996,9.7475,53.33,46.445,12.9125,58.545,51.975,11.235
50,Zaragoza,2022,64.9075,59.6775,8.06,53.8175,47.5275,11.6925,59.197500000000005,53.4225,9.76
50,Zaragoza,2023,63.93,60.027499999999996,6.105,54.665,48.58,11.1275,59.165,54.1375,8.4975
50,Zaragoza,2024,63.525,59.3475,6.5775,53.8675,48.6475,9.6925,58.575,53.865,8.045
50,Zaragoza,2025,63.405,59.19,6.6425,53.3375,47.7575,10.4575,58.2575,53.345,8.4275
51,Ceuta,2015,67.2325,52.725,21.552500000000002,47.082499999999996,29.8675,36.3925,57.32,41.485,27.5475
51,Ceuta,2016,66.94,53.4475,20.0925,47.4725,32.2975,31.927500000000002,57.425,43.1175,24.880000000000003
51,Ceuta,2017,63.917500000000004,52.9775,17.03,47.66,33.582499999999996,29.4225,55.7875,43.265,22.37
51,Ceuta,2018,65.73,50.685,22.845,52.2025,33.2325,36.175,58.7925,41.7375,28.927500000000002
51,Ceuta,2019,67.3275,51.8225,22.9775,48.8025,34.315,29.665,58.08,43.0675,25.814999999999998
51,Ceuta,2020,64.6875,50.59,21.822499999999998,47.9475,34.4,28.1725,56.3725,42.55,24.5175
51,Ceuta,2021,61.4825,44.9225,26.945,49.8825,32.1975,35.435,55.555,38.415,30.85
51,Ceuta,2022,68.48,50.5,26.2075,53.295,34.7325,34.6275,61.0925,42.822500000000005,29.8525
51,Ceuta,2023,66.3,50.015,24.555,57.4075,36.63,36.1575,61.905,43.3525,29.98
51,Ceuta,2024,66.775,53.9225,19.215,54.4525,34.3,36.8825,60.46,43.86,27.4075
51,Ceuta,2025,67.2425,55.0175,18.215,54.9,37.4025,31.96,61.112500000000004,46.26,24.3575
52,Melilla,2015,67.36,47.3925,29.6325,47.175,28.26,40.0225,57.2575,37.815,33.9475
52,Melilla,2016,71.1675,52.582499999999996,26.119999999999997,46.307500000000005,28.872500000000002,37.6475,58.55,40.542500000000004,30.7775
52,Melilla,2017,70.125,55.62,20.6775,49.2425,30.79,37.557500000000005,59.7275,43.2475,27.615000000000002
52,Melilla,2018,70.62,55.4,21.5775,54.495,37.2875,31.5675,62.8225,46.635,25.765
52,Melilla,2019,67.1075,52.105000000000004,22.325,53.7625,36.195,32.7175,60.4675,44.1725,26.9825
52,Melilla,2020,69.08,54.785,20.71,55.49,40.379999999999995,27.1875,62.2425,47.5425,23.6075
52,Melilla,2021,68.045,53.7425,21.015,53.4775,36.815,30.95,60.9375,45.46,25.345
52,Melilla,2022,66.43,52.725,20.5925,51.1875,34.605,32.3475,58.5575,43.3625,25.9025
52,Melilla,2023,61.595,45.1725,26.6375,49.775,36.5175,26.625,55.6,40.7975,26.6325
52,Melilla,2024,63.59,46.23,27.310000000000002,54.065,38.09,29.47,58.8675,42.19,28.314999999999998
52,Melilla,2025,61.1425,48.76,20.17,48.9625,34.1425,30.259999999999998,54.894999999999996,41.25,24.817500000000003
