provincia,anio,variables_esperadas,variables_presentes,variables_con_dato,variables_sin_dato,cobertura_pct
Albacete,2015,6,6,6,0,100.0
Albacete,2016,6,6,6,0,100.0
Albacete,2017,6,6,6,0,100.0
Albacete,2018,6,6,6,0,100.0
Albacete,2019,6,6,6,0,100.0
Albacete,2020,6,6,6,0,100.0
Albacete,2021,6,6,6,0,100.0
Albacete,2022,6,6,6,0,100.0
Albacete,2023,6,6,6,0,100.0
Alicante/Alacant,2015,6,6,6,0,100.0
Alicante/Alacant,2016,6,6,6,0,100.0
Alicante/Alacant,2017,6,6,6,0,100.0
Alicante/Alacant,2018,6,6,6,0,100.0
Alicante/Alacant,2019,6,6,6,0,100.0
Alicante/Alacant,2020,6,6,6,0,100.0
Alicante/Alacant,2021,6,6,6,0,100.0
Alicante/Alacant,2022,6,6,6,0,100.0
Alicante/Alacant,2023,6,6,6,0,100.0
Almería,2015,6,6,6,0,100.0
Almería,2016,6,6,6,0,100.0
Almería,2017,6,6,6,0,100.0
Almería,2018,6,6,6,0,100.0
Almería,2019,6,6,6,0,100.0
Almería,2020,6,6,6,0,100.0
Almería,2021,6,6,6,0,100.0
Almería,2022,6,6,6,0,100.0
Almería,2023,6,6,6,0,100.0
Araba/Álava,2015,6,6,0,6,0.0
Araba/Álava,2016,6,6,0,6,0.0
Araba/Álava,2017,6,6,0,6,0.0
Araba/Álava,2018,6,6,0,6,0.0
Araba/Álava,2019,6,6,0,6,0.0
Araba/Álava,2020,6,6,6,0,100.0
Araba/Álava,2021,6,6,6,0,100.0
Araba/Álava,2022,6,6,6,0,100.0
Araba/Álava,2023,6,6,6,0,100.0
Asturias,2015,6,6,6,0,100.0
Asturias,2016,6,6,6,0,100.0
Asturias,2017,6,6,6,0,100.0
Asturias,2018,6,6,6,0,100.0
Asturias,2019,6,6,6,0,100.0
Asturias,2020,6,6,6,0,100.0
Asturias,2021,6,6,6,0,100.0
Asturias,2022,6,6,6,0,100.0
Asturias,2023,6,6,6,0,100.0
Badajoz,2015,6,6,6,0,100.0
Badajoz,2016,6,6,6,0,100.0
Badajoz,2017,6,6,6,0,100.0
Badajoz,2018,6,6,6,0,100.0
Badajoz,2019,6,6,6,0,100.0
Badajoz,2020,6,6,6,0,100.0
Badajoz,2021,6,6,6,0,100.0
Badajoz,2022,6,6,6,0,100.0
Badajoz,2023,6,6,6,0,100.0
"Balears, Illes",2015,6,6,6,0,100.0
"Balears, Illes",2016,6,6,6,0,100.0
"Balears, Illes",2017,6,6,6,0,100.0
"Balears, Illes",2018,6,6,6,0,100.0
"Balears, Illes",2019,6,6,6,0,100.0
"Balears, Illes",2020,6,6,6,0,100.0
"Balears, Illes",2021,6,6,6,0,100.0
"Balears, Illes",2022,6,6,6,0,100.0
"Balears, Illes",2023,6,6,6,0,100.0
Barcelona,2015,6,6,6,0,100.0
Barcelona,2016,6,6,6,0,100.0
Barcelona,2017,6,6,6,0,100.0
Barcelona,2018,6,6,6,0,100.0
Barcelona,2019,6,6,6,0,100.0
Barcelona,2020,6,6,6,0,100.0
Barcelona,2021,6,6,6,0,100.0
Barcelona,2022,6,6,6,0,100.0
Barcelona,2023,6,6,6,0,100.0
Bizkaia,2015,6,6,6,0,100.0
Bizkaia,2016,6,6,6,0,100.0
Bizkaia,2017,6,6,6,0,100.0
Bizkaia,2018,6,6,6,0,100.0
Bizkaia,2019,6,6,6,0,100.0
Bizkaia,2020,6,6,6,0,100.0
Bizkaia,2021,6,6,6,0,100.0
Bizkaia,2022,6,6,6,0,100.0
Bizkaia,2023,6,6,6,0,100.0
Burgos,2015,6,6,6,0,100.0
Burgos,2016,6,6,6,0,100.0
Burgos,2017,6,6,6,0,100.0
Burgos,2018,6,6,6,0,100.0
Burgos,2019,6,6,6,0,100.0
Burgos,2020,6,6,6,0,100.0
Burgos,2021,6,6,6,0,100.0
Burgos,2022,6,6,6,0,100.0
Burgos,2023,6,6,6,0,100.0
Cantabria,2015,6,6,6,0,100.0
Cantabria,2016,6,6,6,0,100.0
Cantabria,2017,6,6,6,0,100.0
Cantabria,2018,6,6,6,0,100.0
Cantabria,2019,6,6,6,0,100.0
Cantabria,2020,6,6,6,0,100.0
Cantabria,2021,6,6,6,0,100.0
Cantabria,2022,6,6,6,0,100.0
Cantabria,2023,6,6,6,0,100.0
Castellón/Castelló,2015,6,6,6,0,100.0
Castellón/Castelló,2016,6,6,6,0,100.0
Castellón/Castelló,2017,6,6,6,0,100.0
Castellón/Castelló,2018,6,6,6,0,100.0
Castellón/Castelló,2019,6,6,6,0,100.0
Castellón/Castelló,2020,6,6,6,0,100.0
Castellón/Castelló,2021,6,6,6,0,100.0
Castellón/Castelló,2022,6,6,6,0,100.0
Castellón/Castelló,2023,6,6,6,0,100.0
Ceuta,2015,6,6,6,0,100.0
Ceuta,2016,6,6,6,0,100.0
Ceuta,2017,6,6,6,0,100.0
Ceuta,2018,6,6,6,0,100.0
Ceuta,2019,6,6,6,0,100.0
Ceuta,2020,6,6,6,0,100.0
Ceuta,2021,6,6,6,0,100.0
Ceuta,2022,6,6,6,0,100.0
Ceuta,2023,6,6,6,0,100.0
Ciudad Real,2015,6,6,6,0,100.0
Ciudad Real,2016,6,6,6,0,100.0
Ciudad Real,2017,6,6,6,0,100.0
Ciudad Real,2018,6,6,6,0,100.0
Ciudad Real,2019,6,6,6,0,100.0
Ciudad Real,2020,6,6,6,0,100.0
Ciudad Real,2021,6,6,6,0,100.0
Ciudad Real,2022,6,6,6,0,100.0
Ciudad Real,2023,6,6,6,0,100.0
"Coruña, A",2015,6,6,6,0,100.0
"Coruña, A",2016,6,6,6,0,100.0
"Coruña, A",2017,6,6,6,0,100.0
"Coruña, A",2018,6,6,6,0,100.0
"Coruña, A",2019,6,6,6,0,100.0
"Coruña, A",2020,6,6,6,0,100.0
"Coruña, A",2021,6,6,6,0,100.0
"Coruña, A",2022,6,6,6,0,100.0
"Coruña, A",2023,6,6,6,0,100.0
Cuenca,2015,6,6,6,0,100.0
Cuenca,2016,6,6,6,0,100.0
Cuenca,2017,6,6,6,0,100.0
Cuenca,2018,6,6,6,0,100.0
Cuenca,2019,6,6,6,0,100.0
Cuenca,2020,6,6,6,0,100.0
Cuenca,2021,6,6,6,0,100.0
Cuenca,2022,6,6,6,0,100.0
Cuenca,2023,6,6,6,0,100.0
Cáceres,2015,6,6,6,0,100.0
Cáceres,2016,6,6,6,0,100.0
Cáceres,2017,6,6,6,0,100.0
Cáceres,2018,6,6,6,0,100.0
Cáceres,2019,6,6,6,0,100.0
Cáceres,2020,6,6,6,0,100.0
Cáceres,2021,6,6,6,0,100.0
Cáceres,2022,6,6,6,0,100.0
Cáceres,2023,6,6,6,0,100.0
Cádiz,2015,6,6,6,0,100.0
Cádiz,2016,6,6,6,0,100.0
Cádiz,2017,6,6,6,0,100.0
Cádiz,2018,6,6,6,0,100.0
Cádiz,2019,6,6,6,0,100.0
Cádiz,2020,6,6,6,0,100.0
Cádiz,2021,6,6,6,0,100.0
Cádiz,2022,6,6,6,0,100.0
Cádiz,2023,6,6,6,0,100.0
Córdoba,2015,6,6,6,0,100.0
Córdoba,2016,6,6,6,0,100.0
Córdoba,2017,6,6,6,0,100.0
Córdoba,2018,6,6,6,0,100.0
Córdoba,2019,6,6,6,0,100.0
Córdoba,2020,6,6,6,0,100.0
Córdoba,2021,6,6,6,0,100.0
Córdoba,2022,6,6,6,0,100.0
Córdoba,2023,6,6,6,0,100.0
Gipuzkoa,2015,6,6,0,6,0.0
Gipuzkoa,2016,6,6,6,0,100.0
Gipuzkoa,2017,6,6,6,0,100.0
Gipuzkoa,2018,6,6,6,0,100.0
Gipuzkoa,2019,6,6,6,0,100.0
Gipuzkoa,2020,6,6,6,0,100.0
Gipuzkoa,2021,6,6,6,0,100.0
Gipuzkoa,2022,6,6,6,0,100.0
Gipuzkoa,2023,6,6,6,0,100.0
Girona,2015,6,6,6,0,100.0
Girona,2016,6,6,6,0,100.0
Girona,2017,6,6,6,0,100.0
Girona,2018,6,6,6,0,100.0
Girona,2019,6,6,6,0,100.0
Girona,2020,6,6,6,0,100.0
Girona,2021,6,6,6,0,100.0
Girona,2022,6,6,6,0,100.0
Girona,2023,6,6,6,0,100.0
Granada,2015,6,6,6,0,100.0
Granada,2016,6,6,6,0,100.0
Granada,2017,6,6,6,0,100.0
Granada,2018,6,6,6,0,100.0
Granada,2019,6,6,6,0,100.0
Granada,2020,6,6,6,0,100.0
Granada,2021,6,6,6,0,100.0
Granada,2022,6,6,6,0,100.0
Granada,2023,6,6,6,0,100.0
Guadalajara,2015,6,6,6,0,100.0
Guadalajara,2016,6,6,6,0,100.0
Guadalajara,2017,6,6,6,0,100.0
Guadalajara,2018,6,6,6,0,100.0
Guadalajara,2019,6,6,6,0,100.0
Guadalajara,2020,6,6,6,0,100.0
Guadalajara,2021,6,6,6,0,100.0
Guadalajara,2022,6,6,6,0,100.0
Guadalajara,2023,6,6,6,0,100.0
Huelva,2015,6,6,6,0,100.0
Huelva,2016,6,6,6,0,100.0
Huelva,2017,6,6,6,0,100.0
Huelva,2018,6,6,6,0,100.0
Huelva,2019,6,6,6,0,100.0
Huelva,2020,6,6,6,0,100.0
Huelva,2021,6,6,6,0,100.0
Huelva,2022,6,6,6,0,100.0
Huelva,2023,6,6,6,0,100.0
Huesca,2015,6,6,6,0,100.0
Huesca,2016,6,6,6,0,100.0
Huesca,2017,6,6,6,0,100.0
Huesca,2018,6,6,6,0,100.0
Huesca,2019,6,6,6,0,100.0
Huesca,2020,6,6,6,0,100.0
Huesca,2021,6,6,6,0,100.0
Huesca,2022,6,6,6,0,100.0
Huesca,2023,6,6,6,0,100.0
Jaén,2015,6,6,6,0,100.0
Jaén,2016,6,6,6,0,100.0
Jaén,2017,6,6,6,0,100.0
Jaén,2018,6,6,6,0,100.0
Jaén,2019,6,6,6,0,100.0
Jaén,2020,6,6,6,0,100.0
Jaén,2021,6,6,6,0,100.0
Jaén,2022,6,6,6,0,100.0
Jaén,2023,6,6,6,0,100.0
León,2015,6,6,6,0,100.0
León,2016,6,6,6,0,100.0
León,2017,6,6,6,0,100.0
León,2018,6,6,6,0,100.0
León,2019,6,6,6,0,100.0
León,2020,6,6,6,0,100.0
León,2021,6,6,6,0,100.0
León,2022,6,6,6,0,100.0
León,2023,6,6,6,0,100.0
Lleida,2015,6,6,6,0,100.0
Lleida,2016,6,6,6,0,100.0
Lleida,2017,6,6,6,0,100.0
Lleida,2018,6,6,6,0,100.0
Lleida,2019,6,6,6,0,100.0
Lleida,2020,6,6,6,0,100.0
Lleida,2021,6,6,6,0,100.0
Lleida,2022,6,6,6,0,100.0
Lleida,2023,6,6,6,0,100.0
Lugo,2015,6,6,6,0,100.0
Lugo,2016,6,6,6,0,100.0
Lugo,2017,6,6,6,0,100.0
Lugo,2018,6,6,6,0,100.0
Lugo,2019,6,6,6,0,100.0
Lugo,2020,6,6,6,0,100.0
Lugo,2021,6,6,6,0,100.0
Lugo,2022,6,6,6,0,100.0
Lugo,2023,6,6,6,0,100.0
Madrid,2015,6,6,6,0,100.0
Madrid,2016,6,6,6,0,100.0
Madrid,2017,6,6,6,0,100.0
Madrid,2018,6,6,6,0,100.0
Madrid,2019,6,6,6,0,100.0
Madrid,2020,6,6,6,0,100.0
Madrid,2021,6,6,6,0,100.0
Madrid,2022,6,6,6,0,100.0
Madrid,2023,6,6,6,0,100.0
Melilla,2015,6,6,6,0,100.0
Melilla,2016,6,6,6,0,100.0
Melilla,2017,6,6,6,0,100.0
Melilla,2018,6,6,6,0,100.0
Melilla,2019,6,6,6,0,100.0
Melilla,2020,6,6,6,0,100.0
Melilla,2021,6,6,6,0,100.0
Melilla,2022,6,6,6,0,100.0
Melilla,2023,6,6,6,0,100.0
Murcia,2015,6,6,6,0,100.0
Murcia,2016,6,6,6,0,100.0
Murcia,2017,6,6,6,0,100.0
Murcia,2018,6,6,6,0,100.0
Murcia,2019,6,6,6,0,100.0
Murcia,2020,6,6,6,0,100.0
Murcia,2021,6,6,6,0,100.0
Murcia,2022,6,6,6,0,100.0
Murcia,2023,6,6,6,0,100.0
Málaga,2015,6,6,6,0,100.0
Málaga,2016,6,6,6,0,100.0
Málaga,2017,6,6,6,0,100.0
Málaga,2018,6,6,6,0,100.0
Málaga,2019,6,6,6,0,100.0
Málaga,2020,6,6,6,0,100.0
Málaga,2021,6,6,6,0,100.0
Málaga,2022,6,6,6,0,100.0
Málaga,2023,6,6,6,0,100.0
Navarra,2015,6,6,0,6,0.0
Navarra,2016,6,6,0,6,0.0
Navarra,2017,6,6,0,6,0.0
Navarra,2018,6,6,0,6,0.0
Navarra,2019,6,6,0,6,0.0
Navarra,2020,6,6,0,6,0.0
Navarra,2021,6,6,6,0,100.0
Navarra,2022,6,6,6,0,100.0
Navarra,2023,6,6,6,0,100.0
Ourense,2015,6,6,6,0,100.0
Ourense,2016,6,6,6,0,100.0
Ourense,2017,6,6,6,0,100.0
Ourense,2018,6,6,6,0,100.0
Ourense,2019,6,6,6,0,100.0
Ourense,2020,6,6,6,0,100.0
Ourense,2021,6,6,6,0,100.0
Ourense,2022,6,6,6,0,100.0
Ourense,2023,6,6,6,0,100.0
Palencia,2015,6,6,6,0,100.0
Palencia,2016,6,6,6,0,100.0
Palencia,2017,6,6,6,0,100.0
Palencia,2018,6,6,6,0,100.0
Palencia,2019,6,6,6,0,100.0
Palencia,2020,6,6,6,0,100.0
Palencia,2021,6,6,6,0,100.0
Palencia,2022,6,6,6,0,100.0
Palencia,2023,6,6,6,0,100.0
"Palmas, Las",2015,6,6,6,0,100.0
"Palmas, Las",2016,6,6,6,0,100.0
"Palmas, Las",2017,6,6,6,0,100.0
"Palmas, Las",2018,6,6,6,0,100.0
"Palmas, Las",2019,6,6,6,0,100.0
"Palmas, Las",2020,6,6,6,0,100.0
"Palmas, Las",2021,6,6,6,0,100.0
"Palmas, Las",2022,6,6,6,0,100.0
"Palmas, Las",2023,6,6,6,0,100.0
Pontevedra,2015,6,6,6,0,100.0
Pontevedra,2016,6,6,6,0,100.0
Pontevedra,2017,6,6,6,0,100.0
Pontevedra,2018,6,6,6,0,100.0
Pontevedra,2019,6,6,6,0,100.0
Pontevedra,2020,6,6,6,0,100.0
Pontevedra,2021,6,6,6,0,100.0
Pontevedra,2022,6,6,6,0,100.0
Pontevedra,2023,6,6,6,0,100.0
"Rioja, La",2015,6,6,6,0,100.0
"Rioja, La",2016,6,6,6,0,100.0
"Rioja, La",2017,6,6,6,0,100.0
"Rioja, La",2018,6,6,6,0,100.0
"Rioja, La",2019,6,6,6,0,100.0
"Rioja, La",2020,6,6,6,0,100.0
"Rioja, La",2021,6,6,6,0,100.0
"Rioja, La",2022,6,6,6,0,100.0
"Rioja, La",2023,6,6,6,0,100.0
Salamanca,2015,6,6,6,0,100.0
Salamanca,2016,6,6,6,0,100.0
Salamanca,2017,6,6,6,0,100.0
Salamanca,2018,6,6,6,0,100.0
Salamanca,2019,6,6,6,0,100.0
Salamanca,2020,6,6,6,0,100.0
Salamanca,2021,6,6,6,0,100.0
Salamanca,2022,6,6,6,0,100.0
Salamanca,2023,6,6,6,0,100.0
Santa Cruz de Tenerife,2015,6,6,6,0,100.0
Santa Cruz de Tenerife,2016,6,6,6,0,100.0
Santa Cruz de Tenerife,2017,6,6,6,0,100.0
Santa Cruz de Tenerife,2018,6,6,6,0,100.0
Santa Cruz de Tenerife,2019,6,6,6,0,100.0
Santa Cruz de Tenerife,2020,6,6,6,0,100.0
Santa Cruz de Tenerife,2021,6,6,6,0,100.0
Santa Cruz de Tenerife,2022,6,6,6,0,100.0
Santa Cruz de Tenerife,2023,6,6,6,0,100.0
Segovia,2015,6,6,6,0,100.0
Segovia,2016,6,6,6,0,100.0
Segovia,2017,6,6,6,0,100.0
Segovia,2018,6,6,6,0,100.0
Segovia,2019,6,6,6,0,100.0
Segovia,2020,6,6,6,0,100.0
Segovia,2021,6,6,6,0,100.0
Segovia,2022,6,6,6,0,100.0
Segovia,2023,6,6,6,0,100.0
Sevilla,2015,6,6,6,0,100.0
Sevilla,2016,6,6,6,0,100.0
Sevilla,2017,6,6,6,0,100.0
Sevilla,2018,6,6,6,0,100.0
Sevilla,2019,6,6,6,0,100.0
Sevilla,2020,6,6,6,0,100.0
Sevilla,2021,6,6,6,0,100.0
Sevilla,2022,6,6,6,0,100.0
Sevilla,2023,6,6,6,0,100.0
Soria,2015,6,6,6,0,100.0
Soria,2016,6,6,6,0,100.0
Soria,2017,6,6,6,0,100.0
Soria,2018,6,6,6,0,100.0
Soria,2019,6,6,6,0,100.0
Soria,2020,6,6,6,0,100.0
Soria,2021,6,6,6,0,100.0
Soria,2022,6,6,6,0,100.0
Soria,2023,6,6,6,0,100.0
Tarragona,2015,6,6,6,0,100.0
Tarragona,2016,6,6,6,0,100.0
Tarragona,2017,6,6,6,0,100.0
Tarragona,2018,6,6,6,0,100.0
Tarragona,2019,6,6,6,0,100.0
Tarragona,2020,6,6,6,0,100.0
Tarragona,2021,6,6,6,0,100.0
Tarragona,2022,6,6,6,0,100.0
Tarragona,2023,6,6,6,0,100.0
Teruel,2015,6,6,6,0,100.0
Teruel,2016,6,6,6,0,100.0
Teruel,2017,6,6,6,0,100.0
Teruel,2018,6,6,6,0,100.0
Teruel,2019,6,6,6,0,100.0
Teruel,2020,6,6,6,0,100.0
Teruel,2021,6,6,6,0,100.0
Teruel,2022,6,6,6,0,100.0
Teruel,2023,6,6,6,0,100.0
Toledo,2015,6,6,6,0,100.0
Toledo,2016,6,6,6,0,100.0
Toledo,2017,6,6,6,0,100.0
Toledo,2018,6,6,6,0,100.0
Toledo,2019,6,6,6,0,100.0
Toledo,2020,6,6,6,0,100.0
Toledo,2021,6,6,6,0,100.0
Toledo,2022,6,6,6,0,100.0
Toledo,2023,6,6,6,0,100.0
Valencia/València,2015,6,6,6,0,100.0
Valencia/València,2016,6,6,6,0,100.0
Valencia/València,2017,6,6,6,0,100.0
Valencia/València,2018,6,6,6,0,100.0
Valencia/València,2019,6,6,6,0,100.0
Valencia/València,2020,6,6,6,0,100.0
Valencia/València,2021,6,6,6,0,100.0
Valencia/València,2022,6,6,6,0,100.0
Valencia/València,2023,6,6,6,0,100.0
Valladolid,2015,6,6,6,0,100.0
Valladolid,2016,6,6,6,0,100.0
Valladolid,2017,6,6,6,0,100.0
Valladolid,2018,6,6,6,0,100.0
Valladolid,2019,6,6,6,0,100.0
Valladolid,2020,6,6,6,0,100.0
Valladolid,2021,6,6,6,0,100.0
Valladolid,2022,6,6,6,0,100.0
Valladolid,2023,6,6,6,0,100.0
Zamora,2015,6,6,6,0,100.0
Zamora,2016,6,6,6,0,100.0
Zamora,2017,6,6,6,0,100.0
Zamora,2018,6,6,6,0,100.0
Zamora,2019,6,6,6,0,100.0
Zamora,2020,6,6,6,0,100.0
Zamora,2021,6,6,6,0,100.0
Zamora,2022,6,6,6,0,100.0
Zamora,2023,6,6,6,0,100.0
Zaragoza,2015,6,6,6,0,100.0
Zaragoza,2016,6,6,6,0,100.0
Zaragoza,2017,6,6,6,0,100.0
Zaragoza,2018,6,6,6,0,100.0
Zaragoza,2019,6,6,6,0,100.0
Zaragoza,2020,6,6,6,0,100.0
Zaragoza,2021,6,6,6,0,100.0
Zaragoza,2022,6,6,6,0,100.0
Zaragoza,2023,6,6,6,0,100.0
Ávila,2015,6,6,6,0,100.0
Ávila,2016,6,6,6,0,100.0
Ávila,2017,6,6,6,0,100.0
Ávila,2018,6,6,6,0,100.0
Ávila,2019,6,6,6,0,100.0
Ávila,2020,6,6,6,0,100.0
Ávila,2021,6,6,6,0,100.0
Ávila,2022,6,6,6,0,100.0
Ávila,2023,6,6,6,0,100.0
