codigo_provincia,provincia,anio,valor_tasado_m2,valor_tasado_variacion_pct
01,Araba/Álava,1995,860.8,
01,Araba/Álava,1996,923.72,7.309
01,Araba/Álava,1997,1013.65,9.736
01,Araba/Álava,1998,1151.88,13.637
01,Araba/Álava,1999,1392.32,20.874
01,Araba/Álava,2000,1475.25,5.956
01,Araba/Álava,2001,1653.38,12.075
01,Araba/Álava,2002,1833.9,10.918
01,Araba/Álava,2003,1978.55,7.888
01,Araba/Álava,2004,2210.2,11.708
01,Araba/Álava,2005,2387.93,8.041
01,Araba/Álava,2006,2517.3,5.418
01,Araba/Álava,2007,2516.68,-0.025
01,Araba/Álava,2008,2467.57,-1.951
01,Araba/Álava,2009,2305.9,-6.552
01,Araba/Álava,2010,2259.28,-2.022
01,Araba/Álava,2011,2201.95,-2.538
01,Araba/Álava,2012,2202.75,0.036
01,Araba/Álava,2013,2083.35,-5.42
01,Araba/Álava,2014,1992.95,-4.339
01,Araba/Álava,2015,1976.25,-0.838
01,Araba/Álava,2016,1903.35,-3.689
01,Araba/Álava,2017,1921.82,0.97
01,Araba/Álava,2018,1914.28,-0.392
01,Araba/Álava,2019,1959.55,2.365
01,Araba/Álava,2020,1946.1,-0.686
01,Araba/Álava,2021,2009.8,3.273
01,Araba/Álava,2022,2028.9,0.95
01,Araba/Álava,2023,2087.38,2.882
01,Araba/Álava,2024,2133.07,2.189
01,Araba/Álava,2025,2336.18,9.522
02,Albacete,1995,438.95,
02,Albacete,1996,446.02,1.611
02,Albacete,1997,464.58,4.161
02,Albacete,1998,487.72,4.981
02,Albacete,1999,530.05,8.679
02,Albacete,2000,563.6,6.33
02,Albacete,2001,636.17,12.876
02,Albacete,2002,728.68,14.542
02,Albacete,2003,792.75,8.793
02,Albacete,2004,905.15,14.178
02,Albacete,2005,1160.18,28.175
02,Albacete,2006,1265.97,9.118
02,Albacete,2007,1343.2,6.1
02,Albacete,2008,1333.2,-0.744
02,Albacete,2009,1179.18,-11.553
02,Albacete,2010,1225.35,3.915
02,Albacete,2011,1177.68,-3.89
02,Albacete,2012,1093.25,-7.169
02,Albacete,2013,984.1,-9.984
02,Albacete,2014,934.62,-5.028
02,Albacete,2015,958.95,2.603
02,Albacete,2016,940.12,-1.964
02,Albacete,2017,926.38,-1.462
02,Albacete,2018,915.3,-1.196
02,Albacete,2019,927.02,1.28
02,Albacete,2020,899.58,-2.96
02,Albacete,2021,909.78,1.134
02,Albacete,2022,930.8,2.31
02,Albacete,2023,967.7,3.964
02,Albacete,2024,1011.05,4.48
02,Albacete,2025,1102.18,9.013
03,Alicante/Alacant,1995,475.88,
03,Alicante/Alacant,1996,492.3,3.45
03,Alicante/Alacant,1997,512.12,4.026
03,Alicante/Alacant,1998,565.17,10.359
03,Alicante/Alacant,1999,642.92,13.757
03,Alicante/Alacant,2000,742.78,15.532
03,Alicante/Alacant,2001,863.5,16.252
03,Alicante/Alacant,2002,1026.85,18.917
03,Alicante/Alacant,2003,1202.55,17.111
03,Alicante/Alacant,2004,1372.95,14.17
03,Alicante/Alacant,2005,1581.0,15.154
03,Alicante/Alacant,2006,1691.45,6.986
03,Alicante/Alacant,2007,1736.3,2.652
03,Alicante/Alacant,2008,1722.08,-0.819
03,Alicante/Alacant,2009,1544.08,-10.336
03,Alicante/Alacant,2010,1440.25,-6.724
03,Alicante/Alacant,2011,1374.25,-4.583
03,Alicante/Alacant,2012,1262.78,-8.111
03,Alicante/Alacant,2013,1215.62,-3.735
03,Alicante/Alacant,2014,1207.78,-0.645
03,Alicante/Alacant,2015,1229.53,1.801
03,Alicante/Alacant,2016,1231.7,0.176
03,Alicante/Alacant,2017,1243.3,0.942
03,Alicante/Alacant,2018,1272.08,2.315
03,Alicante/Alacant,2019,1312.18,3.152
03,Alicante/Alacant,2020,1282.8,-2.239
03,Alicante/Alacant,2021,1334.0,3.991
03,Alicante/Alacant,2022,1406.52,5.436
03,Alicante/Alacant,2023,1488.22,5.809
03,Alicante/Alacant,2024,1596.35,7.266
03,Alicante/Alacant,2025,1806.4,13.158
04,Almería,1995,433.8,
04,Almería,1996,460.5,6.155
04,Almería,1997,487.52,5.868
04,Almería,1998,524.1,7.503
04,Almería,1999,556.85,6.249
04,Almería,2000,636.35,14.277
04,Almería,2001,729.85,14.693
04,Almería,2002,857.7,17.517
04,Almería,2003,972.85,13.425
04,Almería,2004,1153.18,18.536
04,Almería,2005,1356.22,17.607
04,Almería,2006,1514.12,11.643
04,Almería,2007,1620.02,6.994
04,Almería,2008,1674.08,3.337
04,Almería,2009,1531.62,-8.51
04,Almería,2010,1467.9,-4.16
04,Almería,2011,1375.15,-6.319
04,Almería,2012,1203.28,-12.498
04,Almería,2013,1161.95,-3.435
04,Almería,2014,1106.6,-4.764
04,Almería,2015,1089.03,-1.588
04,Almería,2016,1094.92,0.541
04,Almería,2017,1092.12,-0.256
04,Almería,2018,1090.62,-0.137
04,Almería,2019,1122.6,2.932
04,Almería,2020,1103.9,-1.666
04,Almería,2021,1128.68,2.245
04,Almería,2022,1154.92,2.325
04,Almería,2023,1183.32,2.459
04,Almería,2024,1243.65,5.098
04,Almería,2025,1342.48,7.947
05,Ávila,1995,593.67,
05,Ávila,1996,596.22,0.43
05,Ávila,1997,604.22,1.342
05,Ávila,1998,615.6,1.883
05,Ávila,1999,639.2,3.834
05,Ávila,2000,691.58,8.195
05,Ávila,2001,721.82,4.373
05,Ávila,2002,772.85,7.07
05,Ávila,2003,858.25,11.05
05,Ávila,2004,1036.53,20.773
05,Ávila,2005,1150.0,10.947
05,Ávila,2006,1314.95,14.343
05,Ávila,2007,1410.05,7.232
05,Ávila,2008,1410.9,0.06
05,Ávila,2009,1267.55,-10.16
05,Ávila,2010,1235.65,-2.517
05,Ávila,2011,1163.62,-5.829
05,Ávila,2012,1127.6,-3.096
05,Ávila,2013,935.65,-17.023
05,Ávila,2014,864.0,-7.658
05,Ávila,2015,839.6,-2.824
05,Ávila,2016,856.53,2.016
05,Ávila,2017,833.45,-2.695
05,Ávila,2018,832.62,-0.1
05,Ávila,2019,815.98,-1.999
05,Ávila,2020,807.75,-1.009
05,Ávila,2021,824.42,2.064
05,Ávila,2022,862.0,4.558
05,Ávila,2023,875.6,1.578
05,Ávila,2024,939.38,7.284
05,Ávila,2025,1040.9,10.807
06,Badajoz,1995,388.72,
06,Badajoz,1996,404.78,4.132
06,Badajoz,1997,399.8,-1.23
06,Badajoz,1998,415.85,4.015
06,Badajoz,1999,446.45,7.358
06,Badajoz,2000,483.4,8.276
06,Badajoz,2001,526.72,8.962
06,Badajoz,2002,579.72,10.062
06,Badajoz,2003,647.7,11.726
06,Badajoz,2004,740.28,14.294
06,Badajoz,2005,846.62,14.365
06,Badajoz,2006,936.82,10.654
06,Badajoz,2007,1031.15,10.069
06,Badajoz,2008,1050.18,1.846
06,Badajoz,2009,1034.62,-1.482
06,Badajoz,2010,1017.1,-1.693
06,Badajoz,2011,962.62,-5.356
06,Badajoz,2012,888.5,-7.7
06,Badajoz,2013,885.85,-0.298
06,Badajoz,2014,854.7,-3.516
06,Badajoz,2015,879.98,2.958
06,Badajoz,2016,874.15,-0.663
06,Badajoz,2017,858.92,-1.742
06,Badajoz,2018,865.85,0.807
06,Badajoz,2019,864.6,-0.144
06,Badajoz,2020,861.4,-0.37
06,Badajoz,2021,859.78,-0.188
06,Badajoz,2022,888.8,3.375
06,Badajoz,2023,900.8,1.35
06,Badajoz,2024,924.78,2.662
06,Badajoz,2025,948.05,2.516
07,"Balears, Illes",1995,592.1,
07,"Balears, Illes",1996,603.45,1.917
07,"Balears, Illes",1997,642.65,6.496
07,"Balears, Illes",1998,748.52,16.474
07,"Balears, Illes",1999,940.4,25.635
07,"Balears, Illes",2000,1145.45,21.805
07,"Balears, Illes",2001,1332.6,16.339
07,"Balears, Illes",2002,1456.9,9.328
07,"Balears, Illes",2003,1586.82,8.918
07,"Balears, Illes",2004,1746.52,10.064
07,"Balears, Illes",2005,1972.25,12.925
07,"Balears, Illes",2006,2199.72,11.534
07,"Balears, Illes",2007,2367.45,7.625
07,"Balears, Illes",2008,2409.52,1.777
07,"Balears, Illes",2009,2192.85,-8.992
07,"Balears, Illes",2010,2093.35,-4.537
07,"Balears, Illes",2011,1990.85,-4.896
07,"Balears, Illes",2012,1839.58,-7.598
07,"Balears, Illes",2013,1857.62,0.981
07,"Balears, Illes",2014,1895.85,2.058
07,"Balears, Illes",2015,1943.78,2.528
07,"Balears, Illes",2016,2051.7,5.552
07,"Balears, Illes",2017,2132.3,3.928
07,"Balears, Illes",2018,2239.55,5.03
07,"Balears, Illes",2019,2360.8,5.414
07,"Balears, Illes",2020,2372.9,0.513
07,"Balears, Illes",2021,2462.28,3.767
07,"Balears, Illes",2022,2653.92,7.783
07,"Balears, Illes",2023,2887.58,8.804
07,"Balears, Illes",2024,3167.02,9.677
07,"Balears, Illes",2025,3609.12,13.959
08,Barcelona,1995,878.52,
08,Barcelona,1996,894.82,1.855
08,Barcelona,1997,926.42,3.531
08,Barcelona,1998,997.15,7.635
08,Barcelona,1999,1138.12,14.137
08,Barcelona,2000,1297.08,13.967
08,Barcelona,2001,1466.9,13.092
08,Barcelona,2002,1581.75,7.829
08,Barcelona,2003,1770.08,11.906
08,Barcelona,2004,2059.07,16.326
08,Barcelona,2005,2271.15,10.3
08,Barcelona,2006,2549.25,12.245
08,Barcelona,2007,2697.32,5.808
08,Barcelona,2008,2770.5,2.713
08,Barcelona,2009,2590.98,-6.48
08,Barcelona,2010,2510.88,-3.091
08,Barcelona,2011,2357.57,-6.106
08,Barcelona,2012,2104.45,-10.736
08,Barcelona,2013,1915.08,-8.999
08,Barcelona,2014,1884.52,-1.596
08,Barcelona,2015,1908.58,1.277
08,Barcelona,2016,2027.48,6.23
08,Barcelona,2017,2157.33,6.405
08,Barcelona,2018,2300.52,6.637
08,Barcelona,2019,2406.48,4.606
08,Barcelona,2020,2372.43,-1.415
08,Barcelona,2021,2410.7,1.613
08,Barcelona,2022,2520.3,4.546
08,Barcelona,2023,2577.35,2.264
08,Barcelona,2024,2692.8,4.479
08,Barcelona,2025,2962.45,10.014
09,Burgos,1995,719.65,
09,Burgos,1996,733.95,1.987
09,Burgos,1997,760.7,3.645
09,Burgos,1998,831.08,9.252
09,Burgos,1999,928.25,11.692
09,Burgos,2000,1070.47,15.321
09,Burgos,2001,1126.2,5.206
09,Burgos,2002,1188.92,5.569
09,Burgos,2003,1267.7,6.626
09,Burgos,2004,1403.7,10.728
09,Burgos,2005,1497.25,6.665
09,Burgos,2006,1686.0,12.606
09,Burgos,2007,1780.95,5.632
09,Burgos,2008,1766.65,-0.803
09,Burgos,2009,1653.82,-6.387
09,Burgos,2010,1673.15,1.169
09,Burgos,2011,1508.02,-9.869
09,Burgos,2012,1357.05,-10.011
09,Burgos,2013,1244.62,-8.285
09,Burgos,2014,1145.22,-7.986
09,Burgos,2015,1149.85,0.404
09,Burgos,2016,1120.08,-2.589
09,Burgos,2017,1125.45,0.479
09,Burgos,2018,1116.95,-0.755
09,Burgos,2019,1130.08,1.176
09,Burgos,2020,1110.22,-1.757
09,Burgos,2021,1123.15,1.165
09,Burgos,2022,1162.88,3.537
09,Burgos,2023,1149.7,-1.133
09,Burgos,2024,1197.88,4.191
09,Burgos,2025,1311.6,9.493
10,Cáceres,1995,416.4,
10,Cáceres,1996,426.42,2.406
10,Cáceres,1997,428.35,0.453
10,Cáceres,1998,448.98,4.816
10,Cáceres,1999,466.08,3.809
10,Cáceres,2000,498.38,6.93
10,Cáceres,2001,565.12,13.391
10,Cáceres,2002,624.67,10.538
10,Cáceres,2003,691.62,10.718
10,Cáceres,2004,787.4,13.849
10,Cáceres,2005,899.72,14.265
10,Cáceres,2006,948.68,5.442
10,Cáceres,2007,981.05,3.412
10,Cáceres,2008,982.42,0.14
10,Cáceres,2009,954.08,-2.885
10,Cáceres,2010,965.52,1.199
10,Cáceres,2011,1029.15,6.59
10,Cáceres,2012,936.2,-9.032
10,Cáceres,2013,880.38,-5.962
10,Cáceres,2014,830.38,-5.679
10,Cáceres,2015,828.82,-0.188
10,Cáceres,2016,861.65,3.961
10,Cáceres,2017,860.7,-0.11
10,Cáceres,2018,851.15,-1.11
10,Cáceres,2019,850.32,-0.098
10,Cáceres,2020,844.1,-0.731
10,Cáceres,2021,835.75,-0.989
10,Cáceres,2022,838.55,0.335
10,Cáceres,2023,844.4,0.698
10,Cáceres,2024,862.12,2.099
10,Cáceres,2025,894.8,3.791
11,Cádiz,1995,503.48,
11,Cádiz,1996,505.28,0.358
11,Cádiz,1997,515.42,2.007
11,Cádiz,1998,548.7,6.457
11,Cádiz,1999,584.15,6.461
11,Cádiz,2000,644.2,10.28
11,Cádiz,2001,738.62,14.657
11,Cádiz,2002,872.08,18.069
11,Cádiz,2003,1048.22,20.198
11,Cádiz,2004,1299.22,23.945
11,Cádiz,2005,1538.72,18.434
11,Cádiz,2006,1719.52,11.75
11,Cádiz,2007,1841.78,7.11
11,Cádiz,2008,1922.32,4.373
11,Cádiz,2009,1834.38,-4.575
11,Cádiz,2010,1738.88,-5.206
11,Cádiz,2011,1661.85,-4.43
11,Cádiz,2012,1512.98,-8.958
11,Cádiz,2013,1340.48,-11.401
11,Cádiz,2014,1301.7,-2.893
11,Cádiz,2015,1303.47,0.136
11,Cádiz,2016,1279.9,-1.808
11,Cádiz,2017,1281.65,0.137
11,Cádiz,2018,1307.08,1.984
11,Cádiz,2019,1351.08,3.366
11,Cádiz,2020,1357.08,0.444
11,Cádiz,2021,1402.72,3.363
11,Cádiz,2022,1455.08,3.733
11,Cádiz,2023,1533.25,5.372
11,Cádiz,2024,1639.05,6.9
11,Cádiz,2025,1811.98,10.551
12,Castellón/Castelló,1995,460.1,
12,Castellón/Castelló,1996,489.8,6.455
12,Castellón/Castelló,1997,507.22,3.557
12,Castellón/Castelló,1998,544.78,7.405
12,Castellón/Castelló,1999,599.38,10.022
12,Castellón/Castelló,2000,683.68,14.065
12,Castellón/Castelló,2001,759.45,11.083
12,Castellón/Castelló,2002,901.1,18.652
12,Castellón/Castelló,2003,1059.5,17.579
12,Castellón/Castelló,2004,1250.3,18.008
12,Castellón/Castelló,2005,1474.95,17.968
12,Castellón/Castelló,2006,1646.22,11.612
12,Castellón/Castelló,2007,1733.6,5.308
12,Castellón/Castelló,2008,1717.38,-0.936
12,Castellón/Castelló,2009,1574.25,-8.334
12,Castellón/Castelló,2010,1514.42,-3.801
12,Castellón/Castelló,2011,1416.12,-6.491
12,Castellón/Castelló,2012,1264.42,-10.712
12,Castellón/Castelló,2013,1124.53,-11.064
12,Castellón/Castelló,2014,1052.97,-6.364
12,Castellón/Castelló,2015,1052.55,-0.04
12,Castellón/Castelló,2016,1051.28,-0.121
12,Castellón/Castelló,2017,1041.88,-0.894
12,Castellón/Castelló,2018,1042.88,0.096
12,Castellón/Castelló,2019,1071.35,2.73
12,Castellón/Castelló,2020,1043.4,-2.609
12,Castellón/Castelló,2021,1069.6,2.511
12,Castellón/Castelló,2022,1076.75,0.668
12,Castellón/Castelló,2023,1112.08,3.281
12,Castellón/Castelló,2024,1168.85,5.105
12,Castellón/Castelló,2025,1298.85,11.122
13,Ciudad Real,1995,447.22,
13,Ciudad Real,1996,434.92,-2.75
13,Ciudad Real,1997,434.95,0.007
13,Ciudad Real,1998,427.5,-1.713
13,Ciudad Real,1999,452.02,5.736
13,Ciudad Real,2000,489.05,8.192
13,Ciudad Real,2001,541.95,10.817
13,Ciudad Real,2002,606.15,11.846
13,Ciudad Real,2003,672.9,11.012
13,Ciudad Real,2004,730.88,8.616
13,Ciudad Real,2005,875.28,19.757
13,Ciudad Real,2006,1007.62,15.12
13,Ciudad Real,2007,1069.35,6.126
13,Ciudad Real,2008,1069.22,-0.012
13,Ciudad Real,2009,973.08,-8.992
13,Ciudad Real,2010,992.78,2.024
13,Ciudad Real,2011,977.95,-1.494
13,Ciudad Real,2012,938.22,-4.063
13,Ciudad Real,2013,832.9,-11.226
13,Ciudad Real,2014,785.92,-5.641
13,Ciudad Real,2015,783.88,-0.26
13,Ciudad Real,2016,780.58,-0.421
13,Ciudad Real,2017,769.65,-1.4
13,Ciudad Real,2018,756.92,-1.654
13,Ciudad Real,2019,737.05,-2.625
13,Ciudad Real,2020,721.82,-2.066
13,Ciudad Real,2021,715.1,-0.931
13,Ciudad Real,2022,727.58,1.745
13,Ciudad Real,2023,715.82,-1.616
13,Ciudad Real,2024,721.68,0.819
13,Ciudad Real,2025,761.52,5.52
14,Córdoba,1995,510.15,
14,Córdoba,1996,482.22,-5.475
14,Córdoba,1997,481.65,-0.118
14,Córdoba,1998,490.98,1.937
14,Córdoba,1999,515.45,4.984
14,Córdoba,2000,557.35,8.129
14,Córdoba,2001,629.0,12.855
14,Córdoba,2002,722.75,14.905
14,Córdoba,2003,826.12,14.302
14,Córdoba,2004,999.97,21.044
14,Córdoba,2005,1207.88,20.792
14,Córdoba,2006,1400.18,15.92
14,Córdoba,2007,1522.52,8.737
14,Córdoba,2008,1532.88,0.68
14,Córdoba,2009,1442.02,-5.927
14,Córdoba,2010,1348.55,-6.482
14,Córdoba,2011,1340.0,-0.634
14,Córdoba,2012,1322.25,-1.325
14,Córdoba,2013,1201.58,-9.126
14,Córdoba,2014,1134.55,-5.578
14,Córdoba,2015,1154.53,1.761
14,Córdoba,2016,1143.93,-0.918
14,Córdoba,2017,1133.78,-0.887
14,Córdoba,2018,1144.35,0.932
14,Córdoba,2019,1148.28,0.343
14,Córdoba,2020,1125.6,-1.975
14,Córdoba,2021,1098.45,-2.412
14,Córdoba,2022,1117.88,1.769
14,Córdoba,2023,1108.8,-0.812
14,Córdoba,2024,1135.03,2.366
14,Córdoba,2025,1201.8,5.883
15,"Coruña, A",1995,678.28,
15,"Coruña, A",1996,686.12,1.156
15,"Coruña, A",1997,665.75,-2.969
15,"Coruña, A",1998,714.08,7.259
15,"Coruña, A",1999,701.82,-1.717
15,"Coruña, A",2000,757.42,7.922
15,"Coruña, A",2001,810.98,7.071
15,"Coruña, A",2002,854.08,5.315
15,"Coruña, A",2003,973.45,13.976
15,"Coruña, A",2004,1100.35,13.036
15,"Coruña, A",2005,1217.03,10.604
15,"Coruña, A",2006,1396.2,14.722
15,"Coruña, A",2007,1513.45,8.398
15,"Coruña, A",2008,1557.1,2.884
15,"Coruña, A",2009,1432.8,-7.983
15,"Coruña, A",2010,1446.78,0.976
15,"Coruña, A",2011,1401.98,-3.097
15,"Coruña, A",2012,1314.22,-6.26
15,"Coruña, A",2013,1214.23,-7.608
15,"Coruña, A",2014,1184.8,-2.424
15,"Coruña, A",2015,1195.05,0.865
15,"Coruña, A",2016,1220.62,2.14
15,"Coruña, A",2017,1222.82,0.18
15,"Coruña, A",2018,1217.32,-0.45
15,"Coruña, A",2019,1235.45,1.489
15,"Coruña, A",2020,1244.3,0.716
15,"Coruña, A",2021,1265.0,1.664
15,"Coruña, A",2022,1298.35,2.636
15,"Coruña, A",2023,1346.48,3.707
15,"Coruña, A",2024,1419.85,5.449
15,"Coruña, A",2025,1571.78,10.7
16,Cuenca,1995,432.58,
16,Cuenca,1996,475.18,9.848
16,Cuenca,1997,459.12,-3.38
16,Cuenca,1998,460.68,0.34
16,Cuenca,1999,477.38,3.625
16,Cuenca,2000,486.55,1.921
16,Cuenca,2001,534.22,9.798
16,Cuenca,2002,580.6,8.682
16,Cuenca,2003,640.08,10.245
16,Cuenca,2004,782.72,22.285
16,Cuenca,2005,923.12,17.937
16,Cuenca,2006,981.18,6.29
16,Cuenca,2007,1059.32,7.964
16,Cuenca,2008,1042.3,-1.607
16,Cuenca,2009,981.08,-5.874
16,Cuenca,2010,994.38,1.356
16,Cuenca,2011,1031.62,3.745
16,Cuenca,2013,837.78,-18.79
16,Cuenca,2014,819.3,-2.206
16,Cuenca,2015,802.45,-2.057
16,Cuenca,2016,798.12,-0.54
16,Cuenca,2017,796.38,-0.218
16,Cuenca,2018,777.4,-2.383
16,Cuenca,2019,774.68,-0.35
16,Cuenca,2020,763.4,-1.456
16,Cuenca,2021,777.45,1.84
16,Cuenca,2022,782.4,0.637
16,Cuenca,2023,770.22,-1.557
16,Cuenca,2024,788.82,2.415
16,Cuenca,2025,869.2,10.19
17,Girona,1995,582.6,
17,Girona,1996,602.35,3.39
17,Girona,1997,622.92,3.415
17,Girona,1998,658.75,5.752
17,Girona,1999,732.08,11.132
17,Girona,2000,825.08,12.704
17,Girona,2001,933.4,13.128
17,Girona,2002,1079.97,15.703
17,Girona,2003,1267.68,17.381
17,Girona,2004,1490.42,17.571
17,Girona,2005,1744.28,17.033
17,Girona,2006,1990.88,14.138
17,Girona,2007,2124.43,6.708
17,Girona,2008,2170.57,2.172
17,Girona,2009,2042.48,-5.901
17,Girona,2010,1987.45,-2.694
17,Girona,2011,1876.05,-5.605
17,Girona,2012,1691.12,-9.857
17,Girona,2013,1499.62,-11.324
17,Girona,2014,1435.95,-4.246
17,Girona,2015,1457.22,1.481
17,Girona,2016,1471.82,1.002
17,Girona,2017,1507.6,2.431
17,Girona,2018,1506.68,-0.061
17,Girona,2019,1532.85,1.737
17,Girona,2020,1529.95,-0.189
17,Girona,2021,1583.18,3.479
17,Girona,2022,1678.6,6.027
17,Girona,2023,1753.78,4.479
17,Girona,2024,1837.35,4.765
17,Girona,2025,1996.68,8.672
18,Granada,1995,478.75,
18,Granada,1996,481.32,0.537
18,Granada,1997,504.58,4.833
18,Granada,1998,522.98,3.647
18,Granada,1999,572.62,9.492
18,Granada,2000,644.38,12.532
18,Granada,2001,732.22,13.632
18,Granada,2002,816.6,11.524
18,Granada,2003,912.45,11.738
18,Granada,2004,1044.47,14.469
18,Granada,2005,1213.72,16.204
18,Granada,2006,1349.75,11.208
18,Granada,2007,1479.3,9.598
18,Granada,2008,1509.72,2.056
18,Granada,2009,1411.12,-6.531
18,Granada,2010,1343.0,-4.827
18,Granada,2011,1296.65,-3.451
18,Granada,2012,1201.22,-7.36
18,Granada,2013,1151.32,-4.154
18,Granada,2014,1083.35,-5.904
18,Granada,2015,1068.7,-1.352
18,Granada,2016,1081.15,1.165
18,Granada,2017,1068.4,-1.179
18,Granada,2018,1103.38,3.274
18,Granada,2019,1119.38,1.45
18,Granada,2020,1108.82,-0.943
18,Granada,2021,1134.7,2.334
18,Granada,2022,1209.25,6.57
18,Granada,2023,1250.85,3.44
18,Granada,2024,1335.0,6.727
18,Granada,2025,1496.8,12.12
19,Guadalajara,1995,654.4,
19,Guadalajara,1996,642.67,-1.792
19,Guadalajara,1997,647.92,0.817
19,Guadalajara,1998,682.65,5.36
19,Guadalajara,1999,706.1,3.435
19,Guadalajara,2000,759.42,7.551
19,Guadalajara,2001,843.42,11.061
19,Guadalajara,2002,1023.2,21.316
19,Guadalajara,2003,1277.3,24.834
19,Guadalajara,2004,1447.75,13.345
19,Guadalajara,2005,1692.78,16.925
19,Guadalajara,2006,1883.65,11.276
19,Guadalajara,2007,1938.52,2.913
19,Guadalajara,2008,1842.75,-4.94
19,Guadalajara,2009,1654.42,-10.22
19,Guadalajara,2010,1596.02,-3.53
19,Guadalajara,2011,1451.95,-9.027
19,Guadalajara,2012,1310.42,-9.748
19,Guadalajara,2013,1152.95,-12.017
19,Guadalajara,2014,1064.62,-7.661
19,Guadalajara,2015,1018.55,-4.327
19,Guadalajara,2016,1013.95,-0.452
19,Guadalajara,2017,1053.32,3.883
19,Guadalajara,2018,1080.8,2.609
19,Guadalajara,2019,1112.8,2.961
19,Guadalajara,2020,1113.4,0.054
19,Guadalajara,2021,1126.88,1.211
19,Guadalajara,2022,1209.52,7.334
19,Guadalajara,2023,1273.92,5.324
19,Guadalajara,2024,1359.05,6.683
19,Guadalajara,2025,1531.95,12.722
20,Gipuzkoa,1995,991.53,
20,Gipuzkoa,1996,1006.53,1.513
20,Gipuzkoa,1997,978.48,-2.787
20,Gipuzkoa,1998,1014.62,3.693
20,Gipuzkoa,1999,1186.6,16.95
20,Gipuzkoa,2000,1524.4,28.468
20,Gipuzkoa,2001,1712.0,12.306
20,Gipuzkoa,2002,1922.65,12.304
20,Gipuzkoa,2003,2097.75,9.107
20,Gipuzkoa,2004,2278.5,8.616
20,Gipuzkoa,2005,2571.45,12.857
20,Gipuzkoa,2006,2854.38,11.003
20,Gipuzkoa,2007,2983.0,4.506
20,Gipuzkoa,2008,3044.48,2.061
20,Gipuzkoa,2009,2948.08,-3.166
20,Gipuzkoa,2010,2785.88,-5.502
20,Gipuzkoa,2011,2777.78,-0.291
20,Gipuzkoa,2012,2761.22,-0.596
20,Gipuzkoa,2013,2734.22,-0.978
20,Gipuzkoa,2014,2723.0,-0.41
20,Gipuzkoa,2015,2677.28,-1.679
20,Gipuzkoa,2016,2614.65,-2.339
20,Gipuzkoa,2017,2661.75,1.801
20,Gipuzkoa,2018,2645.32,-0.617
20,Gipuzkoa,2019,2689.05,1.653
20,Gipuzkoa,2020,2682.55,-0.242
20,Gipuzkoa,2021,2746.95,2.401
20,Gipuzkoa,2022,2834.1,3.173
20,Gipuzkoa,2023,2891.05,2.009
20,Gipuzkoa,2024,2960.18,2.391
20,Gipuzkoa,2025,3198.6,8.054
21,Huelva,1995,510.82,
21,Huelva,1996,514.98,0.814
21,Huelva,1997,515.35,0.072
21,Huelva,1998,546.38,6.021
21,Huelva,1999,589.98,7.98
21,Huelva,2000,676.75,14.707
21,Huelva,2001,808.7,19.498
21,Huelva,2002,921.12,13.901
21,Huelva,2003,1071.32,16.306
21,Huelva,2004,1222.18,14.082
21,Huelva,2005,1395.35,14.169
21,Huelva,2006,1559.4,11.757
21,Huelva,2007,1681.52,7.831
21,Huelva,2008,1762.55,4.819
21,Huelva,2009,1633.52,-7.321
21,Huelva,2010,1535.4,-6.007
21,Huelva,2011,1412.75,-7.988
21,Huelva,2012,1318.02,-6.705
21,Huelva,2013,1200.9,-8.886
21,Huelva,2014,1105.62,-7.934
21,Huelva,2015,1080.08,-2.31
21,Huelva,2016,1056.27,-2.204
21,Huelva,2017,1056.22,-0.005
21,Huelva,2018,1067.75,1.092
21,Huelva,2019,1089.05,1.995
21,Huelva,2020,1065.4,-2.172
21,Huelva,2021,1117.75,4.914
21,Huelva,2022,1168.32,4.524
21,Huelva,2023,1208.45,3.435
21,Huelva,2024,1274.47,5.463
21,Huelva,2025,1384.18,8.608
22,Huesca,1995,447.68,
22,Huesca,1996,480.0,7.219
22,Huesca,1997,489.0,1.875
22,Huesca,1998,520.7,6.483
22,Huesca,1999,594.95,14.26
22,Huesca,2000,636.6,7.001
22,Huesca,2001,731.62,14.926
22,Huesca,2002,822.98,12.487
22,Huesca,2003,932.32,13.286
22,Huesca,2004,1158.22,24.23
22,Huesca,2005,1369.85,18.272
22,Huesca,2006,1536.3,12.151
22,Huesca,2007,1615.22,5.137
22,Huesca,2008,1656.5,2.556
22,Huesca,2009,1497.35,-9.608
22,Huesca,2010,1449.15,-3.219
22,Huesca,2013,1225.65,-15.423
22,Huesca,2014,1162.15,-5.181
22,Huesca,2015,1176.5,1.235
22,Huesca,2016,1127.53,-4.162
22,Huesca,2017,1130.65,0.277
22,Huesca,2018,1132.65,0.177
22,Huesca,2019,1159.8,2.397
22,Huesca,2020,1139.15,-1.78
22,Huesca,2021,1153.38,1.249
22,Huesca,2022,1182.05,2.486
22,Huesca,2023,1178.27,-0.32
22,Huesca,2024,1233.2,4.662
22,Huesca,2025,1334.12,8.184
23,Jaén,1995,383.2,
23,Jaén,1996,383.6,0.104
23,Jaén,1997,392.6,2.346
23,Jaén,1998,404.55,3.044
23,Jaén,1999,439.9,8.738
23,Jaén,2000,486.1,10.502
23,Jaén,2001,537.08,10.488
23,Jaén,2002,597.8,11.306
23,Jaén,2003,670.0,12.078
23,Jaén,2004,769.9,14.91
23,Jaén,2005,892.8,15.963
23,Jaén,2006,1013.58,13.528
23,Jaén,2007,1085.05,7.051
23,Jaén,2008,1112.7,2.548
23,Jaén,2009,1034.88,-6.994
23,Jaén,2010,1049.85,1.447
23,Jaén,2011,1031.32,-1.765
23,Jaén,2012,922.15,-10.585
23,Jaén,2013,856.4,-7.13
23,Jaén,2014,797.7,-6.854
23,Jaén,2015,817.02,2.422
23,Jaén,2016,824.1,0.867
23,Jaén,2017,811.28,-1.556
23,Jaén,2018,809.08,-0.271
23,Jaén,2019,799.18,-1.224
23,Jaén,2020,785.92,-1.659
23,Jaén,2021,777.55,-1.065
23,Jaén,2022,794.02,2.118
23,Jaén,2023,797.05,0.382
23,Jaén,2024,806.85,1.23
23,Jaén,2025,849.02,5.226
24,León,1995,536.1,
24,León,1996,534.9,-0.224
24,León,1997,543.9,1.683
24,León,1998,576.2,5.939
24,León,1999,590.0,2.395
24,León,2000,655.88,11.166
24,León,2001,711.22,8.438
24,León,2002,777.12,9.266
24,León,2003,861.55,10.864
24,León,2004,947.75,10.005
24,León,2005,1034.65,9.169
24,León,2006,1133.4,9.544
24,León,2007,1215.8,7.27
24,León,2008,1201.75,-1.156
24,León,2009,1167.38,-2.86
24,León,2010,1147.65,-1.69
24,León,2011,1115.85,-2.771
24,León,2012,1019.85,-8.603
24,León,2013,947.18,-7.126
24,León,2014,892.95,-5.725
24,León,2015,879.98,-1.452
24,León,2016,902.15,2.519
24,León,2017,880.58,-2.391
24,León,2018,875.47,-0.58
24,León,2019,869.58,-0.673
24,León,2020,860.02,-1.099
24,León,2021,850.58,-1.098
24,León,2022,871.5,2.459
24,León,2023,879.85,0.958
24,León,2024,902.28,2.549
24,León,2025,966.32,7.098
25,Lleida,1995,491.6,
25,Lleida,1996,504.25,2.573
25,Lleida,1997,512.5,1.636
25,Lleida,1998,534.22,4.238
25,Lleida,1999,597.1,11.77
25,Lleida,2000,653.75,9.488
25,Lleida,2001,721.68,10.391
25,Lleida,2002,810.5,12.307
25,Lleida,2003,926.48,14.31
25,Lleida,2004,1062.58,14.69
25,Lleida,2005,1137.7,7.07
25,Lleida,2006,1297.32,14.03
25,Lleida,2007,1405.05,8.304
25,Lleida,2008,1440.6,2.53
25,Lleida,2009,1356.92,-5.809
25,Lleida,2010,1333.08,-1.757
25,Lleida,2011,1256.6,-5.737
25,Lleida,2012,1152.2,-8.308
25,Lleida,2013,1014.45,-11.955
25,Lleida,2014,981.4,-3.258
25,Lleida,2015,1013.9,3.312
25,Lleida,2016,1021.12,0.712
25,Lleida,2017,1026.02,0.48
25,Lleida,2018,1043.7,1.723
25,Lleida,2019,1019.18,-2.349
25,Lleida,2020,988.2,-3.04
25,Lleida,2021,1014.8,2.692
25,Lleida,2022,1053.18,3.782
25,Lleida,2023,1076.3,2.195
25,Lleida,2024,1124.37,4.466
25,Lleida,2025,1190.42,5.874
26,"Rioja, La",1995,603.28,
26,"Rioja, La",1996,614.85,1.918
26,"Rioja, La",1997,617.28,0.395
26,"Rioja, La",1998,620.4,0.505
26,"Rioja, La",1999,708.12,14.139
26,"Rioja, La",2000,795.18,12.295
26,"Rioja, La",2001,921.7,15.911
26,"Rioja, La",2002,1044.38,13.31
26,"Rioja, La",2003,1160.08,11.078
26,"Rioja, La",2004,1256.2,8.286
26,"Rioja, La",2005,1418.9,12.952
26,"Rioja, La",2006,1595.02,12.412
26,"Rioja, La",2007,1600.6,0.35
26,"Rioja, La",2008,1586.85,-0.859
26,"Rioja, La",2009,1540.5,-2.921
26,"Rioja, La",2010,1495.28,-2.935
26,"Rioja, La",2011,1408.15,-5.827
26,"Rioja, La",2012,1327.45,-5.731
26,"Rioja, La",2013,1160.88,-12.548
26,"Rioja, La",2014,1093.22,-5.828
26,"Rioja, La",2015,1104.88,1.067
26,"Rioja, La",2016,1085.25,-1.777
26,"Rioja, La",2017,1081.8,-0.318
26,"Rioja, La",2018,1113.82,2.96
26,"Rioja, La",2019,1099.68,-1.27
26,"Rioja, La",2020,1095.25,-0.403
26,"Rioja, La",2021,1094.65,-0.055
26,"Rioja, La",2022,1139.68,4.114
26,"Rioja, La",2023,1190.25,4.437
26,"Rioja, La",2024,1232.12,3.518
26,"Rioja, La",2025,1334.95,8.346
27,Lugo,1995,450.2,
27,Lugo,1996,471.55,4.742
27,Lugo,1997,473.05,0.318
27,Lugo,1998,478.9,1.237
27,Lugo,1999,513.65,7.256
27,Lugo,2000,539.42,5.017
27,Lugo,2001,560.78,3.96
27,Lugo,2002,597.0,6.459
27,Lugo,2003,635.35,6.424
27,Lugo,2004,742.98,16.94
27,Lugo,2005,832.7,12.076
27,Lugo,2006,1047.22,25.762
27,Lugo,2007,1117.35,6.697
27,Lugo,2008,1127.18,0.88
27,Lugo,2009,1047.45,-7.073
27,Lugo,2010,1053.85,0.611
27,Lugo,2011,1061.97,0.771
27,Lugo,2012,930.12,-12.416
27,Lugo,2013,884.38,-4.918
27,Lugo,2014,814.18,-7.938
27,Lugo,2015,829.4,1.869
27,Lugo,2016,856.62,3.282
27,Lugo,2017,851.22,-0.63
27,Lugo,2018,874.68,2.756
27,Lugo,2019,849.62,-2.865
27,Lugo,2020,850.6,0.115
27,Lugo,2021,875.68,2.949
27,Lugo,2022,895.28,2.238
27,Lugo,2023,938.52,4.83
27,Lugo,2024,977.53,4.157
27,Lugo,2025,1071.92,9.656
28,Madrid,1995,1089.5,
28,Madrid,1996,1080.97,-0.783
28,Madrid,1997,1053.5,-2.541
28,Madrid,1998,1062.68,0.871
28,Madrid,1999,1124.82,5.847
28,Madrid,2000,1251.1,11.227
28,Madrid,2001,1431.05,14.383
28,Madrid,2002,1722.9,20.394
28,Madrid,2003,2065.78,19.901
28,Madrid,2004,2406.7,16.503
28,Madrid,2005,2705.72,12.424
28,Madrid,2006,2911.85,7.618
28,Madrid,2007,3000.88,3.058
28,Madrid,2008,2914.15,-2.89
28,Madrid,2009,2665.48,-8.533
28,Madrid,2010,2529.07,-5.118
28,Madrid,2011,2317.05,-8.383
28,Madrid,2012,2078.6,-10.291
28,Madrid,2013,2022.6,-2.694
28,Madrid,2014,2014.58,-0.397
28,Madrid,2015,2074.93,2.996
28,Madrid,2016,2169.12,4.539
28,Madrid,2017,2289.55,5.552
28,Madrid,2018,2484.35,8.508
28,Madrid,2019,2626.45,5.72
28,Madrid,2020,2602.52,-0.911
28,Madrid,2021,2676.25,2.833
28,Madrid,2022,2876.98,7.5
28,Madrid,2023,3011.25,4.667
28,Madrid,2024,3239.95,7.595
28,Madrid,2025,3685.58,13.754
29,Málaga,1995,502.6,
29,Málaga,1996,518.8,3.223
29,Málaga,1997,541.72,4.418
29,Málaga,1998,574.65,6.079
29,Málaga,1999,652.47,13.542
29,Málaga,2000,776.58,19.022
29,Málaga,2001,932.62,20.093
29,Málaga,2002,1129.3,21.089
29,Málaga,2003,1413.28,25.147
29,Málaga,2004,1822.32,28.943
29,Málaga,2005,1986.62,9.016
29,Málaga,2006,2192.68,10.372
29,Málaga,2007,2282.9,4.115
29,Málaga,2008,2282.55,-0.015
29,Málaga,2009,2017.75,-11.601
29,Málaga,2010,1914.18,-5.133
29,Málaga,2011,1774.15,-7.315
29,Málaga,2012,1618.1,-8.796
29,Málaga,2013,1502.7,-7.132
29,Málaga,2014,1479.62,-1.536
29,Málaga,2015,1503.3,1.6
29,Málaga,2016,1555.85,3.496
29,Málaga,2017,1623.02,4.317
29,Málaga,2018,1728.92,6.525
29,Málaga,2019,1811.02,4.749
29,Málaga,2020,1804.8,-0.343
29,Málaga,2021,1875.57,3.921
29,Málaga,2022,2033.75,8.434
29,Málaga,2023,2210.57,8.694
29,Málaga,2024,2422.6,9.592
29,Málaga,2025,2763.75,14.082
30,Murcia,1995,426.25,
30,Murcia,1996,429.98,0.875
30,Murcia,1997,443.95,3.249
30,Murcia,1998,475.9,7.197
30,Murcia,1999,509.78,7.119
30,Murcia,2000,573.4,12.48
30,Murcia,2001,664.38,15.867
30,Murcia,2002,776.45,16.868
30,Murcia,2003,914.58,17.79
30,Murcia,2004,1153.92,26.169
30,Murcia,2005,1326.22,14.932
30,Murcia,2006,1449.18,9.271
30,Murcia,2007,1585.48,9.405
30,Murcia,2008,1582.48,-0.189
30,Murcia,2009,1395.95,-11.787
30,Murcia,2010,1354.18,-2.992
30,Murcia,2011,1247.42,-7.884
30,Murcia,2012,1136.55,-8.888
30,Murcia,2013,1043.35,-8.2
30,Murcia,2014,996.6,-4.481
30,Murcia,2015,988.32,-0.831
30,Murcia,2016,981.95,-0.645
30,Murcia,2017,975.78,-0.628
30,Murcia,2018,979.08,0.338
30,Murcia,2019,990.95,1.212
30,Murcia,2020,966.55,-2.462
30,Murcia,2021,998.5,3.306
30,Murcia,2022,1029.35,3.09
30,Murcia,2023,1057.4,2.725
30,Murcia,2024,1106.88,4.679
30,Murcia,2025,1209.65,9.285
31,Navarra,1995,736.6,
31,Navarra,1996,746.95,1.405
31,Navarra,1997,787.92,5.485
31,Navarra,1998,811.65,3.012
31,Navarra,1999,875.22,7.832
31,Navarra,2000,1013.78,15.831
31,Navarra,2001,1127.47,11.214
31,Navarra,2002,1215.92,7.845
31,Navarra,2003,1313.55,8.029
31,Navarra,2004,1410.8,7.404
31,Navarra,2005,1556.05,10.296
31,Navarra,2006,1663.5,6.905
31,Navarra,2007,1705.22,2.508
31,Navarra,2008,1748.48,2.537
31,Navarra,2009,1635.72,-6.449
31,Navarra,2010,1547.28,-5.407
31,Navarra,2011,1446.35,-6.523
31,Navarra,2012,1379.12,-4.648
31,Navarra,2013,1396.0,1.224
31,Navarra,2014,1320.68,-5.395
31,Navarra,2015,1328.5,0.592
31,Navarra,2016,1318.2,-0.775
31,Navarra,2017,1339.35,1.604
31,Navarra,2018,1363.12,1.775
31,Navarra,2019,1434.2,5.215
31,Navarra,2020,1408.7,-1.778
31,Navarra,2021,1428.68,1.418
31,Navarra,2022,1519.8,6.378
31,Navarra,2023,1579.0,3.895
31,Navarra,2024,1654.62,4.789
31,Navarra,2025,1789.88,8.175
32,Ourense,1995,584.92,
32,Ourense,1996,579.42,-0.94
32,Ourense,1997,611.95,5.614
32,Ourense,1998,639.95,4.576
32,Ourense,1999,657.9,2.805
32,Ourense,2000,706.25,7.349
32,Ourense,2001,753.38,6.673
32,Ourense,2002,807.02,7.12
32,Ourense,2003,835.02,3.47
32,Ourense,2004,869.95,4.183
32,Ourense,2005,945.4,8.673
32,Ourense,2006,1054.22,11.51
32,Ourense,2007,1107.1,5.016
32,Ourense,2008,1150.08,3.882
32,Ourense,2009,1097.15,-4.602
32,Ourense,2010,1167.2,6.385
32,Ourense,2011,1118.88,-4.14
32,Ourense,2013,976.0,-12.77
32,Ourense,2014,949.35,-2.731
32,Ourense,2015,961.85,1.317
32,Ourense,2016,949.28,-1.307
32,Ourense,2017,938.58,-1.127
32,Ourense,2018,937.65,-0.099
32,Ourense,2019,950.55,1.376
32,Ourense,2020,923.8,-2.814
32,Ourense,2021,896.8,-2.923
32,Ourense,2022,928.05,3.485
32,Ourense,2023,947.55,2.101
32,Ourense,2024,955.15,0.802
32,Ourense,2025,1019.75,6.763
33,Asturias,1995,643.33,
33,Asturias,1996,668.98,3.987
33,Asturias,1997,682.52,2.024
33,Asturias,1998,712.08,4.331
33,Asturias,1999,773.65,8.647
33,Asturias,2000,855.52,10.582
33,Asturias,2001,940.65,9.951
33,Asturias,2002,1046.38,11.24
33,Asturias,2003,1161.38,10.99
33,Asturias,2004,1313.0,13.055
33,Asturias,2005,1461.35,11.299
33,Asturias,2006,1604.62,9.804
33,Asturias,2007,1722.92,7.372
33,Asturias,2008,1769.8,2.721
33,Asturias,2009,1615.95,-8.693
33,Asturias,2010,1634.88,1.171
33,Asturias,2011,1588.75,-2.822
33,Asturias,2012,1503.15,-5.388
33,Asturias,2013,1372.95,-8.662
33,Asturias,2014,1309.92,-4.591
33,Asturias,2015,1270.55,-3.006
33,Asturias,2016,1275.35,0.378
33,Asturias,2017,1275.38,0.002
33,Asturias,2018,1271.97,-0.267
33,Asturias,2019,1279.22,0.57
33,Asturias,2020,1264.05,-1.186
33,Asturias,2021,1285.82,1.722
33,Asturias,2022,1305.52,1.532
33,Asturias,2023,1352.0,3.56
33,Asturias,2024,1418.02,4.883
33,Asturias,2025,1600.75,12.886
34,Palencia,1995,545.38,
34,Palencia,1996,551.33,1.091
34,Palencia,1997,568.6,3.132
34,Palencia,1998,596.25,4.863
34,Palencia,1999,632.55,6.088
34,Palencia,2000,699.28,10.549
34,Palencia,2001,750.88,7.379
34,Palencia,2002,847.45,12.861
34,Palencia,2003,893.12,5.389
34,Palencia,2004,949.45,6.307
34,Palencia,2005,1029.05,8.384
34,Palencia,2006,1185.6,15.213
34,Palencia,2007,1269.08,7.041
34,Palencia,2008,1275.75,0.526
34,Palencia,2009,1211.8,-5.013
34,Palencia,2010,1195.95,-1.308
34,Palencia,2011,1186.92,-0.755
34,Palencia,2013,1051.97,-11.37
34,Palencia,2014,1017.05,-3.319
34,Palencia,2015,1047.03,2.948
34,Palencia,2016,1027.4,-1.875
34,Palencia,2017,1004.8,-2.2
34,Palencia,2018,994.75,-1.0
34,Palencia,2019,970.05,-2.483
34,Palencia,2020,943.12,-2.776
34,Palencia,2021,906.85,-3.846
34,Palencia,2022,924.85,1.985
34,Palencia,2023,947.65,2.465
34,Palencia,2024,945.78,-0.197
34,Palencia,2025,991.1,4.792
35,"Palmas, Las",1995,600.75,
35,"Palmas, Las",1996,629.62,4.806
35,"Palmas, Las",1997,692.02,9.911
35,"Palmas, Las",1998,760.55,9.903
35,"Palmas, Las",1999,880.35,15.752
35,"Palmas, Las",2000,1008.95,14.608
35,"Palmas, Las",2001,1141.8,13.167
35,"Palmas, Las",2002,1236.92,8.331
35,"Palmas, Las",2003,1342.82,8.562
35,"Palmas, Las",2004,1443.75,7.516
35,"Palmas, Las",2005,1587.85,9.981
35,"Palmas, Las",2006,1734.38,9.228
35,"Palmas, Las",2007,1846.08,6.44
35,"Palmas, Las",2008,1862.58,0.894
35,"Palmas, Las",2009,1727.32,-7.262
35,"Palmas, Las",2010,1617.05,-6.384
35,"Palmas, Las",2011,1496.7,-7.443
35,"Palmas, Las",2012,1340.12,-10.462
35,"Palmas, Las",2013,1322.82,-1.291
35,"Palmas, Las",2014,1325.38,0.194
35,"Palmas, Las",2015,1363.95,2.91
35,"Palmas, Las",2016,1429.52,4.807
35,"Palmas, Las",2017,1499.58,4.901
35,"Palmas, Las",2018,1562.45,4.193
35,"Palmas, Las",2019,1609.08,2.984
35,"Palmas, Las",2020,1584.78,-1.51
35,"Palmas, Las",2021,1615.62,1.946
35,"Palmas, Las",2022,1694.58,4.887
35,"Palmas, Las",2023,1767.0,4.274
35,"Palmas, Las",2024,1858.02,5.151
35,"Palmas, Las",2025,2048.65,10.26
36,Pontevedra,1995,587.65,
36,Pontevedra,1996,573.9,-2.34
36,Pontevedra,1997,600.12,4.569
36,Pontevedra,1998,624.48,4.059
36,Pontevedra,1999,665.02,6.492
36,Pontevedra,2000,730.9,9.906
36,Pontevedra,2001,807.65,10.501
36,Pontevedra,2002,913.15,13.063
36,Pontevedra,2003,1006.15,10.185
36,Pontevedra,2004,1144.05,13.706
36,Pontevedra,2005,1347.45,17.779
36,Pontevedra,2006,1556.62,15.523
36,Pontevedra,2007,1688.95,8.501
36,Pontevedra,2008,1705.38,0.973
36,Pontevedra,2009,1644.35,-3.579
36,Pontevedra,2010,1590.68,-3.264
36,Pontevedra,2011,1482.15,-6.823
36,Pontevedra,2012,1293.18,-12.75
36,Pontevedra,2013,1268.9,-1.878
36,Pontevedra,2014,1245.75,-1.824
36,Pontevedra,2015,1216.82,-2.322
36,Pontevedra,2016,1229.4,1.034
36,Pontevedra,2017,1229.0,-0.033
36,Pontevedra,2018,1238.88,0.804
36,Pontevedra,2019,1262.42,1.9
36,Pontevedra,2020,1262.25,-0.013
36,Pontevedra,2021,1284.65,1.775
36,Pontevedra,2022,1351.08,5.171
36,Pontevedra,2023,1396.02,3.326
36,Pontevedra,2024,1486.6,6.488
36,Pontevedra,2025,1636.8,10.104
37,Salamanca,1995,639.78,
37,Salamanca,1996,626.5,-2.076
37,Salamanca,1997,674.72,7.697
37,Salamanca,1998,696.65,3.25
37,Salamanca,1999,740.25,6.259
37,Salamanca,2000,813.1,9.841
37,Salamanca,2001,888.98,9.332
37,Salamanca,2002,936.2,5.312
37,Salamanca,2003,1042.68,11.374
37,Salamanca,2004,1225.68,17.551
37,Salamanca,2005,1383.95,12.913
37,Salamanca,2006,1500.55,8.425
37,Salamanca,2007,1583.08,5.5
37,Salamanca,2008,1588.58,0.347
37,Salamanca,2009,1469.32,-7.507
37,Salamanca,2010,1440.75,-1.944
37,Salamanca,2011,1400.55,-2.79
37,Salamanca,2012,1305.3,-6.801
37,Salamanca,2013,1226.85,-6.01
37,Salamanca,2014,1183.75,-3.513
37,Salamanca,2015,1206.12,1.89
37,Salamanca,2016,1203.4,-0.226
37,Salamanca,2017,1194.75,-0.719
37,Salamanca,2018,1170.02,-2.07
37,Salamanca,2019,1183.72,1.171
37,Salamanca,2020,1185.5,0.15
37,Salamanca,2021,1162.62,-1.93
37,Salamanca,2022,1192.8,2.596
37,Salamanca,2023,1199.03,0.522
37,Salamanca,2024,1217.55,1.545
37,Salamanca,2025,1334.08,9.571
38,Santa Cruz de Tenerife,1995,584.88,
38,Santa Cruz de Tenerife,1996,606.0,3.611
38,Santa Cruz de Tenerife,1997,646.78,6.729
38,Santa Cruz de Tenerife,1998,706.82,9.283
38,Santa Cruz de Tenerife,1999,791.02,11.913
38,Santa Cruz de Tenerife,2000,909.98,15.039
38,Santa Cruz de Tenerife,2001,1013.78,11.407
38,Santa Cruz de Tenerife,2002,1101.75,8.677
38,Santa Cruz de Tenerife,2003,1227.47,11.411
38,Santa Cruz de Tenerife,2004,1370.95,11.689
38,Santa Cruz de Tenerife,2005,1539.1,12.265
38,Santa Cruz de Tenerife,2006,1646.1,6.952
38,Santa Cruz de Tenerife,2007,1729.78,5.084
38,Santa Cruz de Tenerife,2008,1712.58,-0.994
38,Santa Cruz de Tenerife,2009,1586.45,-7.365
38,Santa Cruz de Tenerife,2010,1510.8,-4.769
38,Santa Cruz de Tenerife,2011,1484.28,-1.755
38,Santa Cruz de Tenerife,2012,1374.48,-7.398
38,Santa Cruz de Tenerife,2013,1232.68,-10.317
38,Santa Cruz de Tenerife,2014,1220.18,-1.014
38,Santa Cruz de Tenerife,2015,1261.95,3.423
38,Santa Cruz de Tenerife,2016,1274.95,1.03
38,Santa Cruz de Tenerife,2017,1317.75,3.357
38,Santa Cruz de Tenerife,2018,1371.78,4.1
38,Santa Cruz de Tenerife,2019,1429.82,4.231
38,Santa Cruz de Tenerife,2020,1427.52,-0.161
38,Santa Cruz de Tenerife,2021,1452.6,1.757
38,Santa Cruz de Tenerife,2022,1515.68,4.343
38,Santa Cruz de Tenerife,2023,1654.92,9.187
38,Santa Cruz de Tenerife,2024,1806.4,9.153
38,Santa Cruz de Tenerife,2025,2040.1,12.937
39,Cantabria,1995,737.82,
39,Cantabria,1996,745.52,1.044
39,Cantabria,1997,764.18,2.503
39,Cantabria,1998,771.47,0.954
39,Cantabria,1999,821.78,6.521
39,Cantabria,2000,920.82,12.052
39,Cantabria,2001,1080.7,17.363
39,Cantabria,2002,1226.4,13.482
39,Cantabria,2003,1363.98,11.218
39,Cantabria,2004,1512.52,10.89
39,Cantabria,2005,1686.7,11.516
39,Cantabria,2006,1906.58,13.036
39,Cantabria,2007,2039.25,6.959
39,Cantabria,2008,2024.25,-0.736
39,Cantabria,2009,1832.15,-9.49
39,Cantabria,2010,1855.5,1.274
39,Cantabria,2011,1782.58,-3.93
39,Cantabria,2012,1716.55,-3.704
39,Cantabria,2013,1538.72,-10.36
39,Cantabria,2014,1496.72,-2.73
39,Cantabria,2015,1477.9,-1.257
39,Cantabria,2016,1465.52,-0.838
39,Cantabria,2017,1478.62,0.894
39,Cantabria,2018,1448.72,-2.022
39,Cantabria,2019,1465.92,1.187
39,Cantabria,2020,1437.4,-1.946
39,Cantabria,2021,1464.4,1.878
39,Cantabria,2022,1511.15,3.192
39,Cantabria,2023,1547.1,2.379
39,Cantabria,2024,1654.68,6.954
39,Cantabria,2025,1885.57,13.954
40,Segovia,1995,633.98,
40,Segovia,1996,653.58,3.092
40,Segovia,1997,649.75,-0.586
40,Segovia,1998,686.38,5.638
40,Segovia,1999,708.6,3.237
40,Segovia,2000,743.35,4.904
40,Segovia,2001,831.78,11.896
40,Segovia,2002,935.35,12.452
40,Segovia,2003,1061.12,13.446
40,Segovia,2004,1244.45,17.277
40,Segovia,2005,1361.1,9.374
40,Segovia,2006,1488.85,9.386
40,Segovia,2007,1585.4,6.485
40,Segovia,2008,1580.82,-0.289
40,Segovia,2009,1459.22,-7.692
40,Segovia,2010,1412.85,-3.178
40,Segovia,2011,1319.55,-6.604
40,Segovia,2013,1108.88,-15.965
40,Segovia,2014,1055.97,-4.771
40,Segovia,2015,1014.7,-3.908
40,Segovia,2016,980.7,-3.351
40,Segovia,2017,978.28,-0.247
40,Segovia,2018,980.5,0.227
40,Segovia,2019,975.58,-0.502
40,Segovia,2020,973.68,-0.195
40,Segovia,2021,977.95,0.439
40,Segovia,2022,1042.03,6.552
40,Segovia,2023,1110.35,6.556
40,Segovia,2024,1164.65,4.89
40,Segovia,2025,1316.38,13.028
41,Sevilla,1995,502.8,
41,Sevilla,1996,501.08,-0.342
41,Sevilla,1997,510.08,1.796
41,Sevilla,1998,534.3,4.748
41,Sevilla,1999,573.08,7.258
41,Sevilla,2000,641.22,11.89
41,Sevilla,2001,748.85,16.785
41,Sevilla,2002,869.98,16.175
41,Sevilla,2003,1021.2,17.382
41,Sevilla,2004,1281.78,25.517
41,Sevilla,2005,1453.88,13.427
41,Sevilla,2006,1600.48,10.083
41,Sevilla,2007,1708.12,6.725
41,Sevilla,2008,1777.32,4.051
41,Sevilla,2009,1710.28,-3.772
41,Sevilla,2010,1647.88,-3.649
41,Sevilla,2011,1576.4,-4.338
41,Sevilla,2012,1413.92,-10.307
41,Sevilla,2013,1296.0,-8.34
41,Sevilla,2014,1257.55,-2.967
41,Sevilla,2015,1271.35,1.097
41,Sevilla,2016,1230.22,-3.235
41,Sevilla,2017,1253.38,1.883
41,Sevilla,2018,1266.62,1.056
41,Sevilla,2019,1312.4,3.614
41,Sevilla,2020,1316.05,0.278
41,Sevilla,2021,1340.02,1.821
41,Sevilla,2022,1398.55,4.368
41,Sevilla,2023,1493.25,6.771
41,Sevilla,2024,1562.02,4.605
41,Sevilla,2025,1698.15,8.715
42,Soria,1995,718.08,
42,Soria,1996,707.78,-1.434
42,Soria,1997,697.78,-1.413
42,Soria,1998,755.68,8.298
42,Soria,1999,753.62,-0.273
42,Soria,2000,820.35,8.855
42,Soria,2001,887.38,8.171
42,Soria,2002,958.2,7.981
42,Soria,2003,1011.38,5.55
42,Soria,2004,1104.0,9.158
42,Soria,2005,1203.47,9.01
42,Soria,2006,1335.0,10.929
42,Soria,2007,1357.9,1.715
42,Soria,2008,1360.28,0.175
42,Soria,2009,1330.25,-2.208
42,Soria,2010,1357.5,2.048
42,Soria,2011,1347.22,-0.757
42,Soria,2013,1122.28,-16.697
42,Soria,2014,1079.62,-3.801
42,Soria,2015,1073.53,-0.564
42,Soria,2016,1057.38,-1.504
42,Soria,2017,1027.82,-2.796
42,Soria,2018,1019.47,-0.812
42,Soria,2019,972.75,-4.583
42,Soria,2020,929.1,-4.487
42,Soria,2021,897.28,-3.425
42,Soria,2022,915.65,2.047
42,Soria,2023,929.88,1.554
42,Soria,2024,962.0,3.454
42,Soria,2025,1039.3,8.035
43,Tarragona,1995,497.5,
43,Tarragona,1996,506.72,1.853
43,Tarragona,1997,507.15,0.085
43,Tarragona,1998,539.48,6.375
43,Tarragona,1999,607.3,12.571
43,Tarragona,2000,688.25,13.329
43,Tarragona,2001,783.42,13.828
43,Tarragona,2002,928.3,18.493
43,Tarragona,2003,1124.05,21.087
43,Tarragona,2004,1423.88,26.674
43,Tarragona,2005,1602.32,12.532
43,Tarragona,2006,1740.48,8.622
43,Tarragona,2007,1877.42,7.868
43,Tarragona,2008,1941.4,3.408
43,Tarragona,2009,1793.02,-7.643
43,Tarragona,2010,1743.32,-2.772
43,Tarragona,2011,1641.35,-5.849
43,Tarragona,2012,1448.65,-11.74
43,Tarragona,2013,1284.05,-11.362
43,Tarragona,2014,1233.8,-3.913
43,Tarragona,2015,1228.32,-0.444
43,Tarragona,2016,1232.25,0.32
43,Tarragona,2017,1246.65,1.169
43,Tarragona,2018,1261.6,1.199
43,Tarragona,2019,1281.75,1.597
43,Tarragona,2020,1252.62,-2.273
43,Tarragona,2021,1310.55,4.625
43,Tarragona,2022,1372.42,4.721
43,Tarragona,2023,1400.88,2.074
43,Tarragona,2024,1490.18,6.375
43,Tarragona,2025,1641.95,10.185
44,Teruel,1995,448.22,
44,Teruel,1996,450.62,0.535
44,Teruel,1997,477.05,5.865
44,Teruel,1998,480.75,0.776
44,Teruel,1999,515.48,7.224
44,Teruel,2000,588.35,14.136
44,Teruel,2001,633.28,7.637
44,Teruel,2002,691.58,9.206
44,Teruel,2003,753.55,8.961
44,Teruel,2004,797.4,5.819
44,Teruel,2005,864.05,8.358
44,Teruel,2006,958.78,10.963
44,Teruel,2007,1003.22,4.635
44,Teruel,2008,1057.5,5.411
44,Teruel,2009,1015.85,-3.939
44,Teruel,2010,993.42,-2.208
44,Teruel,2013,837.0,-15.746
44,Teruel,2014,802.72,-4.096
44,Teruel,2015,799.92,-0.349
44,Teruel,2016,797.78,-0.268
44,Teruel,2017,794.15,-0.455
44,Teruel,2018,800.82,0.84
44,Teruel,2019,776.15,-3.081
44,Teruel,2020,757.55,-2.396
44,Teruel,2021,760.15,0.343
44,Teruel,2022,774.32,1.864
44,Teruel,2023,790.58,2.1
44,Teruel,2024,864.45,9.344
44,Teruel,2025,931.38,7.742
45,Toledo,1995,469.7,
45,Toledo,1996,463.12,-1.401
45,Toledo,1997,471.58,1.827
45,Toledo,1998,481.85,2.178
45,Toledo,1999,498.08,3.368
45,Toledo,2000,550.8,10.585
45,Toledo,2001,615.02,11.659
45,Toledo,2002,722.32,17.447
45,Toledo,2003,876.08,21.287
45,Toledo,2004,1093.12,24.774
45,Toledo,2005,1282.12,17.29
45,Toledo,2006,1396.52,8.923
45,Toledo,2007,1460.2,4.56
45,Toledo,2008,1441.5,-1.281
45,Toledo,2009,1248.5,-13.389
45,Toledo,2010,1212.88,-2.853
45,Toledo,2011,1145.25,-5.576
45,Toledo,2012,1042.38,-8.982
45,Toledo,2013,895.92,-14.051
45,Toledo,2014,817.78,-8.722
45,Toledo,2015,808.45,-1.141
45,Toledo,2016,806.1,-0.291
45,Toledo,2017,799.62,-0.804
45,Toledo,2018,811.5,1.486
45,Toledo,2019,836.55,3.087
45,Toledo,2020,834.53,-0.241
45,Toledo,2021,857.15,2.711
45,Toledo,2022,890.4,3.879
45,Toledo,2023,931.62,4.629
45,Toledo,2024,974.38,4.59
45,Toledo,2025,1091.55,12.025
46,Valencia/València,1995,466.92,
46,Valencia/València,1996,489.45,4.825
46,Valencia/València,1997,508.0,3.79
46,Valencia/València,1998,539.2,6.142
46,Valencia/València,1999,602.55,11.749
46,Valencia/València,2000,671.18,11.39
46,Valencia/València,2001,751.48,11.964
46,Valencia/València,2002,846.65,12.664
46,Valencia/València,2003,962.85,13.725
46,Valencia/València,2004,1097.85,14.021
46,Valencia/València,2005,1298.25,18.254
46,Valencia/València,2006,1461.58,12.581
46,Valencia/València,2007,1556.75,6.511
46,Valencia/València,2008,1624.55,4.355
46,Valencia/València,2009,1522.65,-6.273
46,Valencia/València,2010,1419.92,-6.747
46,Valencia/València,2011,1321.42,-6.937
46,Valencia/València,2012,1165.52,-11.798
46,Valencia/València,2013,1092.32,-6.28
46,Valencia/València,2014,1065.65,-2.442
46,Valencia/València,2015,1071.3,0.53
46,Valencia/València,2016,1099.5,2.632
46,Valencia/València,2017,1089.6,-0.9
46,Valencia/València,2018,1127.45,3.474
46,Valencia/València,2019,1182.18,4.854
46,Valencia/València,2020,1176.9,-0.447
46,Valencia/València,2021,1228.65,4.397
46,Valencia/València,2022,1299.3,5.75
46,Valencia/València,2023,1379.75,6.192
46,Valencia/València,2024,1504.35,9.031
46,Valencia/València,2025,1724.68,14.646
47,Valladolid,1995,670.8,
47,Valladolid,1996,678.68,1.175
47,Valladolid,1997,670.15,-1.257
47,Valladolid,1998,695.45,3.775
47,Valladolid,1999,763.28,9.753
47,Valladolid,2000,840.3,10.091
47,Valladolid,2001,937.92,11.617
47,Valladolid,2002,1012.55,7.957
47,Valladolid,2003,1086.18,7.272
47,Valladolid,2004,1275.85,17.462
47,Valladolid,2005,1461.45,14.547
47,Valladolid,2006,1582.3,8.269
47,Valladolid,2007,1660.65,4.952
47,Valladolid,2008,1652.32,-0.502
47,Valladolid,2009,1543.62,-6.579
47,Valladolid,2010,1513.4,-1.958
47,Valladolid,2011,1387.65,-8.309
47,Valladolid,2012,1311.55,-5.484
47,Valladolid,2013,1212.97,-7.516
47,Valladolid,2014,1162.58,-4.154
47,Valladolid,2015,1150.45,-1.043
47,Valladolid,2016,1159.07,0.749
47,Valladolid,2017,1171.75,1.094
47,Valladolid,2018,1201.6,2.547
47,Valladolid,2019,1239.3,3.137
47,Valladolid,2020,1225.45,-1.118
47,Valladolid,2021,1253.03,2.251
47,Valladolid,2022,1276.82,1.899
47,Valladolid,2023,1286.92,0.791
47,Valladolid,2024,1337.02,3.893
47,Valladolid,2025,1457.8,9.034
48,Bizkaia,1995,900.4,
48,Bizkaia,1996,934.65,3.804
48,Bizkaia,1997,933.4,-0.134
48,Bizkaia,1998,999.42,7.073
48,Bizkaia,1999,1152.85,15.352
48,Bizkaia,2000,1386.98,20.309
48,Bizkaia,2001,1622.95,17.013
48,Bizkaia,2002,1832.0,12.881
48,Bizkaia,2003,2093.62,14.281
48,Bizkaia,2004,2262.32,8.058
48,Bizkaia,2005,2515.38,11.186
48,Bizkaia,2006,2797.78,11.227
48,Bizkaia,2007,3003.68,7.359
48,Bizkaia,2008,3045.6,1.396
48,Bizkaia,2009,2788.08,-8.455
48,Bizkaia,2010,2680.52,-3.858
48,Bizkaia,2011,2579.68,-3.762
48,Bizkaia,2012,2488.3,-3.542
48,Bizkaia,2013,2506.95,0.75
48,Bizkaia,2014,2393.12,-4.541
48,Bizkaia,2015,2362.15,-1.294
48,Bizkaia,2016,2337.93,-1.025
48,Bizkaia,2017,2342.52,0.196
48,Bizkaia,2018,2315.58,-1.15
48,Bizkaia,2019,2358.88,1.87
48,Bizkaia,2020,2325.12,-1.431
48,Bizkaia,2021,2371.35,1.988
48,Bizkaia,2022,2457.35,3.627
48,Bizkaia,2023,2474.72,0.707
48,Bizkaia,2024,2526.57,2.095
48,Bizkaia,2025,2764.18,9.404
49,Zamora,1995,504.25,
49,Zamora,1996,506.35,0.416
49,Zamora,1997,511.52,1.021
49,Zamora,1998,524.02,2.444
49,Zamora,1999,561.48,7.149
49,Zamora,2000,597.78,6.465
49,Zamora,2001,651.75,9.028
49,Zamora,2002,701.72,7.667
49,Zamora,2003,756.1,7.75
49,Zamora,2004,871.8,15.302
49,Zamora,2005,997.25,14.39
49,Zamora,2006,1122.05,12.514
49,Zamora,2007,1198.75,6.836
49,Zamora,2008,1214.85,1.343
49,Zamora,2009,1071.42,-11.806
49,Zamora,2010,1100.3,2.695
49,Zamora,2011,1060.1,-3.654
49,Zamora,2012,986.6,-6.933
49,Zamora,2013,902.62,-8.512
49,Zamora,2014,881.18,-2.375
49,Zamora,2015,856.78,-2.769
49,Zamora,2016,899.02,4.93
49,Zamora,2017,871.18,-3.097
49,Zamora,2018,853.6,-2.018
49,Zamora,2019,839.4,-1.664
49,Zamora,2020,838.02,-0.164
49,Zamora,2021,811.0,-3.224
49,Zamora,2022,792.5,-2.281
49,Zamora,2023,812.25,2.492
49,Zamora,2024,826.42,1.745
49,Zamora,2025,883.95,6.961
50,Zaragoza,1995,627.42,
50,Zaragoza,1996,625.83,-0.253
50,Zaragoza,1997,607.15,-2.985
50,Zaragoza,1998,654.6,7.815
50,Zaragoza,1999,765.72,16.975
50,Zaragoza,2000,902.8,17.902
50,Zaragoza,2001,1023.68,13.389
50,Zaragoza,2002,1178.62,15.136
50,Zaragoza,2003,1305.55,10.769
50,Zaragoza,2004,1514.0,15.966
50,Zaragoza,2005,1732.55,14.435
50,Zaragoza,2006,1987.1,14.692
50,Zaragoza,2007,2084.9,4.922
50,Zaragoza,2008,2059.68,-1.21
50,Zaragoza,2009,1880.93,-8.679
50,Zaragoza,2010,1806.18,-3.974
50,Zaragoza,2011,1641.52,-9.116
50,Zaragoza,2012,1449.65,-11.689
50,Zaragoza,2013,1283.45,-11.465
50,Zaragoza,2014,1221.7,-4.811
50,Zaragoza,2015,1258.03,2.974
50,Zaragoza,2016,1254.15,-0.308
50,Zaragoza,2017,1235.15,-1.515
50,Zaragoza,2018,1265.7,2.473
50,Zaragoza,2019,1314.25,3.836
50,Zaragoza,2020,1289.05,-1.917
50,Zaragoza,2021,1297.58,0.662
50,Zaragoza,2022,1383.32,6.608
50,Zaragoza,2023,1425.28,3.033
50,Zaragoza,2024,1529.8,7.333
50,Zaragoza,2025,1728.7,13.002
51,Ceuta,2004,1311.72,
51,Ceuta,2005,1464.45,11.643
51,Ceuta,2006,1639.08,11.925
51,Ceuta,2007,1798.55,9.729
51,Ceuta,2008,1887.7,4.957
51,Ceuta,2009,1846.05,-2.206
51,Ceuta,2010,1818.38,-1.499
51,Ceuta,2011,1819.18,0.044
51,Ceuta,2012,1777.85,-2.272
51,Ceuta,2013,1735.2,-2.399
51,Ceuta,2014,1778.22,2.479
51,Ceuta,2015,1720.62,-3.239
51,Ceuta,2016,1721.48,0.05
51,Ceuta,2017,1773.15,3.001
51,Ceuta,2018,1729.38,-2.468
51,Ceuta,2019,1744.65,0.883
51,Ceuta,2020,1770.8,1.499
51,Ceuta,2021,1782.38,0.654
51,Ceuta,2022,1841.75,3.331
51,Ceuta,2023,1843.35,0.087
51,Ceuta,2024,1945.0,5.514
51,Ceuta,2025,2085.55,7.226
52,Melilla,2004,1071.15,
52,Melilla,2005,1193.18,11.392
52,Melilla,2006,1358.35,13.843
52,Melilla,2007,1477.32,8.758
52,Melilla,2008,1589.18,7.572
52,Melilla,2009,1600.48,0.711
52,Melilla,2010,1620.1,1.226
52,Melilla,2011,1623.55,0.213
52,Melilla,2012,1623.1,-0.028
52,Melilla,2014,1461.15,-9.978
52,Melilla,2015,1467.6,0.441
52,Melilla,2016,1488.92,1.453
52,Melilla,2017,1551.98,4.235
52,Melilla,2018,1607.12,3.553
52,Melilla,2019,1652.65,2.833
52,Melilla,2020,1653.42,0.047
52,Melilla,2021,1676.42,1.391
52,Melilla,2022,1772.5,5.731
52,Melilla,2023,1836.52,3.612
52,Melilla,2024,1903.28,3.635
52,Melilla,2025,1993.68,4.75
