codigo_provincia,provincia,anio,alquiler_mensual_eur_m2_mediana_vivienda_colectiva,alquiler_mensual_eur_m2_mediana_vivienda_unifamiliar,alquiler_mensual_eur_m2_p25_vivienda_colectiva,alquiler_mensual_eur_m2_p25_vivienda_unifamiliar,alquiler_mensual_eur_m2_p75_vivienda_colectiva,alquiler_mensual_eur_m2_p75_vivienda_unifamiliar,alquiler_mensual_total_eur_mediana_vivienda_colectiva,alquiler_mensual_total_eur_mediana_vivienda_unifamiliar,alquiler_mensual_total_eur_p25_vivienda_colectiva,alquiler_mensual_total_eur_p25_vivienda_unifamiliar,alquiler_mensual_total_eur_p75_vivienda_colectiva,alquiler_mensual_total_eur_p75_vivienda_unifamiliar,observaciones_alquiler_vivienda_colectiva,observaciones_alquiler_vivienda_unifamiliar,superficie_m2_mediana_vivienda_colectiva,superficie_m2_mediana_vivienda_unifamiliar,superficie_m2_p25_vivienda_colectiva,superficie_m2_p25_vivienda_unifamiliar,superficie_m2_p75_vivienda_colectiva,superficie_m2_p75_vivienda_unifamiliar
02,Albacete,2015,4.52741942941693,2.7027027027027,3.1496062992126,1.6304347826087,6.68816021126761,4.55342902711324,400.0,340.45,300.0,210.0,600.0,580.0,6835.0,814.0,99.0,213.0,80.0,147.0,118.0,274.5
02,Albacete,2016,4.7605210561974,2.85714285714286,3.33333333333333,1.74716392512762,7.0694009056078,4.65116279069768,430.0,350.0,314.8125,225.0,650.0,600.0,7439.0,897.0,98.0,202.5,80.0,142.0,117.0,269.0
02,Albacete,2017,4.81927710843374,2.82577353887102,3.45675300647549,1.84648164335664,7.24258781824041,4.90346445326597,440.0,360.555555555556,323.5,250.0,650.0,600.0,8037.0,983.0,97.0,205.0,78.0,143.0,117.0,272.0
02,Albacete,2018,4.94623655913979,2.8735632183908,3.57142857142857,1.91780821917808,7.5,5.07246376811594,450.0,375.0,331.666666666667,250.0,700.0,600.0,8748.0,1084.0,97.0,200.0,78.0,141.0,116.0,268.0
03,Alicante,2015,4.89130434782609,4.76190476190476,3.30459770114943,2.80373831775701,7.40740740740741,7.37010796221323,400.0,500.0,300.0,300.0,600.0,800.0,31848.0,5830.0,91.0,133.0,71.0,88.0,110.0,208.0
03,Alicante,2016,5.12820512820513,5.0,3.47826086956522,3.03030303030303,7.77852222222222,8.05856406673072,420.0,500.0,300.0,330.5475,650.0,825.0,36267.0,6520.0,90.0,131.0,71.0,88.0,110.0,206.0
03,Alicante,2017,5.27777777777778,5.15463917525773,3.60576923076923,3.09888255150739,7.94376251414643,8.01503094606543,430.0,500.0,320.0,346.458333333333,665.0,840.57,39816.0,7138.0,90.0,131.0,70.0,87.0,110.0,206.0
03,Alicante,2018,5.46666666666667,5.37634408602151,3.73831775700935,3.22704714640198,8.24742268041237,8.47457627118644,450.0,534.01647781737,333.333333333333,350.0,700.0,900.0,42970.0,7717.0,90.0,129.0,70.0,87.0,110.0,204.0
04,Almería,2015,4.76190476190476,3.6734693877551,3.39717171717172,2.41796440489433,7.11864406779661,5.69362894616441,380.0,400.0,291.666666666667,300.0,600.0,600.0,8584.0,1735.0,87.0,140.0,71.0,104.0,104.0,197.0
04,Almería,2016,5.0,3.91216690042076,3.59619081951454,2.57935721208917,7.64755342136855,6.30630630630631,400.0,400.001666666667,300.0,300.0,600.0,680.0,9798.0,2013.0,86.0,140.0,70.0,105.0,103.0,198.0
04,Almería,2017,5.06329113924051,3.81154156577885,3.67836701112248,2.56176305446378,7.75193798449612,6.12692445399212,400.0,400.0,300.0,300.0,600.0,650.0,10894.0,2195.0,85.0,141.0,70.0,104.0,103.0,199.0
04,Almería,2018,5.20833333333333,3.90625,3.8135593220339,2.5974025974026,8.0,6.14837398373984,400.0,411.666666666667,300.0,300.0,640.0,699.520876112252,11718.0,2400.0,85.0,139.0,70.0,103.0,102.0,196.0
05,Ávila,2015,4.28571428571429,3.1090268695857,3.03738317757009,1.92307692307692,6.81818181818182,4.936830402264,350.0,347.916666666667,250.0,215.416666666667,550.0,569.041666666667,2808.0,685.0,87.0,157.0,70.0,113.25,102.0,207.0
05,Ávila,2016,4.6,3.40909090909091,3.23076923076923,2.03951367781155,7.2289156626506,5.15630196208846,360.0,370.0,260.0,247.581666666667,600.0,600.0,2996.0,783.0,87.0,160.0,70.0,113.75,102.0,216.5
05,Ávila,2017,4.54545454545455,3.34936487481591,3.2967032967033,2.17391304347826,7.14285714285714,5.4032604032604,362.5,360.0,266.666666666667,250.0,600.0,600.0,3274.0,821.0,86.0,156.5,70.0,112.0,102.0,213.0
05,Ávila,2018,4.75278083363892,3.57142857142857,3.40652656346087,2.30790491984522,7.36842105263158,5.68114685289262,380.0,390.0,280.0,250.0,600.0,623.333333333333,3571.0,874.0,87.0,158.0,71.0,113.0,102.0,214.0
06,Badajoz,2015,4.50533333333333,2.77544351073763,3.19148936170213,1.7156862745098,6.73076923076923,4.51322290031967,380.0,327.606666666667,291.666666666667,215.0,600.0,540.0,7076.0,1573.0,92.0,174.0,76.0,125.0,110.0,252.0
06,Badajoz,2016,4.74576271186441,2.89855072463768,3.34671686746988,1.81979615866899,7.13178294573643,4.76153931339978,400.0,350.0,300.0,230.0,619.688385269122,575.0,7824.0,1678.0,92.0,170.0,75.0,125.0,110.0,246.0
06,Badajoz,2017,4.84848484848485,2.94736842105263,3.45423143350604,1.86567164179104,7.12871287128713,4.66666666666667,400.0,350.0,300.0,233.333333333333,620.0,557.0,8608.0,1844.0,92.0,167.0,75.0,125.0,110.0,244.0
06,Badajoz,2018,4.97269005847953,3.01204819277108,3.5,1.94106156056587,7.40740740740741,4.8804306402439,400.0,350.0,300.0,247.0,640.0,580.0,9327.0,1994.0,91.0,165.0,75.0,124.0,110.0,242.0
07,"Balears, Illes",2015,6.77083333333333,4.64285714285714,4.72222222222222,2.81526308223117,9.91130776794494,7.58179689786362,540.0,550.0,400.0,375.0,791.666666666667,900.0,40742.0,11731.0,87.0,171.0,66.0,112.0,108.0,263.0
07,"Balears, Illes",2016,7.06521739130435,4.86486486486487,4.93348348348348,2.94526085509107,10.4166666666667,8.0436891426898,550.0,582.416666666667,416.666666666667,400.0,800.005,1000.0,45172.0,12934.0,86.0,171.0,66.0,112.0,108.0,262.0
07,"Balears, Illes",2017,7.47663551401869,5.20389579539156,5.23809523809524,3.125,11.0655737704918,8.58159829495774,595.833333333333,600.0,450.0,400.0,874.050833333333,1000.0,47500.0,13539.0,85.0,170.0,65.0,111.0,107.0,262.0
07,"Balears, Illes",2018,8.06451612903226,5.50373134328358,5.58943089430894,3.33333333333333,12.0197861132267,9.08883230452675,624.083333333333,640.0,470.833333333333,420.833333333333,935.246805555556,1100.0,49755.0,14156.0,85.0,170.0,65.0,111.0,107.0,265.0
08,Barcelona,2015,8.75,5.59088853276353,6.11111111111111,3.24451121583408,12.4219618055556,8.94318663838812,600.0,700.0,450.0,445.0,900.0,1156.841875,229623.0,27283.0,73.0,182.0,60.0,123.0,91.0,256.0
08,Barcelona,2016,9.05089192708333,5.85106382978723,6.33333333333333,3.43915343915344,12.9496153846154,9.42005813953488,625.0,708.333333333333,459.0,456.0,950.0,1200.0,251048.0,29264.0,73.0,181.0,59.0,122.0,91.0,255.0
08,Barcelona,2017,9.42982456140351,6.10687022900763,6.61764705882353,3.64145658263305,13.56112505256,9.81385281385281,650.0,750.0,485.245,487.5,1000.0,1224.0,263782.0,30352.0,73.0,180.0,59.0,121.0,90.0,255.0
08,Barcelona,2018,10.0,6.34920634920635,6.95252977878616,3.83141762452107,14.4615288461538,10.2739726027397,694.0,780.0,500.0,500.0,1050.0,1299.77666666667,276377.0,31240.0,73.0,180.0,59.0,120.0,90.0,255.0
09,Burgos,2015,5.97014925373134,3.74067164179104,4.35964285714286,2.12493599590374,9.18367346938775,5.92484698681733,450.0,442.616635802469,348.333333333333,299.753694581281,723.598333333333,700.0,8055.0,697.0,81.0,167.0,67.0,120.0,101.0,217.0
09,Burgos,2016,6.12244897959184,3.87819888887175,4.52432266009852,2.38095238095238,9.43396226415094,6.08554108666367,464.899244332494,450.0,350.0,300.0,760.0,740.535833333333,8817.0,743.0,81.0,165.0,67.0,119.0,101.0,223.25
09,Burgos,2017,6.25,3.94736842105263,4.6875,2.52584569431757,9.55555555555556,6.12870915237261,475.0,466.666666666667,363.333333333333,321.875,774.44,758.0,9204.0,814.0,81.0,165.0,67.0,123.0,101.0,226.0
09,Burgos,2018,6.46849647266314,3.94736842105263,4.85744047619048,2.53968253968254,10.0,6.29370629370629,497.451666666667,483.333333333333,377.067708333333,325.0,800.0,800.0,9901.0,856.0,80.0,165.0,66.0,122.0,100.0,225.0
10,Cáceres,2015,4.16666666666667,2.7027027027027,2.90931303778526,1.61427676040985,6.32183908045977,4.16666666666667,375.0,320.0,272.022195512821,200.0,591.435185185185,500.0,4961.0,1066.0,97.0,176.0,77.0,130.0,117.0,232.0
10,Cáceres,2016,4.29520222045995,2.95419771485345,3.07692307692308,1.74136722731906,6.52176630434783,4.46163617886179,390.0,350.0,291.666666666667,210.0,600.0,550.0,5545.0,1211.0,97.0,177.0,77.25,129.0,116.0,230.25
10,Cáceres,2017,4.34782608695652,2.95918367346939,3.125,1.75682261208577,6.53846153846154,4.52031893004115,390.0,350.0,300.0,208.333333333333,600.0,550.0,5988.0,1342.0,96.0,171.0,77.0,126.0,115.0,228.0
10,Cáceres,2018,4.44949536503757,2.99145299145299,3.24074074074074,1.80322468362298,6.72453191803037,4.60654288240495,400.0,350.0,300.0,225.0,600.0,550.0,6473.0,1450.0,96.0,171.0,77.0,128.5,115.0,228.0
11,Cádiz,2015,6.02409638554217,5.21739130434783,4.28571428571429,3.22051397205589,9.16666666666667,8.97435897435897,453.883617963314,600.0,347.833333333333,375.0,700.0,1110.61,13412.0,4792.0,81.0,141.0,66.0,104.0,99.0,215.0
11,Cádiz,2016,6.35792138895587,5.6390977443609,4.44444444444444,3.6231884057971,9.61538461538462,9.73597359735974,483.333333333333,666.666666666667,350.0,400.0,754.805332969432,1200.0,15071.0,5300.0,81.0,140.0,66.0,103.0,99.0,215.0
11,Cádiz,2017,6.39251207729469,5.69105691056911,4.5343137254902,3.59442452304693,9.63333333333333,9.83672659968271,483.333333333333,650.0,350.0,400.0,750.0,1201.75,16596.0,5571.0,80.0,139.0,65.0,103.0,98.0,210.0
11,Cádiz,2018,6.57894736842105,5.80357142857143,4.69483568075117,3.72340425531915,10.0,10.0,500.0,656.666666666667,362.5,400.0,780.0,1200.0,17723.0,5776.0,80.0,136.0,65.0,101.0,98.0,208.0
12,Castellón/Castelló,2015,3.81176470588235,3.44827586206897,2.7027027027027,2.08668890146964,5.8252427184466,5.51084503302466,330.0,360.0,250.0,250.0,500.0,600.0,13238.0,2234.0,94.0,158.0,75.0,112.0,112.0,213.0
12,Castellón/Castelló,2016,3.94736842105263,3.50877192982456,2.8169014084507,2.14592274678112,6.02693860078278,5.80290712468193,350.0,395.833333333333,250.0,250.0,500.005416666667,600.0,14687.0,2484.0,94.0,158.0,75.0,113.0,112.0,213.0
12,Castellón/Castelló,2017,4.0983606557377,3.68773946360153,2.94117647058824,2.29885057471264,6.27906976744186,6.13797204876598,350.0,400.0,270.0,250.0,540.0,650.0,15836.0,2650.0,93.0,154.0,74.0,112.0,111.0,210.0
12,Castellón/Castelló,2018,4.28607066732251,3.81401669274909,3.04347826086956,2.40780651340996,6.55737704918033,6.36363636363636,360.0,400.0,280.0,260.0,565.0,686.833370837084,17117.0,2845.0,93.0,156.0,74.0,112.0,111.0,209.0
13,Ciudad Real,2015,4.58333333333333,2.69230769230769,3.2520325203252,1.68067226890756,6.96517412935323,4.22535211267606,350.0,350.0,272.083333333333,230.02300230023,558.333333333333,540.0,4656.0,1148.0,86.0,176.0,68.0,131.0,105.0,240.0
13,Ciudad Real,2016,4.73333860759494,2.69230769230769,3.40909090909091,1.68067226890756,7.2463768115942,4.54545454545455,365.0,341.666666666667,275.0,225.0,600.0,550.0,5313.0,1312.0,85.0,175.0,68.0,129.0,105.0,243.0
13,Ciudad Real,2017,4.6875,2.77777777777778,3.39805825242718,1.74857123870282,7.05882352941176,4.5868897234551,360.0,350.0,280.0,240.0,573.75,551.65,5950.0,1457.0,85.0,174.0,68.0,129.0,104.0,238.75
13,Ciudad Real,2018,4.7787610619469,3.04347826086956,3.48837209302326,1.91330027765804,7.31707317073171,4.85109223300971,366.666666666667,380.0,290.0,250.0,600.0,600.0,6528.0,1591.0,85.0,173.0,68.0,131.0,105.0,239.0
14,Córdoba,2015,5.72309195799592,3.36958256029685,3.94736842105263,2.0009291023442,8.48736061055756,5.5809620596206,450.0,423.726851851852,326.666666666667,266.666666666667,700.0,756.200329896907,8179.0,1001.0,85.0,162.5,67.0,119.0,103.0,253.75
14,Córdoba,2016,6.03448275862069,3.57142857142857,4.11522633744856,2.1551724137931,8.88251366120219,5.84795321637427,468.333333333333,476.32270597646,350.0,300.0,730.0,800.0,9088.0,1128.0,84.0,163.0,67.0,118.0,103.0,254.0
14,Córdoba,2017,6.04281135531136,3.62903225806452,4.23728813559322,2.26758535582065,8.91891891891892,5.96999827823692,460.0,470.525416666667,350.0,300.0,720.0,800.0,9801.0,1242.0,83.0,165.0,67.0,116.5,102.0,250.0
14,Córdoba,2018,6.21890547263682,3.72340425531915,4.3010752688172,2.27272727272727,9.24528301886793,6.09365228267667,480.0,475.44,350.0,300.0,760.0,800.0,10584.0,1394.0,83.0,163.0,67.0,119.0,102.0,252.5
15,"Coruña, A",2015,5.26315789473684,3.2051282051282,3.72340425531915,1.85185185185185,8.0,5.26187460275586,400.0,400.0,300.0,250.0,625.0,700.0,33456.0,3114.0,86.0,209.0,70.0,135.0,105.0,288.5
15,"Coruña, A",2016,5.40540540540541,3.33333333333333,3.82978723404255,1.96496086610768,8.23529411764706,5.42329396637935,419.793333333333,416.666666666667,300.0,264.605,650.0,700.0,36355.0,3382.0,86.0,208.0,70.0,135.0,105.0,286.0
15,"Coruña, A",2017,5.53846153846154,3.4375,3.92996002906977,2.02617174136161,8.45070422535211,5.61797752808989,425.0,425.0,316.666666666667,280.0,660.0,730.0,38734.0,3598.0,85.0,207.0,69.0,133.0,104.0,288.0
15,"Coruña, A",2018,5.68181818181818,3.54381443298969,4.05386742917616,2.10526315789474,8.64197530864198,5.81395348837209,438.333333333333,450.0,325.0,295.0,680.0,750.07500750075,41277.0,3886.0,85.0,204.0,69.0,132.0,104.0,287.0
16,Cuenca,2015,4.59016393442623,2.61824324324324,3.25704225352113,1.59478945506016,7.04225352112676,4.16666666666667,400.0,300.0,300.0,200.493333333333,644.117647058824,490.0,2084.0,630.0,104.0,180.0,83.0,124.5,127.0,267.5
16,Cuenca,2016,4.71698113207547,2.80528542061986,3.34120481927711,1.7101334738321,7.3394495412844,4.63600824175824,416.666666666667,300.0025,300.0,225.0,687.5,500.00375,2264.0,677.0,104.0,172.0,83.0,120.25,127.0,269.75
16,Cuenca,2017,4.67619218787443,2.75409954489634,3.38983050847458,1.76716150995432,7.26485354456348,4.56493506493506,408.333333333333,320.0,300.0,225.0,666.666666666667,500.0,2451.0,785.0,104.0,172.0,83.0,120.0,127.0,267.0
16,Cuenca,2018,4.76190476190476,2.83018867924528,3.47826086956522,1.88679245283019,7.5,4.63293650793651,420.0,333.333333333333,320.0,249.375,700.0,550.0,2672.0,807.0,104.0,175.5,84.0,124.75,128.0,271.0
17,Girona,2015,6.0585046728972,4.22818791946309,4.40699807793116,2.43722675174288,8.88888888888889,6.49060658792097,450.0,534.416666666667,350.0,366.666666666667,700.0,850.0,23930.0,9278.0,81.0,187.0,64.0,128.0,99.0,291.0
17,Girona,2016,6.17647058823529,4.41367777680704,4.5286980448455,2.61627906976744,9.15858215893521,6.76841281607775,464.343333333333,550.0,360.0,380.0,704.006666666667,887.5,26350.0,9949.0,80.0,185.0,64.0,127.0,99.0,286.0
17,Girona,2017,6.43939393939394,4.57159391534392,4.72222222222222,2.73984562898672,9.51343396226415,7.04225352112676,490.0,564.775,377.346458333333,400.0,746.482617586912,900.0,28003.0,10243.0,80.0,185.0,63.0,126.75,98.0,286.0
17,Girona,2018,6.73076923076923,4.71294642857143,4.93224910394265,2.86885245901639,9.95670995670996,7.33333333333333,500.0,600.0,400.0,400.0,783.86,942.964166666667,29796.0,10540.0,80.0,184.0,63.0,126.0,98.0,286.0
18,Granada,2015,4.84496124031008,3.73348773374507,3.50467289719626,2.41992923444536,7.40740740740741,5.87284530904834,408.333333333333,450.0,300.0,300.0,625.0,745.78,16003.0,3005.0,90.0,175.0,72.0,132.0,111.0,224.0
18,Granada,2016,5.17241379310345,3.89586748203253,3.7037037037037,2.56709363227823,7.89473684210526,6.25,445.0,475.0,300.0,316.666666666667,666.666666666667,762.291666666667,17765.0,3379.0,89.0,174.0,72.0,130.0,110.0,220.0
18,Granada,2017,5.26315789473684,3.94736842105263,3.81937056737589,2.70042194092827,8.0306012884753,6.32911392405063,445.0,480.0,316.666666666667,333.333333333333,670.0,800.0,19611.0,3736.0,88.0,172.0,71.0,129.0,109.0,219.0
18,Granada,2018,5.49450549450549,4.0983606557377,3.972354590311,2.75229357798165,8.44444444444444,6.60869565217391,457.5,500.0,330.0,343.333333333333,700.0,800.0,20911.0,3980.0,87.0,173.0,71.0,127.0,108.0,219.0
19,Guadalajara,2015,5.72060212418301,4.26448436753738,4.26829268292683,2.84509816312774,8.80560844729098,6.61918342965006,450.0,550.0,350.0,350.0,700.0,825.0,5551.0,1781.0,85.0,171.0,70.0,135.0,102.0,222.75
19,Guadalajara,2016,5.89285714285714,4.46743697478992,4.42677801724138,3.0,9.09090909090909,7.04380467829,450.0,575.0,350.0,365.0,720.0,900.0,6255.0,1987.0,85.0,170.0,70.0,134.0,102.0,222.0
19,Guadalajara,2017,6.07733584131327,4.57372304701308,4.58715596330275,3.2051282051282,9.375,7.3394495412844,450.0,600.0,360.0,400.0,750.0,900.0,6935.0,2161.0,85.0,168.0,70.0,132.0,102.0,218.0
19,Guadalajara,2018,6.32911392405063,4.74683544303797,4.75,3.26086956521739,9.72222222222222,7.58420986395008,480.0,600.0,375.0,400.0,800.0,954.438333333333,7720.0,2378.0,85.0,166.0,70.0,130.0,102.0,216.0
21,Huelva,2015,5.19047619047619,3.68034055727554,3.68421052631579,2.41832968835429,7.69230769230769,6.01515151515152,400.0,400.0,300.0,275.0,620.0,619.0625,3060.0,1203.0,86.0,122.0,69.0,98.0,103.0,176.0
21,Huelva,2016,5.65116279069768,3.88888888888889,3.90243902439024,2.52747252747253,8.29058441558442,6.25,425.0,400.0,325.0,291.666666666667,682.701590909091,685.0,3506.0,1340.0,85.0,122.0,68.0,98.0,102.0,171.0
21,Huelva,2017,5.48780487804878,3.94736842105263,3.9445885841364,2.69499105545617,8.16326530612245,6.20293519485517,412.5,400.0,325.0,300.0,651.66,700.0,4029.0,1470.0,84.0,123.0,68.0,98.0,101.0,177.0
21,Huelva,2018,5.66292134831461,4.04040404040404,4.0915854978355,2.75229357798165,8.57142857142857,6.25,429.166666666667,400.0,341.041666666667,300.0,686.244293429343,700.0,4446.0,1644.0,84.0,120.0,68.0,96.0,101.0,169.0
22,Huesca,2015,5.14285714285714,2.9646017699115,3.56603897731545,1.92,7.59217508417509,4.82456140350877,400.0,333.333333333333,300.0,225.0,600.0,600.0,6090.0,720.0,83.0,190.0,66.0,134.0,106.0,292.0
22,Huesca,2016,5.23310149967398,3.14685314685315,3.65853658536585,2.01310861423221,7.84313725490196,5.00147260273973,400.0,350.0,300.0,250.0,636.5,600.0,6517.0,804.0,83.0,192.0,66.0,132.0,105.0,278.0
22,Huesca,2017,5.35714285714286,3.30578512396694,3.76332138590203,2.11403033586132,7.97831098805013,5.2633004528523,400.0,354.32,312.5,250.0,636.0,600.0,7019.0,874.0,82.0,191.0,66.0,134.0,104.0,278.5
22,Huesca,2018,5.47945205479452,3.5039470333588,3.84615384615385,2.12089794446448,8.22146118721461,5.55224242424243,412.5,390.625,320.0,250.0,660.0,605.6725,7637.0,981.0,82.0,192.0,65.0,136.0,104.0,283.5
23,Jaén,2015,4.21052631578947,2.78749028749029,2.80373831775701,1.63368802805675,6.40297389816003,4.71142234671646,379.166666666667,386.6825,280.0,250.0,600.0,650.0,5530.0,731.0,99.0,186.0,79.0,130.0,118.0,264.0
23,Jaén,2016,4.50450450450451,2.75590551181102,2.94117647058824,1.51909722222222,6.73076923076923,4.77941176470588,400.0,366.666666666667,291.666666666667,240.0,600.041669666967,642.86,5954.0,812.0,99.0,181.0,78.0,127.0,118.0,262.0
23,Jaén,2017,4.48717948717949,3.01032882148678,3.0,1.70649128268991,6.77860696517413,4.92449860074627,400.0,382.415,300.0,250.0,600.0,641.52375,6460.0,905.0,98.0,173.0,78.0,120.0,117.0,252.0
23,Jaén,2018,4.58309523809524,3.05839002267574,3.04428540680155,1.81051337914083,7.04225352112676,5.18262987012987,400.0,400.0,300.0,250.0,630.847708333333,660.0,7011.0,959.0,97.0,174.0,78.0,124.0,117.0,252.25
24,León,2015,4.70588235294118,2.8473302669733,3.25545171339564,1.65637382542737,6.97674418604651,4.61485421591805,390.0,375.0,290.416666666667,232.3375,600.0,614.166666666667,11296.0,1351.0,91.0,211.0,74.0,144.0,111.0,305.25
24,León,2016,4.82758620689655,2.9902917131178,3.33333333333333,1.73611111111111,7.15754239644148,5.03923236906788,400.0,400.0,300.0,240.0,600.0,650.0,12402.0,1487.0,90.0,209.0,74.0,140.0,111.0,300.25
24,León,2017,4.90196078431373,3.13392857142857,3.46153846153846,1.82444762280529,7.24550023375409,5.15257602339181,400.0,400.0,300.0,250.0,600.0,700.0,12910.0,1537.0,90.0,209.0,74.0,138.0,111.0,300.0
24,León,2018,5.04,3.28467153284672,3.57142857142857,1.92307692307692,7.46268656716418,5.41937952990585,400.0,400.0,300.0,250.0,620.0,700.0,13663.0,1614.0,90.0,208.0,74.0,140.0,111.0,294.5
25,Lleida,2015,4.76190476190476,3.10032187192724,3.28947368421053,1.93552191113816,6.95341517857143,4.67468777814864,397.187776777678,380.0,300.0,270.0,560.0,600.0,12291.0,1971.0,88.0,246.0,69.0,171.0,109.0,363.25
25,Lleida,2016,4.86269950986553,3.08476098369715,3.41745780590717,2.0,7.14285714285714,4.7350640113798,400.0,400.0,300.0,280.0,590.0,600.0,13271.0,2133.0,88.0,246.0,69.0,174.0,109.0,358.0
25,Lleida,2017,5.0,3.2258064516129,3.52941176470588,2.03488372093023,7.35294117647059,4.87804878048781,400.0,400.0,300.0,293.4,600.0,620.0,14543.0,2248.0,87.0,246.0,68.0,170.0,108.0,363.0
25,Lleida,2018,5.14705882352941,3.30275229357798,3.64583333333333,2.12804031354983,7.54385964912281,5.08474576271186,400.0,400.0,315.0,300.0,600.0,650.0,15634.0,2410.0,87.0,246.0,68.0,170.0,108.0,362.0
26,"Rioja, La",2015,5.12820512820513,3.5,3.75641025641026,1.94938440492476,7.93785310734463,5.73692375886525,420.0,400.0,300.0,250.0,695.891666666667,700.0,7496.0,382.0,89.0,236.0,75.0,161.5,106.0,326.0
26,"Rioja, La",2016,5.26315789473684,3.52941176470588,3.8961038961039,2.11529884032114,8.16326530612245,6.25,440.0,437.5,321.135833333333,256.507515432099,700.0,750.0,8308.0,439.0,89.0,236.0,75.0,163.75,105.0,321.25
26,"Rioja, La",2017,5.35714285714286,3.68589743589744,3.95101638995317,2.19738594738595,8.23944122266522,6.93134171907757,441.666666666667,450.0,330.0,270.0,700.0,800.0,9023.0,482.0,88.0,239.0,74.0,163.0,105.0,321.0
26,"Rioja, La",2018,5.49450549450549,3.68892973856209,4.06976744186047,2.29222250528369,8.51063829787234,6.62316176470588,450.0,450.0,340.0,290.833333333333,700.166666666667,800.0,9688.0,517.0,88.0,234.5,74.0,154.25,105.0,320.75
27,Lugo,2015,3.84,2.26244343891403,2.57575757575758,1.30475340687865,5.79710144927536,3.77792977656179,350.0,275.0,250.0,176.973140495868,540.0,447.432513497301,6221.0,733.0,101.0,198.0,80.0,138.0,121.0,296.0
27,Lugo,2016,3.94736842105263,2.4375,2.65486725663717,1.47515527950311,6.0,4.0,350.0,300.0,262.5,200.0,550.0,458.333333333333,6797.0,820.0,100.0,196.0,79.0,133.0,120.0,286.0
27,Lugo,2017,4.16666666666667,2.44205388471178,2.77777777777778,1.48023016748571,6.28571428571429,3.98499995934959,360.0,300.0,275.0,200.0,583.333333333333,478.088235294118,7245.0,889.0,99.5,196.0,78.0,132.0,120.0,286.75
27,Lugo,2018,4.22535211267606,2.45934959349593,2.84440500338066,1.39154231424588,6.38297872340426,4.02892857142857,363.0,300.0,280.0,200.0,600.0,500.0,7715.0,982.0,100.0,200.0,78.0,136.0,119.25,287.5
28,Madrid,2015,10.4166666666667,6.59211680338441,7.29166666666667,4.25531914893617,15.3714224084802,10.4166666666667,700.0,850.0,500.0,520.591693663407,1100.0,1500.0,266999.0,16517.0,71.0,189.0,57.0,134.0,91.0,254.0
28,Madrid,2016,10.9149747060432,6.88405797101449,7.59493670886076,4.42477876106195,15.9090909090909,10.8105944088418,733.333333333333,900.0,504.166666666667,550.0,1100.0,1505.375,295511.0,18114.0,71.0,190.0,57.0,134.0,91.0,254.0
28,Madrid,2017,11.1693492781728,7.04225352112676,7.79661016949153,4.59425452680403,16.3265306122449,10.9806397243395,750.0,900.0,530.0,564.720833333333,1150.0,1572.9561163522,319277.0,19195.0,71.0,188.0,56.0,131.0,91.0,253.0
28,Madrid,2018,11.6883116883117,7.32149220162319,8.11594202898551,4.70588235294118,17.1717171717172,11.521646228168,780.0,950.0,550.0,600.0,1200.0,1600.0,341763.0,20173.0,71.0,188.0,56.0,130.0,91.0,252.0
29,Málaga,2015,6.49565217391304,5.35330261136713,4.76190476190476,3.33333333333333,9.89010989010989,8.53658536585366,500.0,600.0,381.87,400.0,800.0,1000.0,29728.0,4665.0,86.0,150.0,67.0,104.0,110.0,223.0
29,Málaga,2016,6.96517412935323,5.74324324324324,5.06329113924051,3.515625,10.6666666666667,9.1743119266055,550.0,641.666666666667,400.0,400.0,840.008333333333,1050.0,33608.0,5168.0,86.0,150.0,67.0,104.0,109.0,220.0
29,Málaga,2017,7.14285714285714,5.92592592592593,5.2565,3.76788379757397,10.958904109589,9.50204918032787,550.0,650.0,400.0,406.180833333333,860.0,1100.0,36616.0,5683.0,85.0,147.0,66.0,102.0,108.0,217.0
29,Málaga,2018,7.67045454545455,6.22677595628415,5.52208835341366,3.89908256880734,11.6264534883721,9.85969387755102,600.0,700.0,425.0,450.0,900.0,1125.0,38966.0,6116.0,85.0,147.0,66.0,102.0,108.0,215.0
30,Murcia,2015,4.36507936507936,3.57142857142857,3.09734513274336,2.41935483870968,6.54761904761905,5.31196120689655,387.5,375.0,291.666666666667,270.0,583.333333333333,584.856259097526,21611.0,5397.0,98.0,136.0,77.0,99.0,117.0,193.0
30,Murcia,2016,4.50707746478873,3.79746835443038,3.19148936170213,2.56907930521812,6.80272108843537,5.66037735849057,400.0,400.0,300.0,287.291666666667,600.0,600.0,24562.0,6115.0,97.0,135.0,77.0,98.0,117.0,191.0
30,Murcia,2017,4.6218487394958,3.81932674199623,3.29444617281809,2.61194029850746,6.91056910569106,5.75014376437644,400.0,400.0,300.0,300.0,600.0,600.0,27001.0,6795.0,97.0,135.0,76.0,98.0,117.0,191.0
30,Murcia,2018,4.79452054794521,3.96942110177404,3.39805825242718,2.69426195478191,7.14285714285714,5.99950194797952,400.0,400.0,300.0,300.0,600.0,600.0600060006,29180.0,7425.0,97.0,135.0,77.0,98.0,117.0,191.0
32,Ourense,2015,4.52674897119342,3.20433628318584,3.125,1.96831692540704,6.97674418604651,5.04909829100179,380.0,340.0,290.0,229.583333333333,600.0,507.721666666667,7548.0,594.0,94.0,167.0,76.0,101.0,110.0,254.0
32,Ourense,2016,4.65470930232558,3.33333333333333,3.19182389937107,2.08333333333333,7.14285714285714,5.26315789473684,400.0,350.0,300.0,233.333333333333,600.0,577.140714071407,8094.0,663.0,93.0,169.0,76.0,102.0,109.0,260.25
32,Ourense,2017,4.73684210526316,3.53238265002971,3.27102803738318,2.20722975053896,7.29166666666667,5.53083804143126,400.0,352.083333333333,300.0,240.0,600.0,600.0,8600.0,731.0,92.0,164.0,75.0,98.0,108.0,254.25
32,Ourense,2018,4.848899958489,3.70873590982287,3.33333333333333,2.27272727272727,7.40148155554074,5.51136363636364,400.0,366.666666666667,300.0,247.5,612.541666666667,600.0,9175.0,767.0,93.0,159.0,75.0,98.0,108.0,256.25
33,Asturias,2015,5.90277777777778,3.75,4.25257731958763,2.10526315789474,8.7719298245614,5.88235294117647,420.0,380.0,320.0,232.5,636.27,650.0,31874.0,2564.0,78.0,154.0,64.0,97.0,93.0,231.0
33,Asturias,2016,6.13811340384949,3.93258426966292,4.43665153572035,2.34375,9.21052631578947,6.25,430.479166666667,400.0,335.0,250.0,680.0,700.0,34909.0,2752.0,78.0,154.0,63.0,96.0,93.0,234.0
33,Asturias,2017,6.2186964337974,4.07785336356765,4.54545454545455,2.44507841614907,9.28571428571429,6.46420539730135,439.620833333333,400.0,348.333333333333,266.5625,683.54,725.0,36915.0,2963.0,77.0,155.0,62.0,96.0,92.0,229.25
33,Asturias,2018,6.33802816901408,4.16666666666667,4.66666666666667,2.50224673202614,9.47368421052632,6.66666666666667,450.0,420.0,350.0,285.713127934272,700.0,750.056255625563,38621.0,2989.0,77.0,153.0,62.0,95.0,92.0,228.0
34,Palencia,2015,4.96213235294118,3.49848484848485,3.43731944444444,1.88238405924881,7.44400715563506,5.3619972260749,400.0,400.0,300.0,245.6025,600.0,600.0,3582.0,419.0,88.0,166.5,70.0,112.0,107.0,237.0
34,Palencia,2016,5.22388059701493,3.63636363636364,3.6874460742019,2.15293821526872,7.97670807453416,5.77906229929351,400.0,420.0,300.0,250.0,650.0,684.493333333333,3947.0,462.0,87.0,167.0,70.0,114.5,107.0,225.0
34,Palencia,2017,5.3030303030303,3.7593984962406,3.80952380952381,2.2,8.07457243460765,6.55737704918033,401.541666666667,450.0,320.0,260.0,653.526666666667,720.0,4094.0,484.0,87.0,168.0,70.0,115.0,106.0,226.0
34,Palencia,2018,5.4368932038835,4.0,3.86926420052557,2.4468085106383,8.41613379242499,6.35656786017585,416.696666666667,450.0,320.833333333333,300.0,689.08962264151,700.0,4310.0,516.0,86.0,160.0,70.0,112.0,105.0,224.0
35,"Palmas, Las",2015,6.07361268576682,5.59322033898305,4.48717948717949,3.35198729170719,9.17636043181317,8.92857142857143,450.0,520.0,350.0,366.666666666667,700.0,821.036036036036,25521.0,7866.0,79.0,112.0,62.0,72.0,97.0,200.5
35,"Palmas, Las",2016,6.37373737373737,5.99483451536643,4.64734162895928,3.71541908573361,9.67741935483871,9.57294832826748,470.0,595.0,350.0,400.0,700.0,900.0,28799.0,8866.0,78.0,112.0,62.0,71.0,97.0,198.0
35,"Palmas, Las",2017,6.59110824742268,6.19469026548673,4.81927710843374,3.77358490566038,9.87654320987654,9.94118242745618,490.0,600.0,365.208333333333,400.0,720.0,900.0,30886.0,9519.0,78.0,112.0,61.0,71.0,97.0,199.0
35,"Palmas, Las",2018,6.90789473684211,6.45161290322581,5.0,3.93564085739283,10.3830390920555,10.3077163386442,500.0,612.54125,390.0,400.0,770.0,1000.0,32283.0,9917.0,78.0,114.0,62.0,72.0,96.0,202.0
36,Pontevedra,2015,5.64516129032258,3.75,3.84615384615385,2.22222222222222,8.68074633699634,5.98665929174404,432.0,416.666666666667,325.0,280.833333333333,670.0,720.0,22555.0,2746.0,89.0,206.0,69.0,129.5,108.0,300.5
36,Pontevedra,2016,5.85106382978723,3.78787878787879,3.93325394038702,2.26027397260274,8.95255063765942,6.17283950617284,450.0,440.0,330.0,296.45,700.0,725.0,24730.0,3076.0,88.0,207.0,68.0,129.0,108.0,302.0
36,Pontevedra,2017,5.9808429118774,3.96087631437562,4.07407407407407,2.43276549512679,9.09090909090909,6.34940476190476,450.0,450.0,340.0,300.0,700.0,750.0,26232.0,3315.0,87.0,205.0,67.0,127.0,107.0,298.0
36,Pontevedra,2018,6.13636363636364,4.0680343378418,4.16666666666667,2.46334564765643,9.34684684684685,6.49350649350649,450.0,450.0,350.0,300.0,700.0,780.0,28268.0,3583.0,87.0,204.0,67.0,127.0,106.0,298.0
37,Salamanca,2015,5.29213483146067,3.23635209479475,3.81083189840723,2.03252032520325,8.19672131147541,4.91745283018868,450.0,400.0,330.0,229.791666666667,700.0,628.069672131148,10138.0,691.0,89.0,184.0,73.0,131.5,105.0,247.25
37,Salamanca,2016,5.48780487804878,3.48837209302326,3.94736842105263,2.04022168307883,8.54440850815851,5.49115518627714,450.0,407.5,345.0,246.666666666667,730.0,687.009166666667,11123.0,758.0,89.0,184.0,72.0,132.0,104.0,247.0
37,Salamanca,2017,5.55555555555556,3.61519607843137,4.02298850574713,2.11992809450437,8.62068965517241,6.06256109481916,450.0,450.0,350.0,250.0,733.333333333333,800.0,11956.0,782.0,89.0,184.0,72.0,130.0,104.0,247.5
37,Salamanca,2018,5.68023255813954,3.59342226219025,4.13546880213547,2.36943164362519,8.89563729246488,5.88235294117647,465.0,450.0,350.0,260.0,760.0,750.0,12450.0,853.0,88.0,184.0,72.0,133.0,104.0,246.0
38,Santa Cruz de Tenerife,2015,6.07407407407407,4.80769230769231,4.41176470588235,2.80701754385965,9.03614457831325,7.54716981132075,437.05,500.0,336.75,350.0,660.0,805.729166666667,24624.0,4057.0,77.0,153.0,61.0,95.0,96.0,240.0
38,Santa Cruz de Tenerife,2016,6.41745933600713,5.0,4.61538461538462,3.01564856711916,9.64997093852518,8.03847692718058,450.0,550.0,350.0,354.166666666667,700.0,880.0,27361.0,4563.0,76.0,152.0,60.0,94.0,95.0,236.25
38,Santa Cruz de Tenerife,2017,6.62430857926141,5.25890625,4.79452054794521,3.24074074074074,9.89583333333333,8.46153846153846,460.0,562.045833333333,350.0,375.0,700.0,900.0,29765.0,4984.0,76.0,149.0,60.0,94.0,95.0,234.0
38,Santa Cruz de Tenerife,2018,7.0,5.37634408602151,5.0,3.33333333333333,10.389107017014,8.75,500.0,600.0,375.0,398.49717689488,750.0,950.0,31809.0,5402.0,76.0,151.0,60.0,94.0,95.0,237.5
39,Cantabria,2015,6.12745098039216,4.46435714285714,4.51612903225807,2.6720477225173,9.05123954343642,7.04016471711626,450.0,500.0,350.0,312.5025,700.0,850.0,13360.0,1581.0,78.0,166.5,65.0,115.0,95.0,226.75
39,Cantabria,2016,6.34615384615385,4.7936170212766,4.70550527903469,3.125,9.57119283356907,7.57474850968703,460.0,550.0,350.0,350.0,740.839166666667,890.708333333333,14874.0,1793.0,78.0,166.0,65.0,113.0,95.0,229.0
39,Cantabria,2017,6.55172413793104,4.8810250152532,4.90196078431373,3.1867816091954,9.80295088332363,7.7536231884058,480.0,550.0,370.6125,370.0,760.0,900.0,15670.0,1888.0,78.0,165.0,65.0,115.0,94.0,227.0
39,Cantabria,2018,6.70731707317073,5.0,5.02026398276031,3.33944244604316,10.0,7.98772831050228,490.0,575.0,380.0,380.0,778.333333333333,916.666666666667,16911.0,2044.0,78.0,165.0,65.0,114.0,94.0,224.0
40,Segovia,2015,5.47945205479452,3.43137254901961,3.84032634032634,2.29321613702952,8.49300087378093,5.27385537013265,450.0,400.0,306.354166666667,280.625,700.0,641.045,3497.0,898.0,86.0,167.0,71.0,124.5,106.0,236.0
40,Segovia,2016,5.67010309278351,3.5014985014985,4.0,2.33090614886731,8.81057692307692,5.5911530330135,450.0,413.25,320.833333333333,300.0,700.0,700.0,3745.0,1013.0,85.0,173.0,70.0,129.0,107.0,236.0
40,Segovia,2017,5.82191780821918,3.58039603960396,4.11764705882353,2.37341772151899,9.02083333333333,5.55555555555556,458.333333333333,430.0,330.0,300.0,730.0,700.0,4016.0,1092.0,85.0,173.0,71.0,129.0,106.0,239.0
40,Segovia,2018,5.97014925373134,3.61842105263158,4.25777108433735,2.42387739608923,9.31792423325262,5.55555555555556,480.0,440.0,349.694166666667,300.0,760.0,700.0,4301.0,1174.0,85.0,175.0,70.0,129.0,106.0,239.0
41,Sevilla,2015,6.79012345679012,4.24107142857143,4.93827160493827,2.83171521035599,10.1138555475073,6.6,508.333333333333,500.0,385.208333333333,350.0,800.0,800.0,23266.0,5352.0,81.0,140.0,64.0,113.0,102.0,191.0
41,Sevilla,2016,7.07964601769912,4.54545454545455,5.12820512820513,3.07835820895522,10.5422665466907,7.25806451612903,550.0,550.0,400.0,368.73920552677,833.333333333333,900.0,26304.0,6088.0,81.0,139.0,64.0,113.0,101.0,189.0
41,Sevilla,2017,7.14962121212121,4.5264240237691,5.23255813953488,3.125,10.7078947368421,7.15337643678161,550.0,550.0,400.0,370.0,847.235,900.0,29028.0,6859.0,80.0,140.0,64.0,113.0,100.0,190.0
41,Sevilla,2018,7.43243243243243,4.67171717171717,5.40554214929215,3.17460317460317,11.1111111111111,7.38970588235294,560.511363636364,550.0,404.166666666667,375.0,885.809375,900.0,31297.0,7480.0,80.0,139.0,64.0,112.0,100.0,189.0
42,Soria,2015,5.58441558441558,3.13036941580756,3.72340425531915,1.70575820324944,8.63333333333333,5.3692084942085,450.0,425.569821189015,305.0,250.0,720.0,700.0,2052.0,207.0,89.0,198.5,73.0,132.0,105.0,284.5
42,Soria,2016,5.64866760168303,3.23741007194245,3.81842948717949,1.70138888888889,8.84198203363914,5.40540540540541,460.0,400.0,312.6875,250.0,744.300625,683.333333333333,2275.0,236.0,88.0,194.0,73.0,133.0,105.0,279.0
42,Soria,2017,5.80501152073733,3.17074468085106,4.0,1.76429865424431,9.09090909090909,5.24935590725065,465.916666666667,401.666666666667,333.562271062271,250.0,760.0,670.0,2329.0,259.0,88.0,199.5,72.0,143.0,105.0,282.0
42,Soria,2018,5.92105263157895,3.20864790665752,4.07084409991387,1.90804703688323,9.3204352861876,5.35119047619048,471.465,400.0,350.0,266.804166666667,780.0,700.0,2445.0,253.0,88.0,193.0,73.0,132.0,105.0,262.75
43,Tarragona,2015,5.43478260869565,4.38262910798122,3.96341463414634,2.73251697971284,8.16326530612245,6.86274509803922,416.666666666667,500.0,314.674166666667,311.833333333333,614.4,800.0,21888.0,4594.0,82.0,165.0,66.0,117.0,99.0,233.0
43,Tarragona,2016,5.625,4.61538461538462,4.10958904109589,2.78989497541978,8.45070422535211,7.31637630662021,425.0,500.0,329.166666666667,325.0,650.0,814.28,24295.0,5141.0,81.0,164.5,66.0,116.0,98.0,232.0
43,Tarragona,2017,5.78512396694215,4.7752808988764,4.25531914893617,2.98368298368298,8.66666666666667,7.63305322128852,450.0,520.0,343.333333333333,338.666666666667,666.666666666667,875.0,26268.0,5324.0,81.0,164.0,65.0,116.0,98.0,232.0
43,Tarragona,2018,6.0,4.8951048951049,4.39418022328549,3.10160185185185,8.98876404494382,7.63888888888889,450.0,538.333333333333,350.0,350.0,700.0,868.607594936709,28490.0,5680.0,80.0,162.0,65.0,114.0,98.0,231.0
44,Teruel,2015,4.32989690721649,2.6246719160105,3.00581701166496,1.52210175145955,6.85144881150514,4.42307692307692,360.0,339.354166666667,256.333333333333,200.0,600.0,540.0,2430.0,540.0,94.0,220.0,76.0,152.0,113.0,329.0
44,Teruel,2016,4.49719101123596,2.54742547425474,3.11891233766234,1.50187969924812,7.14285714285714,4.41153846153846,373.941666666667,315.0,270.0,200.0,600.0,520.001666666667,2681.0,578.0,93.0,213.0,75.0,156.0,112.0,320.5
44,Teruel,2017,4.50704225352113,2.71317829457364,3.21951219512195,1.51021303258145,7.14285714285714,4.35689310689311,370.833333333333,325.0,280.0,201.315,600.0,566.85,2948.0,606.0,92.0,220.0,75.0,160.0,112.0,333.0
44,Teruel,2018,4.77611940298508,2.77610693400167,3.28320518619026,1.70604066985646,7.49603174603175,4.49444980694981,400.0,356.875,290.0,225.0,600.0,600.0,3150.0,637.0,92.0,218.0,74.0,159.0,112.0,330.75
45,Toledo,2015,4.76190476190476,3.37078651685393,3.37078651685393,2.13044655370111,7.43243243243243,5.26315789473684,400.0,450.0,300.0,275.0,607.725607725608,700.0,8312.0,3722.0,92.0,176.0,73.0,138.0,110.0,227.0
45,Toledo,2016,5.05952380952381,3.55029585798817,3.57142857142857,2.30197368421053,7.8125,5.62748820467922,400.490709630875,475.0,300.0,300.0,650.0,756.666666666667,9321.0,4155.0,91.0,177.0,72.0,138.0,110.0,225.0
45,Toledo,2017,5.08474576271186,3.60694433170107,3.63636363636364,2.4233682983683,7.90697674418605,5.71428571428571,400.0,500.0,300.0,300.0,650.0,750.0,10642.0,4689.0,90.0,176.0,71.0,138.0,109.0,224.0
45,Toledo,2018,5.27777777777778,3.80952380952381,3.74878640776699,2.5,8.07692307692308,6.04466776746569,425.0,500.0,300.0,300.0,666.666666666667,800.0,12054.0,5173.0,90.0,175.0,71.0,137.0,109.0,221.0
46,Valencia/Valéncia,2015,4.62962962962963,4.19354838709677,3.33333333333333,2.60869565217391,6.82539682539683,6.5644242604725,400.0,500.0,300.0,300.0,600.0,800.0,59966.0,6053.0,93.0,179.0,75.0,128.0,111.0,240.0
46,Valencia/Valéncia,2016,4.83773842309262,4.41542288557214,3.48837209302326,2.74725274725275,7.14285714285714,7.0,412.5,500.0,300.0,301.617283950617,632.948587487975,835.28,67849.0,6842.0,93.0,180.0,74.0,130.0,110.0,240.0
46,Valencia/Valéncia,2017,5.0,4.54545454545455,3.63636363636364,2.86567854361371,7.40740740740741,7.2463768115942,425.0,525.0,320.833333333333,327.703541666667,650.0,900.0,74069.0,7271.0,92.0,180.0,74.0,130.0,110.0,240.0
46,Valencia/Valéncia,2018,5.26315789473684,4.74949540204917,3.77659574468085,2.94117647058824,7.78816199376947,7.49274680467341,450.0,546.5,338.0,350.0,700.0,900.0,80804.0,7905.0,92.0,179.0,74.0,129.0,110.0,238.0
47,Valladolid,2015,5.56704399723784,4.05092592592593,4.21052631578947,2.65513838278674,8.51063829787234,6.45487129358097,450.0,460.0,350.0,300.0,700.0,755.833333333333,13905.0,1583.0,86.0,164.0,72.0,122.0,105.0,221.0
47,Valladolid,2016,5.85714285714286,4.3141592920354,4.40463525835866,2.96087553163211,8.95665229885057,7.02635986952306,460.0,500.0,350.0,340.0,750.0,800.0,15555.0,1746.0,86.0,166.0,71.0,122.0,104.0,221.0
47,Valladolid,2017,5.92105263157895,4.35667761357417,4.48717948717949,3.03017597712365,9.07894736842105,7.035641168807,461.666666666667,500.0,360.0,348.892857142857,750.0,840.0,16720.0,1883.0,85.0,164.0,71.0,123.0,104.0,219.0
47,Valladolid,2018,6.08108108108108,4.4724434912854,4.6078431372549,3.10294457942844,9.30275229357798,7.24263384836507,479.166666666667,500.279583333333,375.0,350.0,772.5,857.500416666667,17948.0,2001.0,85.0,162.5,71.0,121.0,104.0,217.0
49,Zamora,2015,4.31818181818182,3.21100917431193,3.06122448979592,1.85912110602388,6.38297872340426,5.03002610966057,370.0,350.0,291.666666666667,225.0,568.21,550.0,2612.0,350.0,95.0,172.0,77.0,129.0,115.0,269.0
49,Zamora,2016,4.51388888888889,3.10077519379845,3.21305803571429,1.90630488765066,6.67276923299734,5.26470634920635,380.0,350.0,300.0,218.244761055635,600.0,600.0,2850.0,390.0,95.0,170.0,77.0,125.5,115.0,263.0
49,Zamora,2017,4.50533867200534,3.2651352308128,3.28786693295739,1.99751243781095,6.73947010869565,5.06887335526316,379.166666666667,350.0,300.0,238.333333333333,600.0,563.125,3049.0,439.0,94.0,172.0,76.0,123.75,113.0,263.0
49,Zamora,2018,4.64101620029455,3.17829725571286,3.35971352912855,2.03392167677882,6.81818181818182,4.75026442590199,380.0,350.0,300.0,232.083333333333,600.0,506.495,3255.0,446.0,93.0,172.0,75.75,123.5,112.0,252.5
50,Zaragoza,2015,6.27450980392157,3.79931897253683,4.75619343457586,2.38512536384068,9.36925954592363,6.108206725845,450.0,444.106666666667,350.0,300.0,700.0,740.124791666667,33590.0,2455.0,75.0,180.0,62.0,130.0,92.0,252.0
50,Zaragoza,2016,6.44067796610169,3.82074605855856,4.88928315412186,2.4892693982013,9.74244322695297,6.22950819672131,457.0,450.0,350.0,300.0,711.083333333333,769.275,36694.0,2677.0,75.0,179.0,62.0,132.0,92.0,254.0
50,Zaragoza,2017,6.53107188821474,3.90625,5.0,2.45757837215991,9.90990990990991,6.39767441860465,460.233333333333,450.0,350.0,300.0,726.0,766.9,39413.0,2950.0,74.0,177.0,61.0,130.0,91.0,248.0
50,Zaragoza,2018,6.75675675675676,3.98550724637681,5.17453488372093,2.55114818900533,10.2083333333333,6.47634271099744,480.0,450.0,360.416666666667,300.0,750.0,800.0,42600.0,3245.0,74.0,177.0,61.0,131.0,90.0,248.0
51,Ceuta,2015,9.24501424501425,8.48775502662897,6.72870494240059,4.62015086206897,13.6431863818912,13.819917260529,663.75,600.0,500.0,398.125,1087.49666666667,1021.2962962963,1387.0,233.0,77.0,76.5,58.0,49.0,101.0,131.0
51,Ceuta,2016,9.67118450433608,9.96299366021055,7.0005787037037,5.48835371342012,14.5264681555004,16.7441860465116,700.0,647.352847088932,521.479166666667,414.579334612924,1100.0,1100.0,1481.0,252.0,76.0,63.0,58.0,45.0,100.0,119.0
51,Ceuta,2017,9.42028985507246,9.70149253731343,6.81818181818182,5.30684207371891,14.5233675464321,16.4130286957704,700.0,600.0,500.0,400.0,1100.0,1100.0,1582.0,278.0,76.0,68.0,57.0,46.5,100.0,119.5
51,Ceuta,2018,9.58022388059702,10.0,7.14285714285714,5.49708842835503,14.308410188845,16.0315764482431,700.0,663.333333333333,530.0,402.34375,1100.0,1110.72916666667,1641.0,287.0,76.0,68.0,57.0,45.0,99.0,127.0
52,Melilla,2015,8.83697616816174,6.63471821915901,6.29796683281677,4.55734832003868,12.8205128205128,11.25,600.0,550.0,475.0,387.75,1000.0,975.0,1459.0,367.0,75.0,91.5,58.0,60.75,97.0,151.0
52,Melilla,2016,9.0,6.42857142857143,6.40916666666667,4.16666666666667,13.3156043956044,10.2040816326531,639.923333333333,503.08835589942,489.36,350.0,1000.0,910.166666666667,1516.0,404.0,75.0,90.0,57.0,60.0,100.0,160.0
52,Melilla,2017,9.25925925925926,6.80090377458798,6.71641791044776,4.41993464052288,13.9309523809524,11.0324269005848,650.0,561.19,500.0,400.0,1019.9,1000.0,1622.0,397.0,73.0,91.0,57.0,61.0,97.0,158.5
52,Melilla,2018,9.45454545454546,6.70361313021961,6.81818181818182,4.5530303030303,14.1994366197183,11.1693861693862,650.0,596.153333333333,500.0,400.0,1093.14333333333,1028.35625,1728.0,397.0,73.0,94.0,58.0,61.0,96.0,167.25
