codigo_ccaa,ccaa,anio,trimestre,periodo,ipv_general,ipv_vivienda_nueva,ipv_segunda_mano
01,Andalucía,2015,1,2015T1,53.938,44.319,55.516
01,Andalucía,2015,2,2015T2,56.15,45.729,57.867
01,Andalucía,2015,3,2015T3,56.783,45.586,58.64
01,Andalucía,2015,4,2015T4,56.39,46.428,58.022
01,Andalucía,2016,1,2016T1,56.881,47.715,58.38
01,Andalucía,2016,2,2016T2,57.602,49.659,58.894
01,Andalucía,2016,3,2016T3,57.552,48.998,58.948
01,Andalucía,2016,4,2016T4,57.569,48.587,59.036
01,Andalucía,2017,1,2017T1,58.076,49.665,59.473
01,Andalucía,2017,2,2017T2,58.983,50.628,60.377
01,Andalucía,2017,3,2017T3,59.674,51.24,61.082
01,Andalucía,2017,4,2017T4,60.148,51.35,61.606
01,Andalucía,2018,1,2018T1,60.438,51.825,61.877
01,Andalucía,2018,2,2018T2,61.785,52.863,63.269
01,Andalucía,2018,3,2018T3,62.889,54.647,64.303
01,Andalucía,2018,4,2018T4,63.535,54.948,64.994
01,Andalucía,2019,1,2019T1,64.023,55.471,65.479
01,Andalucía,2019,2,2019T2,65.216,56.903,66.646
01,Andalucía,2019,3,2019T3,66.605,59.77,67.845
01,Andalucía,2019,4,2019T4,66.17,58.53,67.516
01,Andalucía,2020,1,2020T1,66.665,59.57,67.923
01,Andalucía,2020,2,2020T2,66.762,60.812,67.833
01,Andalucía,2020,3,2020T3,67.435,63.24,68.222
01,Andalucía,2020,4,2020T4,67.267,64.027,67.898
01,Andalucía,2021,1,2021T1,67.099,63.258,67.862
01,Andalucía,2021,2,2021T2,69.143,64.235,70.137
01,Andalucía,2021,3,2021T3,71.51,67.68,72.265
01,Andalucía,2021,4,2021T4,72.659,68.872,73.403
01,Andalucía,2022,1,2022T1,74.402,71.169,75.003
01,Andalucía,2022,2,2022T2,76.202,71.454,77.176
01,Andalucía,2022,3,2022T3,77.432,72.089,78.552
01,Andalucía,2022,4,2022T4,77.353,74.862,77.76
01,Andalucía,2023,1,2023T1,77.521,75.35,77.864
01,Andalucía,2023,2,2023T2,79.633,75.647,80.338
01,Andalucía,2023,3,2023T3,81.928,80.683,82.079
01,Andalucía,2023,4,2023T4,81.449,78.857,81.872
01,Andalucía,2024,1,2024T1,83.656,83.992,83.6
01,Andalucía,2024,2,2024T2,87.224,85.747,87.464
01,Andalucía,2024,3,2024T3,90.574,91.782,90.375
01,Andalucía,2024,4,2024T4,92.35,92.633,92.303
01,Andalucía,2025,1,2025T1,95.365,96.855,95.115
01,Andalucía,2025,2,2025T2,99.074,99.336,99.03
01,Andalucía,2025,3,2025T3,101.791,100.656,101.981
01,Andalucía,2025,4,2025T4,103.77,103.153,103.873
01,Andalucía,2026,1,2026T1,108.061,107.827,108.09
02,Aragón,2015,1,2015T1,57.284,54.25,58.162
02,Aragón,2015,2,2015T2,58.791,55.126,59.89
02,Aragón,2015,3,2015T3,58.227,53.192,59.818
02,Aragón,2015,4,2015T4,58.012,53.757,59.325
02,Aragón,2016,1,2016T1,58.389,54.798,59.538
02,Aragón,2016,2,2016T2,59.572,57.582,60.325
02,Aragón,2016,3,2016T3,59.39,57.177,60.198
02,Aragón,2016,4,2016T4,59.367,55.647,60.552
02,Aragón,2017,1,2017T1,60.574,58.493,61.412
02,Aragón,2017,2,2017T2,60.549,58.466,61.387
02,Aragón,2017,3,2017T3,61.087,58.683,61.998
02,Aragón,2017,4,2017T4,61.226,56.81,62.574
02,Aragón,2018,1,2018T1,62.437,58.558,63.638
02,Aragón,2018,2,2018T2,63.274,58.572,64.705
02,Aragón,2018,3,2018T3,64.433,60.612,65.622
02,Aragón,2018,4,2018T4,65.023,61.044,66.257
02,Aragón,2019,1,2019T1,66.442,63.436,67.386
02,Aragón,2019,2,2019T2,67.498,64.204,68.529
02,Aragón,2019,3,2019T3,68.142,63.721,69.511
02,Aragón,2019,4,2019T4,68.594,64.154,69.969
02,Aragón,2020,1,2020T1,68.856,66.287,69.65
02,Aragón,2020,2,2020T2,69.541,65.195,70.886
02,Aragón,2020,3,2020T3,69.846,68.139,70.372
02,Aragón,2020,4,2020T4,69.343,66.165,70.325
02,Aragón,2021,1,2021T1,70.163,66.204,71.408
02,Aragón,2021,2,2021T2,71.26,66.5,72.775
02,Aragón,2021,3,2021T3,72.959,70.447,73.712
02,Aragón,2021,4,2021T4,73.731,71.211,74.485
02,Aragón,2022,1,2022T1,75.563,73.416,76.198
02,Aragón,2022,2,2022T2,76.634,72.688,77.84
02,Aragón,2022,3,2022T3,77.47,74.313,78.424
02,Aragón,2022,4,2022T4,76.894,74.791,77.514
02,Aragón,2023,1,2023T1,77.968,78.901,77.801
02,Aragón,2023,2,2023T2,79.248,79.99,79.131
02,Aragón,2023,3,2023T3,81.129,83.498,80.592
02,Aragón,2023,4,2023T4,80.188,81.0,80.054
02,Aragón,2024,1,2024T1,83.44,88.213,82.313
02,Aragón,2024,2,2024T2,87.055,90.713,86.212
02,Aragón,2024,3,2024T3,89.494,92.767,88.749
02,Aragón,2024,4,2024T4,90.891,92.452,90.578
02,Aragón,2025,1,2025T1,94.491,96.928,94.003
02,Aragón,2025,2,2025T2,98.984,99.221,98.936
02,Aragón,2025,3,2025T3,102.545,102.213,102.611
02,Aragón,2025,4,2025T4,103.98,101.638,104.45
02,Aragón,2026,1,2026T1,109.195,108.18,109.411
03,"Asturias, Principado de",2015,1,2015T1,60.882,54.32,61.919
03,"Asturias, Principado de",2015,2,2015T2,62.752,55.611,63.929
03,"Asturias, Principado de",2015,3,2015T3,63.859,57.232,64.872
03,"Asturias, Principado de",2015,4,2015T4,62.258,55.795,63.247
03,"Asturias, Principado de",2016,1,2016T1,62.773,57.171,63.569
03,"Asturias, Principado de",2016,2,2016T2,63.198,58.913,63.701
03,"Asturias, Principado de",2016,3,2016T3,63.851,59.067,64.46
03,"Asturias, Principado de",2016,4,2016T4,63.47,57.554,64.33
03,"Asturias, Principado de",2017,1,2017T1,63.653,58.377,64.419
03,"Asturias, Principado de",2017,2,2017T2,63.033,58.129,63.745
03,"Asturias, Principado de",2017,3,2017T3,64.393,59.453,65.111
03,"Asturias, Principado de",2017,4,2017T4,65.005,59.566,65.795
03,"Asturias, Principado de",2018,1,2018T1,65.023,60.448,65.679
03,"Asturias, Principado de",2018,2,2018T2,65.619,60.837,66.308
03,"Asturias, Principado de",2018,3,2018T3,67.219,62.298,67.928
03,"Asturias, Principado de",2018,4,2018T4,67.183,64.755,67.507
03,"Asturias, Principado de",2019,1,2019T1,67.485,64.771,67.855
03,"Asturias, Principado de",2019,2,2019T2,68.976,65.896,69.404
03,"Asturias, Principado de",2019,3,2019T3,69.595,65.562,70.176
03,"Asturias, Principado de",2019,4,2019T4,70.069,66.88,70.513
03,"Asturias, Principado de",2020,1,2020T1,70.43,68.823,70.65
03,"Asturias, Principado de",2020,2,2020T2,71.607,68.871,71.987
03,"Asturias, Principado de",2020,3,2020T3,71.49,72.238,71.378
03,"Asturias, Principado de",2020,4,2020T4,71.369,70.134,71.537
03,"Asturias, Principado de",2021,1,2021T1,71.964,70.494,72.174
03,"Asturias, Principado de",2021,2,2021T2,74.21,71.701,74.606
03,"Asturias, Principado de",2021,3,2021T3,74.786,72.46,75.148
03,"Asturias, Principado de",2021,4,2021T4,75.762,72.965,76.209
03,"Asturias, Principado de",2022,1,2022T1,77.195,75.294,77.463
03,"Asturias, Principado de",2022,2,2022T2,79.104,76.613,79.486
03,"Asturias, Principado de",2022,3,2022T3,79.578,77.582,79.862
03,"Asturias, Principado de",2022,4,2022T4,79.262,78.3,79.341
03,"Asturias, Principado de",2023,1,2023T1,79.97,82.143,79.603
03,"Asturias, Principado de",2023,2,2023T2,81.36,84.077,80.915
03,"Asturias, Principado de",2023,3,2023T3,83.583,86.852,83.057
03,"Asturias, Principado de",2023,4,2023T4,82.013,83.73,81.709
03,"Asturias, Principado de",2024,1,2024T1,84.06,88.576,83.312
03,"Asturias, Principado de",2024,2,2024T2,87.358,89.115,87.046
03,"Asturias, Principado de",2024,3,2024T3,89.334,90.268,89.152
03,"Asturias, Principado de",2024,4,2024T4,91.637,93.878,91.246
03,"Asturias, Principado de",2025,1,2025T1,95.042,96.926,94.714
03,"Asturias, Principado de",2025,2,2025T2,99.184,99.285,99.166
03,"Asturias, Principado de",2025,3,2025T3,101.387,99.669,101.687
03,"Asturias, Principado de",2025,4,2025T4,104.387,104.12,104.433
03,"Asturias, Principado de",2026,1,2026T1,108.655,108.151,108.734
04,"Balears, Illes",2015,1,2015T1,48.905,41.512,49.75
04,"Balears, Illes",2015,2,2015T2,51.058,42.4,52.082
04,"Balears, Illes",2015,3,2015T3,52.63,44.469,53.57
04,"Balears, Illes",2015,4,2015T4,52.409,43.973,53.392
04,"Balears, Illes",2016,1,2016T1,53.195,44.708,54.182
04,"Balears, Illes",2016,2,2016T2,53.623,44.719,54.671
04,"Balears, Illes",2016,3,2016T3,55.447,45.471,56.649
04,"Balears, Illes",2016,4,2016T4,55.396,45.265,56.622
04,"Balears, Illes",2017,1,2017T1,56.135,46.086,57.348
04,"Balears, Illes",2017,2,2017T2,57.573,47.394,58.801
04,"Balears, Illes",2017,3,2017T3,60.478,49.797,61.766
04,"Balears, Illes",2017,4,2017T4,60.802,49.848,62.125
04,"Balears, Illes",2018,1,2018T1,60.721,49.392,62.082
04,"Balears, Illes",2018,2,2018T2,62.414,51.697,63.719
04,"Balears, Illes",2018,3,2018T3,64.729,51.768,66.269
04,"Balears, Illes",2018,4,2018T4,64.667,53.035,66.073
04,"Balears, Illes",2019,1,2019T1,65.164,54.308,66.499
04,"Balears, Illes",2019,2,2019T2,65.693,53.593,67.148
04,"Balears, Illes",2019,3,2019T3,68.635,56.145,70.14
04,"Balears, Illes",2019,4,2019T4,68.234,57.998,69.525
04,"Balears, Illes",2020,1,2020T1,69.048,59.992,70.227
04,"Balears, Illes",2020,2,2020T2,68.707,58.156,70.031
04,"Balears, Illes",2020,3,2020T3,70.935,62.643,72.048
04,"Balears, Illes",2020,4,2020T4,69.904,64.709,70.71
04,"Balears, Illes",2021,1,2021T1,69.836,63.425,70.801
04,"Balears, Illes",2021,2,2021T2,72.618,63.701,73.918
04,"Balears, Illes",2021,3,2021T3,75.743,67.151,77.006
04,"Balears, Illes",2021,4,2021T4,76.6,69.229,77.703
04,"Balears, Illes",2022,1,2022T1,78.221,70.882,79.32
04,"Balears, Illes",2022,2,2022T2,80.513,71.835,81.81
04,"Balears, Illes",2022,3,2022T3,82.058,73.034,83.405
04,"Balears, Illes",2022,4,2022T4,81.129,73.703,82.242
04,"Balears, Illes",2023,1,2023T1,81.519,75.927,82.348
04,"Balears, Illes",2023,2,2023T2,83.119,77.031,84.025
04,"Balears, Illes",2023,3,2023T3,85.732,81.318,86.378
04,"Balears, Illes",2023,4,2023T4,84.691,82.084,85.058
04,"Balears, Illes",2024,1,2024T1,86.24,85.381,86.325
04,"Balears, Illes",2024,2,2024T2,88.257,86.54,88.478
04,"Balears, Illes",2024,3,2024T3,90.726,90.177,90.757
04,"Balears, Illes",2024,4,2024T4,91.979,90.611,92.141
04,"Balears, Illes",2025,1,2025T1,94.84,100.059,94.219
04,"Balears, Illes",2025,2,2025T2,98.579,100.476,98.353
04,"Balears, Illes",2025,3,2025T3,102.308,99.236,102.674
04,"Balears, Illes",2025,4,2025T4,104.272,100.23,104.754
04,"Balears, Illes",2026,1,2026T1,107.765,102.59,108.369
05,Canarias,2015,1,2015T1,55.631,48.531,56.302
05,Canarias,2015,2,2015T2,58.067,50.158,58.849
05,Canarias,2015,3,2015T3,57.837,49.43,58.703
05,Canarias,2015,4,2015T4,57.665,50.241,58.371
05,Canarias,2016,1,2016T1,58.903,52.476,59.461
05,Canarias,2016,2,2016T2,59.17,53.802,59.578
05,Canarias,2016,3,2016T3,59.203,53.076,59.718
05,Canarias,2016,4,2016T4,59.589,52.911,60.178
05,Canarias,2017,1,2017T1,60.93,54.633,61.479
05,Canarias,2017,2,2017T2,61.294,54.876,61.855
05,Canarias,2017,3,2017T3,61.872,55.217,62.456
05,Canarias,2017,4,2017T4,63.185,56.39,63.781
05,Canarias,2018,1,2018T1,63.699,56.559,64.327
05,Canarias,2018,2,2018T2,64.937,57.157,65.624
05,Canarias,2018,3,2018T3,65.191,57.757,65.846
05,Canarias,2018,4,2018T4,65.803,59.699,66.333
05,Canarias,2019,1,2019T1,67.003,61.552,67.47
05,Canarias,2019,2,2019T2,67.026,60.258,67.619
05,Canarias,2019,3,2019T3,67.669,60.614,68.289
05,Canarias,2019,4,2019T4,67.811,60.943,68.413
05,Canarias,2020,1,2020T1,68.192,62.882,68.658
05,Canarias,2020,2,2020T2,67.449,63.181,67.825
05,Canarias,2020,3,2020T3,68.64,66.861,68.8
05,Canarias,2020,4,2020T4,68.376,64.183,68.746
05,Canarias,2021,1,2021T1,69.425,64.808,69.835
05,Canarias,2021,2,2021T2,71.762,67.302,72.156
05,Canarias,2021,3,2021T3,73.412,68.499,73.849
05,Canarias,2021,4,2021T4,73.716,68.77,74.156
05,Canarias,2022,1,2022T1,76.98,72.808,77.346
05,Canarias,2022,2,2022T2,78.534,71.86,79.134
05,Canarias,2022,3,2022T3,79.323,74.081,79.789
05,Canarias,2022,4,2022T4,79.717,76.382,80.004
05,Canarias,2023,1,2023T1,81.216,80.843,81.226
05,Canarias,2023,2,2023T2,82.101,81.906,82.095
05,Canarias,2023,3,2023T3,84.56,82.488,84.727
05,Canarias,2023,4,2023T4,83.341,80.259,83.603
05,Canarias,2024,1,2024T1,85.935,87.013,85.816
05,Canarias,2024,2,2024T2,89.088,90.666,88.922
05,Canarias,2024,3,2024T3,90.57,90.762,90.531
05,Canarias,2024,4,2024T4,92.176,90.914,92.269
05,Canarias,2025,1,2025T1,96.606,97.946,96.507
05,Canarias,2025,2,2025T2,99.467,100.34,99.402
05,Canarias,2025,3,2025T3,101.64,102.032,101.611
05,Canarias,2025,4,2025T4,102.287,99.682,102.48
05,Canarias,2026,1,2026T1,106.94,109.657,106.763
06,Cantabria,2015,1,2015T1,54.892,50.789,55.515
06,Cantabria,2015,2,2015T2,57.68,52.517,58.584
06,Cantabria,2015,3,2015T3,58.517,54.421,59.1
06,Cantabria,2015,4,2015T4,57.713,53.469,58.347
06,Cantabria,2016,1,2016T1,57.714,54.182,58.162
06,Cantabria,2016,2,2016T2,58.903,55.315,59.356
06,Cantabria,2016,3,2016T3,58.947,55.874,59.265
06,Cantabria,2016,4,2016T4,59.067,54.231,59.845
06,Cantabria,2017,1,2017T1,59.425,55.026,60.113
06,Cantabria,2017,2,2017T2,61.331,57.0,62.0
06,Cantabria,2017,3,2017T3,61.652,57.223,62.339
06,Cantabria,2017,4,2017T4,61.686,56.075,62.61
06,Cantabria,2018,1,2018T1,62.835,56.51,63.887
06,Cantabria,2018,2,2018T2,64.887,58.012,66.035
06,Cantabria,2018,3,2018T3,65.149,59.663,66.047
06,Cantabria,2018,4,2018T4,65.534,59.512,66.527
06,Cantabria,2019,1,2019T1,66.415,63.162,66.938
06,Cantabria,2019,2,2019T2,66.331,60.722,67.254
06,Cantabria,2019,3,2019T3,66.692,60.907,67.644
06,Cantabria,2019,4,2019T4,66.941,60.454,68.013
06,Cantabria,2020,1,2020T1,67.06,62.581,67.799
06,Cantabria,2020,2,2020T2,67.186,64.31,67.661
06,Cantabria,2020,3,2020T3,67.611,66.923,67.724
06,Cantabria,2020,4,2020T4,67.739,65.203,68.157
06,Cantabria,2021,1,2021T1,68.431,65.37,68.944
06,Cantabria,2021,2,2021T2,70.761,67.082,71.385
06,Cantabria,2021,3,2021T3,72.26,68.779,72.847
06,Cantabria,2021,4,2021T4,72.954,69.331,73.566
06,Cantabria,2022,1,2022T1,75.939,72.826,76.479
06,Cantabria,2022,2,2022T2,77.797,71.933,78.743
06,Cantabria,2022,3,2022T3,79.005,74.18,79.8
06,Cantabria,2022,4,2022T4,79.214,76.659,79.676
06,Cantabria,2023,1,2023T1,80.18,80.489,80.174
06,Cantabria,2023,2,2023T2,81.492,81.606,81.518
06,Cantabria,2023,3,2023T3,83.684,84.627,83.576
06,Cantabria,2023,4,2023T4,82.65,83.028,82.634
06,Cantabria,2024,1,2024T1,85.639,90.05,84.988
06,Cantabria,2024,2,2024T2,88.536,94.006,87.721
06,Cantabria,2024,3,2024T3,91.1,94.558,90.603
06,Cantabria,2024,4,2024T4,92.372,94.018,92.161
06,Cantabria,2025,1,2025T1,94.384,96.31,94.136
06,Cantabria,2025,2,2025T2,98.115,99.083,97.99
06,Cantabria,2025,3,2025T3,102.578,101.594,102.704
06,Cantabria,2025,4,2025T4,104.924,103.012,105.169
06,Cantabria,2026,1,2026T1,107.568,105.86,107.786
07,Castilla y León,2015,1,2015T1,61.891,54.017,63.082
07,Castilla y León,2015,2,2015T2,63.405,53.875,65.009
07,Castilla y León,2015,3,2015T3,62.952,53.174,64.628
07,Castilla y León,2015,4,2015T4,62.984,54.175,64.405
07,Castilla y León,2016,1,2016T1,62.963,54.328,64.345
07,Castilla y León,2016,2,2016T2,63.753,56.435,64.83
07,Castilla y León,2016,3,2016T3,63.699,55.768,64.916
07,Castilla y León,2016,4,2016T4,63.471,54.986,64.815
07,Castilla y León,2017,1,2017T1,64.277,56.459,65.513
07,Castilla y León,2017,2,2017T2,64.47,56.513,65.728
07,Castilla y León,2017,3,2017T3,64.374,56.115,65.681
07,Castilla y León,2017,4,2017T4,64.92,56.491,66.254
07,Castilla y León,2018,1,2018T1,65.684,59.093,66.748
07,Castilla y León,2018,2,2018T2,66.904,60.033,68.011
07,Castilla y León,2018,3,2018T3,68.04,61.541,69.093
07,Castilla y León,2018,4,2018T4,67.992,61.306,69.073
07,Castilla y León,2019,1,2019T1,68.933,63.947,69.771
07,Castilla y León,2019,2,2019T2,70.466,65.956,71.238
07,Castilla y León,2019,3,2019T3,70.805,65.231,71.731
07,Castilla y León,2019,4,2019T4,71.386,67.227,72.109
07,Castilla y León,2020,1,2020T1,70.949,67.472,71.57
07,Castilla y León,2020,2,2020T2,72.549,68.189,73.304
07,Castilla y León,2020,3,2020T3,72.382,71.219,72.658
07,Castilla y León,2020,4,2020T4,72.332,70.076,72.772
07,Castilla y León,2021,1,2021T1,72.356,69.296,72.939
07,Castilla y León,2021,2,2021T2,74.437,70.957,75.095
07,Castilla y León,2021,3,2021T3,75.445,73.515,75.829
07,Castilla y León,2021,4,2021T4,76.225,74.071,76.648
07,Castilla y León,2022,1,2022T1,77.597,75.534,78.003
07,Castilla y León,2022,2,2022T2,79.21,75.973,79.844
07,Castilla y León,2022,3,2022T3,80.393,76.59,81.139
07,Castilla y León,2022,4,2022T4,79.321,78.747,79.436
07,Castilla y León,2023,1,2023T1,79.538,80.93,79.253
07,Castilla y León,2023,2,2023T2,81.46,82.734,81.2
07,Castilla y León,2023,3,2023T3,82.365,83.263,82.181
07,Castilla y León,2023,4,2023T4,82.077,82.472,81.996
07,Castilla y León,2024,1,2024T1,84.235,86.245,83.792
07,Castilla y León,2024,2,2024T2,87.058,87.252,87.021
07,Castilla y León,2024,3,2024T3,88.944,88.181,89.123
07,Castilla y León,2024,4,2024T4,90.75,91.358,90.621
07,Castilla y León,2025,1,2025T1,94.708,96.705,94.286
07,Castilla y León,2025,2,2025T2,98.874,99.205,98.804
07,Castilla y León,2025,3,2025T3,101.772,99.715,102.207
07,Castilla y León,2025,4,2025T4,104.645,104.375,104.702
07,Castilla y León,2026,1,2026T1,108.857,107.394,109.136
08,Castilla - La Mancha,2015,1,2015T1,69.067,56.148,72.029
08,Castilla - La Mancha,2015,2,2015T2,70.506,57.369,73.512
08,Castilla - La Mancha,2015,3,2015T3,70.161,57.783,72.911
08,Castilla - La Mancha,2015,4,2015T4,70.375,58.372,72.992
08,Castilla - La Mancha,2016,1,2016T1,70.088,58.466,72.59
08,Castilla - La Mancha,2016,2,2016T2,70.919,61.727,72.642
08,Castilla - La Mancha,2016,3,2016T3,71.065,61.542,72.891
08,Castilla - La Mancha,2016,4,2016T4,70.383,59.716,72.58
08,Castilla - La Mancha,2017,1,2017T1,71.215,61.532,73.171
08,Castilla - La Mancha,2017,2,2017T2,71.455,61.726,73.422
08,Castilla - La Mancha,2017,3,2017T3,71.186,61.326,73.186
08,Castilla - La Mancha,2017,4,2017T4,70.685,60.676,72.722
08,Castilla - La Mancha,2018,1,2018T1,71.692,63.97,73.25
08,Castilla - La Mancha,2018,2,2018T2,72.509,64.495,74.127
08,Castilla - La Mancha,2018,3,2018T3,73.467,66.75,74.813
08,Castilla - La Mancha,2018,4,2018T4,73.575,66.812,74.93
08,Castilla - La Mancha,2019,1,2019T1,74.646,71.313,75.3
08,Castilla - La Mancha,2019,2,2019T2,75.333,71.951,75.997
08,Castilla - La Mancha,2019,3,2019T3,75.741,72.445,76.388
08,Castilla - La Mancha,2019,4,2019T4,75.798,73.374,76.267
08,Castilla - La Mancha,2020,1,2020T1,75.411,73.62,75.758
08,Castilla - La Mancha,2020,2,2020T2,76.499,73.142,77.147
08,Castilla - La Mancha,2020,3,2020T3,76.788,75.228,77.091
08,Castilla - La Mancha,2020,4,2020T4,76.702,72.927,77.43
08,Castilla - La Mancha,2021,1,2021T1,75.622,72.071,76.305
08,Castilla - La Mancha,2021,2,2021T2,78.319,74.376,79.08
08,Castilla - La Mancha,2021,3,2021T3,79.089,75.598,79.759
08,Castilla - La Mancha,2021,4,2021T4,79.766,76.554,80.38
08,Castilla - La Mancha,2022,1,2022T1,81.012,78.237,81.534
08,Castilla - La Mancha,2022,2,2022T2,83.044,78.756,83.878
08,Castilla - La Mancha,2022,3,2022T3,84.289,78.842,85.363
08,Castilla - La Mancha,2022,4,2022T4,82.979,81.571,83.218
08,Castilla - La Mancha,2023,1,2023T1,82.324,81.686,82.44
08,Castilla - La Mancha,2023,2,2023T2,84.69,84.047,84.807
08,Castilla - La Mancha,2023,3,2023T3,85.161,82.319,85.627
08,Castilla - La Mancha,2023,4,2023T4,84.707,84.099,84.819
08,Castilla - La Mancha,2024,1,2024T1,86.38,86.625,86.336
08,Castilla - La Mancha,2024,2,2024T2,89.16,87.554,89.455
08,Castilla - La Mancha,2024,3,2024T3,91.033,88.15,91.563
08,Castilla - La Mancha,2024,4,2024T4,92.054,92.232,92.022
08,Castilla - La Mancha,2025,1,2025T1,95.349,96.812,95.08
08,Castilla - La Mancha,2025,2,2025T2,99.235,98.982,99.282
08,Castilla - La Mancha,2025,3,2025T3,101.584,98.735,102.107
08,Castilla - La Mancha,2025,4,2025T4,103.833,105.472,103.531
08,Castilla - La Mancha,2026,1,2026T1,106.247,106.719,106.094
09,Cataluña,2015,1,2015T1,50.903,44.684,51.634
09,Cataluña,2015,2,2015T2,53.669,45.66,54.62
09,Cataluña,2015,3,2015T3,54.15,47.267,54.96
09,Cataluña,2015,4,2015T4,54.376,47.612,55.171
09,Cataluña,2016,1,2016T1,55.268,48.377,56.078
09,Cataluña,2016,2,2016T2,56.626,50.256,57.376
09,Cataluña,2016,3,2016T3,57.74,51.107,58.521
09,Cataluña,2016,4,2016T4,58.424,50.146,59.395
09,Cataluña,2017,1,2017T1,60.119,52.138,61.063
09,Cataluña,2017,2,2017T2,61.886,54.166,62.806
09,Cataluña,2017,3,2017T3,63.485,55.418,64.444
09,Cataluña,2017,4,2017T4,64.387,55.189,65.465
09,Cataluña,2018,1,2018T1,65.269,56.272,66.33
09,Cataluña,2018,2,2018T2,67.66,58.925,68.702
09,Cataluña,2018,3,2018T3,69.239,59.678,70.366
09,Cataluña,2018,4,2018T4,69.634,60.671,70.703
09,Cataluña,2019,1,2019T1,70.235,62.943,71.119
09,Cataluña,2019,2,2019T2,71.169,61.802,72.285
09,Cataluña,2019,3,2019T3,72.473,63.611,73.534
09,Cataluña,2019,4,2019T4,71.981,63.636,72.984
09,Cataluña,2020,1,2020T1,72.464,67.458,73.053
09,Cataluña,2020,2,2020T2,72.823,66.238,73.607
09,Cataluña,2020,3,2020T3,73.729,69.632,74.204
09,Cataluña,2020,4,2020T4,72.699,70.268,72.967
09,Cataluña,2021,1,2021T1,73.346,69.279,73.851
09,Cataluña,2021,2,2021T2,75.188,70.574,75.771
09,Cataluña,2021,3,2021T3,76.151,70.911,76.824
09,Cataluña,2021,4,2021T4,77.111,73.452,77.553
09,Cataluña,2022,1,2022T1,79.001,75.47,79.423
09,Cataluña,2022,2,2022T2,80.612,75.891,81.202
09,Cataluña,2022,3,2022T3,82.337,76.64,83.065
09,Cataluña,2022,4,2022T4,81.322,77.791,81.741
09,Cataluña,2023,1,2023T1,81.755,80.769,81.874
09,Cataluña,2023,2,2023T2,83.186,81.844,83.347
09,Cataluña,2023,3,2023T3,85.449,84.461,85.568
09,Cataluña,2023,4,2023T4,84.193,83.921,84.227
09,Cataluña,2024,1,2024T1,86.345,88.12,86.149
09,Cataluña,2024,2,2024T2,88.741,89.659,88.641
09,Cataluña,2024,3,2024T3,91.222,92.705,91.059
09,Cataluña,2024,4,2024T4,92.959,92.312,93.035
09,Cataluña,2025,1,2025T1,96.405,98.698,96.136
09,Cataluña,2025,2,2025T2,99.027,99.852,98.93
09,Cataluña,2025,3,2025T3,101.52,99.752,101.728
09,Cataluña,2025,4,2025T4,103.047,101.698,103.206
09,Cataluña,2026,1,2026T1,106.491,106.601,106.478
10,Comunitat Valenciana,2015,1,2015T1,58.072,50.99,59.391
10,Comunitat Valenciana,2015,2,2015T2,60.382,52.253,61.891
10,Comunitat Valenciana,2015,3,2015T3,60.219,51.505,61.833
10,Comunitat Valenciana,2015,4,2015T4,60.289,52.623,61.714
10,Comunitat Valenciana,2016,1,2016T1,61.035,54.29,62.305
10,Comunitat Valenciana,2016,2,2016T2,61.481,56.062,62.525
10,Comunitat Valenciana,2016,3,2016T3,61.353,55.185,62.525
10,Comunitat Valenciana,2016,4,2016T4,61.334,54.554,62.611
10,Comunitat Valenciana,2017,1,2017T1,62.179,55.918,63.374
10,Comunitat Valenciana,2017,2,2017T2,62.615,56.24,63.83
10,Comunitat Valenciana,2017,3,2017T3,63.158,57.27,64.297
10,Comunitat Valenciana,2017,4,2017T4,63.878,57.734,65.06
10,Comunitat Valenciana,2018,1,2018T1,64.306,58.611,65.41
10,Comunitat Valenciana,2018,2,2018T2,65.139,58.899,66.34
10,Comunitat Valenciana,2018,3,2018T3,66.11,59.992,67.291
10,Comunitat Valenciana,2018,4,2018T4,66.529,62.846,67.278
10,Comunitat Valenciana,2019,1,2019T1,66.986,63.307,67.735
10,Comunitat Valenciana,2019,2,2019T2,68.229,64.775,68.941
10,Comunitat Valenciana,2019,3,2019T3,68.896,63.887,69.878
10,Comunitat Valenciana,2019,4,2019T4,69.038,65.034,69.846
10,Comunitat Valenciana,2020,1,2020T1,69.334,66.915,69.851
10,Comunitat Valenciana,2020,2,2020T2,69.322,66.014,70.002
10,Comunitat Valenciana,2020,3,2020T3,70.301,69.652,70.492
10,Comunitat Valenciana,2020,4,2020T4,70.184,68.188,70.623
10,Comunitat Valenciana,2021,1,2021T1,70.174,67.735,70.711
10,Comunitat Valenciana,2021,2,2021T2,72.314,69.515,72.929
10,Comunitat Valenciana,2021,3,2021T3,73.792,71.267,74.347
10,Comunitat Valenciana,2021,4,2021T4,74.934,73.027,75.354
10,Comunitat Valenciana,2022,1,2022T1,76.447,74.596,76.854
10,Comunitat Valenciana,2022,2,2022T2,78.108,75.587,78.671
10,Comunitat Valenciana,2022,3,2022T3,78.892,76.238,79.485
10,Comunitat Valenciana,2022,4,2022T4,78.722,77.916,78.884
10,Comunitat Valenciana,2023,1,2023T1,79.015,81.112,78.646
10,Comunitat Valenciana,2023,2,2023T2,80.817,82.079,80.6
10,Comunitat Valenciana,2023,3,2023T3,82.904,85.151,82.508
10,Comunitat Valenciana,2023,4,2023T4,82.063,83.242,81.862
10,Comunitat Valenciana,2024,1,2024T1,84.149,87.765,83.527
10,Comunitat Valenciana,2024,2,2024T2,87.789,91.573,87.137
10,Comunitat Valenciana,2024,3,2024T3,90.21,92.463,89.823
10,Comunitat Valenciana,2024,4,2024T4,92.073,94.29,91.694
10,Comunitat Valenciana,2025,1,2025T1,94.511,96.314,94.201
10,Comunitat Valenciana,2025,2,2025T2,98.832,98.929,98.815
10,Comunitat Valenciana,2025,3,2025T3,102.13,100.744,102.368
10,Comunitat Valenciana,2025,4,2025T4,104.528,104.013,104.616
10,Comunitat Valenciana,2026,1,2026T1,108.019,106.609,108.254
11,Extremadura,2015,1,2015T1,70.798,57.332,72.067
11,Extremadura,2015,2,2015T2,71.481,57.537,72.843
11,Extremadura,2015,3,2015T3,71.599,57.914,72.898
11,Extremadura,2015,4,2015T4,71.383,58.296,72.549
11,Extremadura,2016,1,2016T1,71.985,59.22,73.083
11,Extremadura,2016,2,2016T2,72.402,62.635,72.954
11,Extremadura,2016,3,2016T3,73.006,64.178,73.379
11,Extremadura,2016,4,2016T4,71.946,62.307,72.483
11,Extremadura,2017,1,2017T1,72.77,63.526,73.264
11,Extremadura,2017,2,2017T2,72.66,63.511,73.146
11,Extremadura,2017,3,2017T3,73.025,64.161,73.481
11,Extremadura,2017,4,2017T4,72.082,62.278,72.634
11,Extremadura,2018,1,2018T1,73.019,65.837,73.419
11,Extremadura,2018,2,2018T2,74.255,67.861,74.61
11,Extremadura,2018,3,2018T3,74.646,70.079,74.896
11,Extremadura,2018,4,2018T4,74.002,70.267,74.204
11,Extremadura,2019,1,2019T1,74.796,75.113,74.734
11,Extremadura,2019,2,2019T2,75.52,73.254,75.626
11,Extremadura,2019,3,2019T3,75.763,76.23,75.69
11,Extremadura,2019,4,2019T4,75.627,77.167,75.485
11,Extremadura,2020,1,2020T1,75.048,76.975,74.873
11,Extremadura,2020,2,2020T2,76.49,73.88,76.7
11,Extremadura,2020,3,2020T3,75.762,76.028,75.728
11,Extremadura,2020,4,2020T4,75.956,75.355,75.996
11,Extremadura,2021,1,2021T1,74.908,74.592,74.926
11,Extremadura,2021,2,2021T2,77.771,75.865,77.906
11,Extremadura,2021,3,2021T3,77.931,78.271,77.901
11,Extremadura,2021,4,2021T4,79.672,80.245,79.625
11,Extremadura,2022,1,2022T1,80.096,82.885,79.917
11,Extremadura,2022,2,2022T2,81.921,82.227,81.889
11,Extremadura,2022,3,2022T3,83.021,83.179,82.998
11,Extremadura,2022,4,2022T4,81.906,83.953,81.77
11,Extremadura,2023,1,2023T1,80.956,83.957,80.759
11,Extremadura,2023,2,2023T2,83.376,85.822,83.215
11,Extremadura,2023,3,2023T3,83.898,85.071,83.819
11,Extremadura,2023,4,2023T4,83.711,85.668,83.581
11,Extremadura,2024,1,2024T1,85.534,86.392,85.483
11,Extremadura,2024,2,2024T2,88.52,86.807,88.651
11,Extremadura,2024,3,2024T3,90.78,90.888,90.782
11,Extremadura,2024,4,2024T4,91.334,92.488,91.262
11,Extremadura,2025,1,2025T1,94.875,96.103,94.799
11,Extremadura,2025,2,2025T2,99.282,96.886,99.432
11,Extremadura,2025,3,2025T3,102.16,102.314,102.15
11,Extremadura,2025,4,2025T4,103.682,104.697,103.619
11,Extremadura,2026,1,2026T1,106.449,104.289,106.561
12,Galicia,2015,1,2015T1,61.178,51.591,63.122
12,Galicia,2015,2,2015T2,62.645,51.703,65.097
12,Galicia,2015,3,2015T3,63.151,52.52,65.459
12,Galicia,2015,4,2015T4,62.286,52.677,64.204
12,Galicia,2016,1,2016T1,63.195,54.231,64.873
12,Galicia,2016,2,2016T2,63.417,55.453,64.749
12,Galicia,2016,3,2016T3,63.948,55.381,65.474
12,Galicia,2016,4,2016T4,63.578,54.471,65.297
12,Galicia,2017,1,2017T1,64.031,55.642,65.57
12,Galicia,2017,2,2017T2,64.025,56.57,65.336
12,Galicia,2017,3,2017T3,65.054,57.611,66.355
12,Galicia,2017,4,2017T4,65.414,57.182,66.904
12,Galicia,2018,1,2018T1,66.08,59.941,67.153
12,Galicia,2018,2,2018T2,66.534,59.673,67.749
12,Galicia,2018,3,2018T3,67.701,61.142,68.853
12,Galicia,2018,4,2018T4,68.07,62.999,68.925
12,Galicia,2019,1,2019T1,68.432,64.303,69.132
12,Galicia,2019,2,2019T2,69.759,65.003,70.563
12,Galicia,2019,3,2019T3,70.239,64.786,71.158
12,Galicia,2019,4,2019T4,70.736,66.686,71.424
12,Galicia,2020,1,2020T1,70.674,67.805,71.203
12,Galicia,2020,2,2020T2,71.621,67.711,72.293
12,Galicia,2020,3,2020T3,71.588,71.296,71.771
12,Galicia,2020,4,2020T4,71.558,68.333,72.137
12,Galicia,2021,1,2021T1,72.261,68.975,72.85
12,Galicia,2021,2,2021T2,74.125,70.102,74.827
12,Galicia,2021,3,2021T3,75.731,72.425,76.328
12,Galicia,2021,4,2021T4,76.447,72.615,77.123
12,Galicia,2022,1,2022T1,78.248,75.351,78.743
12,Galicia,2022,2,2022T2,79.813,75.914,80.5
12,Galicia,2022,3,2022T3,80.336,76.737,80.964
12,Galicia,2022,4,2022T4,79.87,77.734,80.217
12,Galicia,2023,1,2023T1,80.876,82.223,80.651
12,Galicia,2023,2,2023T2,82.301,83.646,82.075
12,Galicia,2023,3,2023T3,83.998,85.882,83.684
12,Galicia,2023,4,2023T4,82.611,82.927,82.554
12,Galicia,2024,1,2024T1,85.008,88.89,84.464
12,Galicia,2024,2,2024T2,87.831,89.821,87.544
12,Galicia,2024,3,2024T3,90.172,91.397,89.99
12,Galicia,2024,4,2024T4,91.324,92.266,91.18
12,Galicia,2025,1,2025T1,94.545,96.23,94.289
12,Galicia,2025,2,2025T2,99.027,99.21,98.999
12,Galicia,2025,3,2025T3,102.239,101.363,102.373
12,Galicia,2025,4,2025T4,104.189,103.197,104.34
12,Galicia,2026,1,2026T1,107.337,105.69,107.586
13,"Madrid, Comunidad de",2015,1,2015T1,47.981,45.112,48.951
13,"Madrid, Comunidad de",2015,2,2015T2,50.403,45.599,51.739
13,"Madrid, Comunidad de",2015,3,2015T3,50.98,46.251,52.308
13,"Madrid, Comunidad de",2015,4,2015T4,51.177,46.899,52.426
13,"Madrid, Comunidad de",2016,1,2016T1,52.655,48.96,53.807
13,"Madrid, Comunidad de",2016,2,2016T2,54.312,51.137,55.38
13,"Madrid, Comunidad de",2016,3,2016T3,54.963,50.416,56.296
13,"Madrid, Comunidad de",2016,4,2016T4,55.791,49.923,57.381
13,"Madrid, Comunidad de",2017,1,2017T1,58.26,52.933,59.752
13,"Madrid, Comunidad de",2017,2,2017T2,60.215,55.023,61.691
13,"Madrid, Comunidad de",2017,3,2017T3,61.75,55.785,63.398
13,"Madrid, Comunidad de",2017,4,2017T4,62.437,55.217,64.354
13,"Madrid, Comunidad de",2018,1,2018T1,64.175,56.069,66.299
13,"Madrid, Comunidad de",2018,2,2018T2,66.306,58.313,68.414
13,"Madrid, Comunidad de",2018,3,2018T3,68.473,59.272,70.862
13,"Madrid, Comunidad de",2018,4,2018T4,68.417,59.211,70.807
13,"Madrid, Comunidad de",2019,1,2019T1,70.41,63.556,72.248
13,"Madrid, Comunidad de",2019,2,2019T2,70.588,62.073,72.821
13,"Madrid, Comunidad de",2019,3,2019T3,71.625,62.639,73.973
13,"Madrid, Comunidad de",2019,4,2019T4,70.425,62.206,72.586
13,"Madrid, Comunidad de",2020,1,2020T1,72.18,67.494,73.424
13,"Madrid, Comunidad de",2020,2,2020T2,71.758,63.949,73.814
13,"Madrid, Comunidad de",2020,3,2020T3,72.495,66.389,74.108
13,"Madrid, Comunidad de",2020,4,2020T4,71.463,68.43,72.276
13,"Madrid, Comunidad de",2021,1,2021T1,72.159,68.402,73.21
13,"Madrid, Comunidad de",2021,2,2021T2,73.122,68.621,74.416
13,"Madrid, Comunidad de",2021,3,2021T3,74.552,70.555,75.675
13,"Madrid, Comunidad de",2021,4,2021T4,75.376,72.766,76.039
13,"Madrid, Comunidad de",2022,1,2022T1,77.543,75.399,78.042
13,"Madrid, Comunidad de",2022,2,2022T2,78.442,74.749,79.461
13,"Madrid, Comunidad de",2022,3,2022T3,80.228,75.217,81.686
13,"Madrid, Comunidad de",2022,4,2022T4,79.103,75.755,80.004
13,"Madrid, Comunidad de",2023,1,2023T1,79.919,78.166,80.396
13,"Madrid, Comunidad de",2023,2,2023T2,81.641,80.483,81.96
13,"Madrid, Comunidad de",2023,3,2023T3,83.52,83.961,83.414
13,"Madrid, Comunidad de",2023,4,2023T4,82.634,83.163,82.504
13,"Madrid, Comunidad de",2024,1,2024T1,84.621,86.308,84.245
13,"Madrid, Comunidad de",2024,2,2024T2,87.504,89.192,87.127
13,"Madrid, Comunidad de",2024,3,2024T3,89.567,90.428,89.365
13,"Madrid, Comunidad de",2024,4,2024T4,91.164,90.692,91.245
13,"Madrid, Comunidad de",2025,1,2025T1,94.468,96.866,94.057
13,"Madrid, Comunidad de",2025,2,2025T2,99.111,101.099,98.771
13,"Madrid, Comunidad de",2025,3,2025T3,102.306,100.203,102.666
13,"Madrid, Comunidad de",2025,4,2025T4,104.115,101.833,104.506
13,"Madrid, Comunidad de",2026,1,2026T1,107.296,103.572,107.894
14,"Murcia, Región de",2015,1,2015T1,59.386,49.173,61.089
14,"Murcia, Región de",2015,2,2015T2,61.348,50.357,63.215
14,"Murcia, Región de",2015,3,2015T3,61.584,50.767,63.404
14,"Murcia, Región de",2015,4,2015T4,61.064,50.932,62.725
14,"Murcia, Región de",2016,1,2016T1,61.093,51.801,62.576
14,"Murcia, Región de",2016,2,2016T2,62.181,54.873,63.237
14,"Murcia, Región de",2016,3,2016T3,62.018,53.894,63.248
14,"Murcia, Región de",2016,4,2016T4,61.49,53.025,62.796
14,"Murcia, Región de",2017,1,2017T1,61.644,53.921,62.817
14,"Murcia, Región de",2017,2,2017T2,62.348,54.692,63.506
14,"Murcia, Región de",2017,3,2017T3,63.119,55.671,64.237
14,"Murcia, Región de",2017,4,2017T4,62.628,54.566,63.858
14,"Murcia, Región de",2018,1,2018T1,63.325,56.093,64.403
14,"Murcia, Región de",2018,2,2018T2,63.983,57.048,65.006
14,"Murcia, Región de",2018,3,2018T3,65.586,59.853,66.385
14,"Murcia, Región de",2018,4,2018T4,65.432,58.697,66.413
14,"Murcia, Región de",2019,1,2019T1,66.144,61.11,66.869
14,"Murcia, Región de",2019,2,2019T2,67.51,63.371,68.101
14,"Murcia, Región de",2019,3,2019T3,67.982,63.393,68.64
14,"Murcia, Región de",2019,4,2019T4,68.452,64.198,69.059
14,"Murcia, Región de",2020,1,2020T1,68.351,63.931,68.983
14,"Murcia, Región de",2020,2,2020T2,69.449,66.533,69.863
14,"Murcia, Región de",2020,3,2020T3,70.047,69.872,70.062
14,"Murcia, Región de",2020,4,2020T4,70.528,69.122,70.722
14,"Murcia, Región de",2021,1,2021T1,70.724,68.532,71.032
14,"Murcia, Región de",2021,2,2021T2,72.482,71.027,72.682
14,"Murcia, Región de",2021,3,2021T3,74.451,73.728,74.543
14,"Murcia, Región de",2021,4,2021T4,75.199,74.164,75.338
14,"Murcia, Región de",2022,1,2022T1,77.436,75.297,77.731
14,"Murcia, Región de",2022,2,2022T2,79.256,77.84,79.448
14,"Murcia, Región de",2022,3,2022T3,79.708,77.246,80.048
14,"Murcia, Región de",2022,4,2022T4,78.815,79.448,78.716
14,"Murcia, Región de",2023,1,2023T1,78.759,79.777,78.613
14,"Murcia, Región de",2023,2,2023T2,80.369,81.94,80.154
14,"Murcia, Región de",2023,3,2023T3,81.524,82.463,81.387
14,"Murcia, Región de",2023,4,2023T4,81.841,83.166,81.656
14,"Murcia, Región de",2024,1,2024T1,83.261,86.865,82.762
14,"Murcia, Región de",2024,2,2024T2,86.389,88.216,86.135
14,"Murcia, Región de",2024,3,2024T3,88.875,88.709,88.896
14,"Murcia, Región de",2024,4,2024T4,91.378,93.551,91.076
14,"Murcia, Región de",2025,1,2025T1,94.306,96.467,94.006
14,"Murcia, Región de",2025,2,2025T2,98.975,98.76,99.005
14,"Murcia, Región de",2025,3,2025T3,102.198,99.678,102.549
14,"Murcia, Región de",2025,4,2025T4,104.52,105.095,104.441
14,"Murcia, Región de",2026,1,2026T1,109.013,106.968,109.33
15,"Navarra, Comunidad Foral de",2015,1,2015T1,60.412,53.204,63.855
15,"Navarra, Comunidad Foral de",2015,2,2015T2,62.073,54.518,65.725
15,"Navarra, Comunidad Foral de",2015,3,2015T3,61.401,53.298,65.499
15,"Navarra, Comunidad Foral de",2015,4,2015T4,61.362,53.94,64.938
15,"Navarra, Comunidad Foral de",2016,1,2016T1,61.92,55.261,65.152
15,"Navarra, Comunidad Foral de",2016,2,2016T2,62.158,56.04,65.147
15,"Navarra, Comunidad Foral de",2016,3,2016T3,62.734,56.476,65.788
15,"Navarra, Comunidad Foral de",2016,4,2016T4,62.547,55.284,66.055
15,"Navarra, Comunidad Foral de",2017,1,2017T1,63.128,56.663,66.468
15,"Navarra, Comunidad Foral de",2017,2,2017T2,63.803,57.481,67.13
15,"Navarra, Comunidad Foral de",2017,3,2017T3,64.082,57.579,67.458
15,"Navarra, Comunidad Foral de",2017,4,2017T4,63.886,56.901,67.369
15,"Navarra, Comunidad Foral de",2018,1,2018T1,64.479,58.173,67.672
15,"Navarra, Comunidad Foral de",2018,2,2018T2,66.007,59.014,69.508
15,"Navarra, Comunidad Foral de",2018,3,2018T3,66.838,60.298,70.15
15,"Navarra, Comunidad Foral de",2018,4,2018T4,66.458,61.708,68.994
15,"Navarra, Comunidad Foral de",2019,1,2019T1,67.663,63.778,69.699
15,"Navarra, Comunidad Foral de",2019,2,2019T2,68.578,63.341,71.386
15,"Navarra, Comunidad Foral de",2019,3,2019T3,68.89,63.357,71.868
15,"Navarra, Comunidad Foral de",2019,4,2019T4,68.6,63.197,71.505
15,"Navarra, Comunidad Foral de",2020,1,2020T1,69.84,67.121,71.297
15,"Navarra, Comunidad Foral de",2020,2,2020T2,69.409,64.787,71.893
15,"Navarra, Comunidad Foral de",2020,3,2020T3,70.085,68.385,70.992
15,"Navarra, Comunidad Foral de",2020,4,2020T4,69.001,65.805,70.715
15,"Navarra, Comunidad Foral de",2021,1,2021T1,70.001,65.878,72.183
15,"Navarra, Comunidad Foral de",2021,2,2021T2,71.197,66.151,73.845
15,"Navarra, Comunidad Foral de",2021,3,2021T3,72.381,67.261,75.069
15,"Navarra, Comunidad Foral de",2021,4,2021T4,72.598,67.512,75.269
15,"Navarra, Comunidad Foral de",2022,1,2022T1,75.43,70.495,78.03
15,"Navarra, Comunidad Foral de",2022,2,2022T2,76.371,69.737,79.821
15,"Navarra, Comunidad Foral de",2022,3,2022T3,77.299,71.77,80.199
15,"Navarra, Comunidad Foral de",2022,4,2022T4,77.835,73.219,80.28
15,"Navarra, Comunidad Foral de",2023,1,2023T1,79.773,76.801,81.398
15,"Navarra, Comunidad Foral de",2023,2,2023T2,80.677,78.497,81.908
15,"Navarra, Comunidad Foral de",2023,3,2023T3,83.192,81.581,84.143
15,"Navarra, Comunidad Foral de",2023,4,2023T4,81.474,79.401,82.652
15,"Navarra, Comunidad Foral de",2024,1,2024T1,85.858,86.561,85.504
15,"Navarra, Comunidad Foral de",2024,2,2024T2,88.99,89.939,88.502
15,"Navarra, Comunidad Foral de",2024,3,2024T3,92.106,93.579,91.329
15,"Navarra, Comunidad Foral de",2024,4,2024T4,91.989,92.684,91.643
15,"Navarra, Comunidad Foral de",2025,1,2025T1,95.677,97.859,94.589
15,"Navarra, Comunidad Foral de",2025,2,2025T2,99.702,100.246,99.431
15,"Navarra, Comunidad Foral de",2025,3,2025T3,102.151,101.785,102.334
15,"Navarra, Comunidad Foral de",2025,4,2025T4,102.469,100.11,103.645
15,"Navarra, Comunidad Foral de",2026,1,2026T1,105.73,103.945,106.722
16,País Vasco,2015,1,2015T1,59.408,50.673,61.346
16,País Vasco,2015,2,2015T2,60.423,48.757,63.517
16,País Vasco,2015,3,2015T3,60.399,48.788,63.472
16,País Vasco,2015,4,2015T4,60.842,50.606,63.348
16,País Vasco,2016,1,2016T1,61.101,50.677,63.664
16,País Vasco,2016,2,2016T2,62.101,52.02,64.537
16,País Vasco,2016,3,2016T3,62.528,52.596,64.908
16,País Vasco,2016,4,2016T4,61.548,51.697,63.916
16,País Vasco,2017,1,2017T1,63.106,53.404,65.415
16,País Vasco,2017,2,2017T2,64.923,55.705,67.071
16,País Vasco,2017,3,2017T3,66.145,57.028,68.252
16,País Vasco,2017,4,2017T4,65.919,55.371,68.454
16,País Vasco,2018,1,2018T1,66.963,58.035,69.045
16,País Vasco,2018,2,2018T2,68.678,59.14,70.919
16,País Vasco,2018,3,2018T3,69.335,60.012,71.512
16,País Vasco,2018,4,2018T4,69.238,59.892,71.422
16,País Vasco,2019,1,2019T1,70.833,63.511,72.568
16,País Vasco,2019,2,2019T2,71.327,62.362,73.429
16,País Vasco,2019,3,2019T3,72.683,65.111,74.477
16,País Vasco,2019,4,2019T4,71.28,63.012,73.227
16,País Vasco,2020,1,2020T1,73.235,68.097,74.369
16,País Vasco,2020,2,2020T2,72.482,64.443,74.366
16,País Vasco,2020,3,2020T3,74.032,69.219,75.081
16,País Vasco,2020,4,2020T4,72.823,69.814,73.41
16,País Vasco,2021,1,2021T1,73.379,69.292,74.287
16,País Vasco,2021,2,2021T2,74.332,69.092,75.581
16,País Vasco,2021,3,2021T3,75.034,69.556,76.352
16,País Vasco,2021,4,2021T4,75.9,71.922,76.765
16,País Vasco,2022,1,2022T1,77.966,74.501,78.677
16,País Vasco,2022,2,2022T2,79.161,74.191,80.295
16,País Vasco,2022,3,2022T3,80.889,74.61,82.388
16,País Vasco,2022,4,2022T4,79.634,75.322,80.579
16,País Vasco,2023,1,2023T1,80.369,77.299,81.036
16,País Vasco,2023,2,2023T2,81.562,77.966,82.346
16,País Vasco,2023,3,2023T3,83.972,81.089,84.596
16,País Vasco,2023,4,2023T4,82.719,80.587,83.176
16,País Vasco,2024,1,2024T1,85.5,86.81,85.174
16,País Vasco,2024,2,2024T2,88.46,89.831,88.118
16,País Vasco,2024,3,2024T3,91.022,92.652,90.622
16,País Vasco,2024,4,2024T4,91.556,90.702,91.72
16,País Vasco,2025,1,2025T1,96.111,99.299,95.502
16,País Vasco,2025,2,2025T2,99.43,100.52,99.222
16,País Vasco,2025,3,2025T3,101.618,100.046,101.919
16,País Vasco,2025,4,2025T4,102.84,100.135,103.357
16,País Vasco,2026,1,2026T1,106.046,104.148,106.431
17,"Rioja, La",2015,1,2015T1,58.535,49.908,59.504
17,"Rioja, La",2015,2,2015T2,60.752,50.99,62.012
17,"Rioja, La",2015,3,2015T3,60.417,51.559,61.403
17,"Rioja, La",2015,4,2015T4,60.861,51.615,61.957
17,"Rioja, La",2016,1,2016T1,60.765,52.061,61.73
17,"Rioja, La",2016,2,2016T2,61.68,55.303,62.06
17,"Rioja, La",2016,3,2016T3,61.76,55.429,62.127
17,"Rioja, La",2016,4,2016T4,61.074,53.614,61.73
17,"Rioja, La",2017,1,2017T1,62.052,54.604,62.699
17,"Rioja, La",2017,2,2017T2,62.552,55.25,63.176
17,"Rioja, La",2017,3,2017T3,62.386,55.455,62.959
17,"Rioja, La",2017,4,2017T4,63.285,55.464,63.977
17,"Rioja, La",2018,1,2018T1,64.048,58.142,64.532
17,"Rioja, La",2018,2,2018T2,65.249,58.995,65.768
17,"Rioja, La",2018,3,2018T3,66.546,60.337,67.057
17,"Rioja, La",2018,4,2018T4,66.749,59.59,67.361
17,"Rioja, La",2019,1,2019T1,68.044,62.706,68.468
17,"Rioja, La",2019,2,2019T2,69.299,64.532,69.662
17,"Rioja, La",2019,3,2019T3,69.475,64.021,69.908
17,"Rioja, La",2019,4,2019T4,69.86,65.178,70.214
17,"Rioja, La",2020,1,2020T1,70.211,65.258,70.594
17,"Rioja, La",2020,2,2020T2,70.806,67.368,71.019
17,"Rioja, La",2020,3,2020T3,70.303,69.378,70.239
17,"Rioja, La",2020,4,2020T4,70.574,69.296,70.548
17,"Rioja, La",2021,1,2021T1,71.241,69.209,71.285
17,"Rioja, La",2021,2,2021T2,72.442,70.807,72.447
17,"Rioja, La",2021,3,2021T3,73.905,72.975,73.841
17,"Rioja, La",2021,4,2021T4,74.291,73.205,74.24
17,"Rioja, La",2022,1,2022T1,76.45,74.648,76.478
17,"Rioja, La",2022,2,2022T2,78.132,76.132,78.179
17,"Rioja, La",2022,3,2022T3,79.856,76.851,80.016
17,"Rioja, La",2022,4,2022T4,78.311,78.879,78.057
17,"Rioja, La",2023,1,2023T1,78.581,80.259,78.146
17,"Rioja, La",2023,2,2023T2,80.183,81.11,79.867
17,"Rioja, La",2023,3,2023T3,81.39,81.405,81.218
17,"Rioja, La",2023,4,2023T4,81.385,82.752,80.995
17,"Rioja, La",2024,1,2024T1,84.174,88.959,83.028
17,"Rioja, La",2024,2,2024T2,87.086,88.435,86.693
17,"Rioja, La",2024,3,2024T3,88.869,88.891,88.766
17,"Rioja, La",2024,4,2024T4,91.052,92.575,90.616
17,"Rioja, La",2025,1,2025T1,95.324,96.894,94.875
17,"Rioja, La",2025,2,2025T2,99.056,98.905,99.099
17,"Rioja, La",2025,3,2025T3,101.419,99.565,101.949
17,"Rioja, La",2025,4,2025T4,104.201,104.636,104.077
17,"Rioja, La",2026,1,2026T1,108.962,107.034,109.376
18,Ceuta,2015,1,2015T1,47.545,,
18,Ceuta,2015,2,2015T2,50.285,,
18,Ceuta,2015,3,2015T3,50.557,,
18,Ceuta,2015,4,2015T4,50.266,,
18,Ceuta,2016,1,2016T1,51.132,,
18,Ceuta,2016,2,2016T2,52.393,,
18,Ceuta,2016,3,2016T3,52.549,,
18,Ceuta,2016,4,2016T4,52.819,,
18,Ceuta,2017,1,2017T1,54.523,,
18,Ceuta,2017,2,2017T2,55.353,,
18,Ceuta,2017,3,2017T3,56.078,,
18,Ceuta,2017,4,2017T4,57.034,,
18,Ceuta,2018,1,2018T1,58.509,,
18,Ceuta,2018,2,2018T2,60.094,,
18,Ceuta,2018,3,2018T3,61.056,,
18,Ceuta,2018,4,2018T4,62.233,,
18,Ceuta,2019,1,2019T1,63.854,,
18,Ceuta,2019,2,2019T2,64.856,,
18,Ceuta,2019,3,2019T3,66.368,,
18,Ceuta,2019,4,2019T4,65.483,,
18,Ceuta,2020,1,2020T1,66.956,,
18,Ceuta,2020,2,2020T2,67.152,,
18,Ceuta,2020,3,2020T3,69.274,,
18,Ceuta,2020,4,2020T4,68.678,,
18,Ceuta,2021,1,2021T1,68.659,,
18,Ceuta,2021,2,2021T2,69.05,,
18,Ceuta,2021,3,2021T3,71.619,,
18,Ceuta,2021,4,2021T4,72.826,,
18,Ceuta,2022,1,2022T1,74.844,,
18,Ceuta,2022,2,2022T2,75.61,,
18,Ceuta,2022,3,2022T3,77.285,,
18,Ceuta,2022,4,2022T4,78.656,,
18,Ceuta,2023,1,2023T1,78.993,,
18,Ceuta,2023,2,2023T2,80.285,,
18,Ceuta,2023,3,2023T3,81.751,,
18,Ceuta,2023,4,2023T4,82.261,,
18,Ceuta,2024,1,2024T1,84.477,,
18,Ceuta,2024,2,2024T2,87.89,,
18,Ceuta,2024,3,2024T3,88.71,,
18,Ceuta,2024,4,2024T4,91.662,,
18,Ceuta,2025,1,2025T1,95.524,,
18,Ceuta,2025,2,2025T2,99.027,,
18,Ceuta,2025,3,2025T3,101.611,,
18,Ceuta,2025,4,2025T4,103.838,,
18,Ceuta,2026,1,2026T1,109.803,,
19,Melilla,2015,1,2015T1,48.782,,
19,Melilla,2015,2,2015T2,51.293,,
19,Melilla,2015,3,2015T3,51.962,,
19,Melilla,2015,4,2015T4,52.178,,
19,Melilla,2016,1,2016T1,52.963,,
19,Melilla,2016,2,2016T2,54.31,,
19,Melilla,2016,3,2016T3,53.978,,
19,Melilla,2016,4,2016T4,53.869,,
19,Melilla,2017,1,2017T1,55.499,,
19,Melilla,2017,2,2017T2,56.409,,
19,Melilla,2017,3,2017T3,56.507,,
19,Melilla,2017,4,2017T4,58.007,,
19,Melilla,2018,1,2018T1,58.991,,
19,Melilla,2018,2,2018T2,60.928,,
19,Melilla,2018,3,2018T3,61.757,,
19,Melilla,2018,4,2018T4,62.385,,
19,Melilla,2019,1,2019T1,63.976,,
19,Melilla,2019,2,2019T2,63.385,,
19,Melilla,2019,3,2019T3,65.073,,
19,Melilla,2019,4,2019T4,64.439,,
19,Melilla,2020,1,2020T1,65.737,,
19,Melilla,2020,2,2020T2,66.518,,
19,Melilla,2020,3,2020T3,68.239,,
19,Melilla,2020,4,2020T4,67.934,,
19,Melilla,2021,1,2021T1,68.899,,
19,Melilla,2021,2,2021T2,70.968,,
19,Melilla,2021,3,2021T3,72.784,,
19,Melilla,2021,4,2021T4,72.791,,
19,Melilla,2022,1,2022T1,75.437,,
19,Melilla,2022,2,2022T2,77.168,,
19,Melilla,2022,3,2022T3,78.1,,
19,Melilla,2022,4,2022T4,78.632,,
19,Melilla,2023,1,2023T1,80.139,,
19,Melilla,2023,2,2023T2,81.908,,
19,Melilla,2023,3,2023T3,82.686,,
19,Melilla,2023,4,2023T4,81.138,,
19,Melilla,2024,1,2024T1,83.911,,
19,Melilla,2024,2,2024T2,87.789,,
19,Melilla,2024,3,2024T3,89.24,,
19,Melilla,2024,4,2024T4,91.042,,
19,Melilla,2025,1,2025T1,95.669,,
19,Melilla,2025,2,2025T2,99.542,,
19,Melilla,2025,3,2025T3,102.139,,
19,Melilla,2025,4,2025T4,102.65,,
19,Melilla,2026,1,2026T1,108.257,,
