provincia,anio,numero_transacciones,n_trimestres_disponibles
Albacete,2015,126.0,4
Albacete,2016,111.0,4
Albacete,2017,163.0,4
Albacete,2018,150.0,4
Albacete,2019,147.0,4
Albacete,2020,113.0,4
Albacete,2021,171.0,4
Albacete,2022,159.0,4
Albacete,2023,138.0,4
Albacete,2024,171.0,4
Albacete,2025,199.0,4
Alicante/Alacant,2015,554.0,4
Alicante/Alacant,2016,846.0,4
Alicante/Alacant,2017,703.0,4
Alicante/Alacant,2018,598.0,4
Alicante/Alacant,2019,582.0,4
Alicante/Alacant,2020,422.0,4
Alicante/Alacant,2021,643.0,4
Alicante/Alacant,2022,709.0,4
Alicante/Alacant,2023,693.0,4
Alicante/Alacant,2024,671.0,4
Alicante/Alacant,2025,967.0,4
Almería,2015,224.0,4
Almería,2016,257.0,4
Almería,2017,259.0,4
Almería,2018,362.0,4
Almería,2019,353.0,4
Almería,2020,231.0,4
Almería,2021,427.0,4
Almería,2022,362.0,4
Almería,2023,252.0,4
Almería,2024,263.0,4
Almería,2025,350.0,4
Avila,2015,56.0,4
Avila,2016,68.0,4
Avila,2017,78.0,4
Avila,2018,90.0,4
Avila,2019,64.0,4
Avila,2020,81.0,4
Avila,2021,143.0,4
Avila,2022,138.0,4
Avila,2023,125.0,4
Avila,2024,115.0,4
Avila,2025,713.0,4
Badajoz,2015,381.0,4
Badajoz,2016,456.0,4
Badajoz,2017,595.0,4
Badajoz,2018,543.0,4
Badajoz,2019,497.0,4
Badajoz,2020,430.0,4
Badajoz,2021,728.0,4
Badajoz,2022,547.0,4
Badajoz,2023,537.0,4
Badajoz,2024,387.0,4
Badajoz,2025,571.0,4
Barcelona,2015,1319.0,4
Barcelona,2016,1731.0,4
Barcelona,2017,1929.0,4
Barcelona,2018,2038.0,4
Barcelona,2019,1598.0,4
Barcelona,2020,1485.0,4
Barcelona,2021,2801.0,4
Barcelona,2022,2260.0,4
Barcelona,2023,2052.0,4
Barcelona,2024,1771.0,4
Barcelona,2025,2654.0,4
Burgos,2015,297.0,4
Burgos,2016,210.0,4
Burgos,2017,282.0,4
Burgos,2018,379.0,4
Burgos,2019,242.0,4
Burgos,2020,200.0,4
Burgos,2021,464.0,4
Burgos,2022,376.0,4
Burgos,2023,386.0,4
Burgos,2024,272.0,4
Burgos,2025,407.0,4
Castellón/Castelló,2015,142.0,4
Castellón/Castelló,2016,185.0,4
Castellón/Castelló,2017,226.0,4
Castellón/Castelló,2018,210.0,4
Castellón/Castelló,2019,175.0,4
Castellón/Castelló,2020,199.0,4
Castellón/Castelló,2021,296.0,4
Castellón/Castelló,2022,277.0,4
Castellón/Castelló,2023,252.0,4
Castellón/Castelló,2024,319.0,4
Castellón/Castelló,2025,446.0,4
Ceuta,2015,3.0,4
Ceuta,2016,2.0,4
Ceuta,2017,3.0,4
Ceuta,2018,3.0,4
Ceuta,2019,0.0,4
Ceuta,2020,1.0,4
Ceuta,2021,2.0,4
Ceuta,2022,7.0,4
Ceuta,2023,2.0,4
Ceuta,2024,2.0,4
Ceuta,2025,2.0,4
Ciudad Real,2015,302.0,4
Ciudad Real,2016,360.0,4
Ciudad Real,2017,348.0,4
Ciudad Real,2018,407.0,4
Ciudad Real,2019,418.0,4
Ciudad Real,2020,331.0,4
Ciudad Real,2021,501.0,4
Ciudad Real,2022,429.0,4
Ciudad Real,2023,412.0,4
Ciudad Real,2024,416.0,4
Ciudad Real,2025,556.0,4
Coruña (A),2015,218.0,4
Coruña (A),2016,119.0,4
Coruña (A),2017,185.0,4
Coruña (A),2018,198.0,4
Coruña (A),2019,179.0,4
Coruña (A),2020,157.0,4
Coruña (A),2021,442.0,4
Coruña (A),2022,245.0,4
Coruña (A),2023,208.0,4
Coruña (A),2024,271.0,4
Coruña (A),2025,319.0,4
Cuenca,2015,155.0,4
Cuenca,2016,156.0,4
Cuenca,2017,147.0,4
Cuenca,2018,119.0,4
Cuenca,2019,132.0,4
Cuenca,2020,107.0,4
Cuenca,2021,271.0,4
Cuenca,2022,209.0,4
Cuenca,2023,199.0,4
Cuenca,2024,161.0,4
Cuenca,2025,214.0,4
Cáceres,2015,213.0,4
Cáceres,2016,200.0,4
Cáceres,2017,253.0,4
Cáceres,2018,225.0,4
Cáceres,2019,233.0,4
Cáceres,2020,243.0,4
Cáceres,2021,395.0,4
Cáceres,2022,237.0,4
Cáceres,2023,271.0,4
Cáceres,2024,236.0,4
Cáceres,2025,367.0,4
Cádiz,2015,275.0,4
Cádiz,2016,372.0,4
Cádiz,2017,418.0,4
Cádiz,2018,580.0,4
Cádiz,2019,473.0,4
Cádiz,2020,402.0,4
Cádiz,2021,727.0,4
Cádiz,2022,575.0,4
Cádiz,2023,516.0,4
Cádiz,2024,529.0,4
Cádiz,2025,587.0,4
Córdoba,2015,356.0,4
Córdoba,2016,356.0,4
Córdoba,2017,370.0,4
Córdoba,2018,389.0,4
Córdoba,2019,339.0,4
Córdoba,2020,346.0,4
Córdoba,2021,492.0,4
Córdoba,2022,366.0,4
Córdoba,2023,421.0,4
Córdoba,2024,309.0,4
Córdoba,2025,430.0,4
Girona,2015,616.0,4
Girona,2016,766.0,4
Girona,2017,919.0,4
Girona,2018,969.0,4
Girona,2019,794.0,4
Girona,2020,696.0,4
Girona,2021,1258.0,4
Girona,2022,1230.0,4
Girona,2023,998.0,4
Girona,2024,1008.0,4
Girona,2025,1213.0,4
Granada,2015,404.0,4
Granada,2016,457.0,4
Granada,2017,586.0,4
Granada,2018,727.0,4
Granada,2019,603.0,4
Granada,2020,537.0,4
Granada,2021,1038.0,4
Granada,2022,855.0,4
Granada,2023,913.0,4
Granada,2024,671.0,4
Granada,2025,891.0,4
Guadalajara,2015,241.0,4
Guadalajara,2016,340.0,4
Guadalajara,2017,490.0,4
Guadalajara,2018,528.0,4
Guadalajara,2019,439.0,4
Guadalajara,2020,421.0,4
Guadalajara,2021,890.0,4
Guadalajara,2022,1024.0,4
Guadalajara,2023,729.0,4
Guadalajara,2024,627.0,4
Guadalajara,2025,1105.0,4
Guipúzcoa,2015,55.0,4
Guipúzcoa,2016,43.0,4
Guipúzcoa,2017,56.0,4
Guipúzcoa,2018,67.0,4
Guipúzcoa,2019,51.0,4
Guipúzcoa,2020,52.0,4
Guipúzcoa,2021,59.0,4
Guipúzcoa,2022,65.0,4
Guipúzcoa,2023,46.0,4
Guipúzcoa,2024,43.0,4
Guipúzcoa,2025,57.0,4
Huelva,2015,425.0,4
Huelva,2016,186.0,4
Huelva,2017,261.0,4
Huelva,2018,239.0,4
Huelva,2019,493.0,4
Huelva,2020,172.0,4
Huelva,2021,340.0,4
Huelva,2022,298.0,4
Huelva,2023,231.0,4
Huelva,2024,267.0,4
Huelva,2025,597.0,4
Huesca,2015,101.0,4
Huesca,2016,105.0,4
Huesca,2017,153.0,4
Huesca,2018,141.0,4
Huesca,2019,127.0,4
Huesca,2020,116.0,4
Huesca,2021,195.0,4
Huesca,2022,206.0,4
Huesca,2023,200.0,4
Huesca,2024,155.0,4
Huesca,2025,231.0,4
Jaén,2015,390.0,4
Jaén,2016,348.0,4
Jaén,2017,459.0,4
Jaén,2018,436.0,4
Jaén,2019,368.0,4
Jaén,2020,350.0,4
Jaén,2021,573.0,4
Jaén,2022,488.0,4
Jaén,2023,377.0,4
Jaén,2024,291.0,4
Jaén,2025,406.0,4
León,2015,229.0,4
León,2016,202.0,4
León,2017,273.0,4
León,2018,307.0,4
León,2019,292.0,4
León,2020,258.0,4
León,2021,402.0,4
León,2022,302.0,4
León,2023,354.0,4
León,2024,307.0,4
León,2025,400.0,4
Lleida,2015,257.0,4
Lleida,2016,264.0,4
Lleida,2017,343.0,4
Lleida,2018,309.0,4
Lleida,2019,277.0,4
Lleida,2020,228.0,4
Lleida,2021,367.0,4
Lleida,2022,302.0,4
Lleida,2023,297.0,4
Lleida,2024,274.0,4
Lleida,2025,385.0,4
Lugo,2015,87.0,4
Lugo,2016,42.0,4
Lugo,2017,74.0,4
Lugo,2018,84.0,4
Lugo,2019,61.0,4
Lugo,2020,50.0,4
Lugo,2021,79.0,4
Lugo,2022,98.0,4
Lugo,2023,66.0,4
Lugo,2024,58.0,4
Lugo,2025,116.0,4
Melilla,2015,11.0,4
Melilla,2016,8.0,4
Melilla,2017,4.0,4
Melilla,2018,2.0,4
Melilla,2019,9.0,4
Melilla,2020,1.0,4
Melilla,2021,9.0,4
Melilla,2022,3.0,4
Melilla,2023,4.0,4
Melilla,2024,6.0,4
Melilla,2025,1.0,4
Málaga,2015,650.0,4
Málaga,2016,862.0,4
Málaga,2017,907.0,4
Málaga,2018,1085.0,4
Málaga,2019,1088.0,4
Málaga,2020,608.0,4
Málaga,2021,1393.0,4
Málaga,2022,1133.0,4
Málaga,2023,918.0,4
Málaga,2024,913.0,4
Málaga,2025,976.0,4
Ourense,2015,64.0,4
Ourense,2016,42.0,4
Ourense,2017,71.0,4
Ourense,2018,78.0,4
Ourense,2019,51.0,4
Ourense,2020,45.0,4
Ourense,2021,66.0,4
Ourense,2022,67.0,4
Ourense,2023,56.0,4
Ourense,2024,38.0,4
Ourense,2025,74.0,4
Palencia,2015,106.0,4
Palencia,2016,80.0,4
Palencia,2017,81.0,4
Palencia,2018,106.0,4
Palencia,2019,91.0,4
Palencia,2020,89.0,4
Palencia,2021,200.0,4
Palencia,2022,158.0,4
Palencia,2023,122.0,4
Palencia,2024,144.0,4
Palencia,2025,161.0,4
Palmas (Las),2015,220.0,4
Palmas (Las),2016,296.0,4
Palmas (Las),2017,297.0,4
Palmas (Las),2018,385.0,4
Palmas (Las),2019,309.0,4
Palmas (Las),2020,241.0,4
Palmas (Las),2021,294.0,4
Palmas (Las),2022,306.0,4
Palmas (Las),2023,340.0,4
Palmas (Las),2024,486.0,4
Palmas (Las),2025,407.0,4
Pontevedra,2015,188.0,4
Pontevedra,2016,116.0,4
Pontevedra,2017,165.0,4
Pontevedra,2018,212.0,4
Pontevedra,2019,195.0,4
Pontevedra,2020,136.0,4
Pontevedra,2021,241.0,4
Pontevedra,2022,185.0,4
Pontevedra,2023,138.0,4
Pontevedra,2024,129.0,4
Pontevedra,2025,234.0,4
Salamanca,2015,231.0,4
Salamanca,2016,149.0,4
Salamanca,2017,197.0,4
Salamanca,2018,195.0,4
Salamanca,2019,274.0,4
Salamanca,2020,228.0,4
Salamanca,2021,373.0,4
Salamanca,2022,188.0,4
Salamanca,2023,188.0,4
Salamanca,2024,259.0,4
Salamanca,2025,455.0,4
Santa Cruz de Tenerife,2015,200.0,4
Santa Cruz de Tenerife,2016,259.0,4
Santa Cruz de Tenerife,2017,294.0,4
Santa Cruz de Tenerife,2018,355.0,4
Santa Cruz de Tenerife,2019,324.0,4
Santa Cruz de Tenerife,2020,210.0,4
Santa Cruz de Tenerife,2021,355.0,4
Santa Cruz de Tenerife,2022,418.0,4
Santa Cruz de Tenerife,2023,424.0,4
Santa Cruz de Tenerife,2024,360.0,4
Santa Cruz de Tenerife,2025,393.0,4
Segovia,2015,161.0,4
Segovia,2016,137.0,4
Segovia,2017,286.0,4
Segovia,2018,219.0,4
Segovia,2019,322.0,4
Segovia,2020,198.0,4
Segovia,2021,471.0,4
Segovia,2022,332.0,4
Segovia,2023,291.0,4
Segovia,2024,259.0,4
Segovia,2025,457.0,4
Sevilla,2015,1002.0,4
Sevilla,2016,903.0,4
Sevilla,2017,1359.0,4
Sevilla,2018,1213.0,4
Sevilla,2019,1019.0,4
Sevilla,2020,1107.0,4
Sevilla,2021,1834.0,4
Sevilla,2022,1455.0,4
Sevilla,2023,1083.0,4
Sevilla,2024,1117.0,4
Sevilla,2025,1402.0,4
Soria,2015,64.0,4
Soria,2016,69.0,4
Soria,2017,74.0,4
Soria,2018,48.0,4
Soria,2019,93.0,4
Soria,2020,42.0,4
Soria,2021,127.0,4
Soria,2022,97.0,4
Soria,2023,92.0,4
Soria,2024,77.0,4
Soria,2025,97.0,4
Tarragona,2015,297.0,4
Tarragona,2016,332.0,4
Tarragona,2017,407.0,4
Tarragona,2018,438.0,4
Tarragona,2019,405.0,4
Tarragona,2020,356.0,4
Tarragona,2021,820.0,4
Tarragona,2022,782.0,4
Tarragona,2023,714.0,4
Tarragona,2024,648.0,4
Tarragona,2025,1091.0,4
Teruel,2015,49.0,4
Teruel,2016,47.0,4
Teruel,2017,52.0,4
Teruel,2018,74.0,4
Teruel,2019,62.0,4
Teruel,2020,67.0,4
Teruel,2021,74.0,4
Teruel,2022,109.0,4
Teruel,2023,58.0,4
Teruel,2024,44.0,4
Teruel,2025,110.0,4
Toledo,2015,1023.0,4
Toledo,2016,705.0,4
Toledo,2017,1167.0,4
Toledo,2018,1256.0,4
Toledo,2019,1114.0,4
Toledo,2020,1142.0,4
Toledo,2021,2389.0,4
Toledo,2022,1756.0,4
Toledo,2023,2012.0,4
Toledo,2024,1524.0,4
Toledo,2025,2072.0,4
Valencia/València,2015,518.0,4
Valencia/València,2016,649.0,4
Valencia/València,2017,758.0,4
Valencia/València,2018,1076.0,4
Valencia/València,2019,889.0,4
Valencia/València,2020,748.0,4
Valencia/València,2021,1177.0,4
Valencia/València,2022,1105.0,4
Valencia/València,2023,940.0,4
Valencia/València,2024,949.0,4
Valencia/València,2025,1721.0,4
Valladolid,2015,219.0,4
Valladolid,2016,208.0,4
Valladolid,2017,252.0,4
Valladolid,2018,228.0,4
Valladolid,2019,222.0,4
Valladolid,2020,226.0,4
Valladolid,2021,438.0,4
Valladolid,2022,374.0,4
Valladolid,2023,174.0,4
Valladolid,2024,257.0,4
Valladolid,2025,530.0,4
Vizcaya,2015,111.0,4
Vizcaya,2016,112.0,4
Vizcaya,2017,164.0,4
Vizcaya,2018,147.0,4
Vizcaya,2019,87.0,4
Vizcaya,2020,117.0,4
Vizcaya,2021,144.0,4
Vizcaya,2022,163.0,4
Vizcaya,2023,146.0,4
Vizcaya,2024,96.0,4
Vizcaya,2025,128.0,4
Zamora,2015,76.0,4
Zamora,2016,86.0,4
Zamora,2017,98.0,4
Zamora,2018,80.0,4
Zamora,2019,84.0,4
Zamora,2020,125.0,4
Zamora,2021,178.0,4
Zamora,2022,79.0,4
Zamora,2023,67.0,4
Zamora,2024,87.0,4
Zamora,2025,141.0,4
Zaragoza,2015,143.0,4
Zaragoza,2016,188.0,4
Zaragoza,2017,182.0,4
Zaragoza,2018,201.0,4
Zaragoza,2019,187.0,4
Zaragoza,2020,171.0,4
Zaragoza,2021,375.0,4
Zaragoza,2022,268.0,4
Zaragoza,2023,313.0,4
Zaragoza,2024,664.0,4
Zaragoza,2025,452.0,4
Álava,2015,94.0,4
Álava,2016,48.0,4
Álava,2017,54.0,4
Álava,2018,72.0,4
Álava,2019,80.0,4
Álava,2020,85.0,4
Álava,2021,156.0,4
Álava,2022,113.0,4
Álava,2023,80.0,4
Álava,2024,60.0,4
Álava,2025,99.0,4
